loc,t,aDotS,bDotS,gDotS,aS,bS,gS,xS,yS,zS,aDotE,bDotE,gDotE,aE,bE,gE,xE,yE,zE,aDotSH,bDotSH,gDotSH,aSH,bSH,gSH,xSH,ySH,zSH,aDotUB,bDotUB,gDotUB,aUB,bUB,gUB,xUB,yUB,zUB,xHand,yHand,zHand,aHand,bHand,gHand
1,0,0.000472705,0.04589388,-0.01476676,4.68062,1.503927,-2.846568,0.4771594,1.19956,0.4576857,-0.001919639,0.009604048,0.04845278,4.64052,-4.658484,1.754145,0.275692,1.124752,0.4843163,0.03311118,-0.02342672,0.02892396,-0.5400379,1.4238,0.3686087,0.4680769,1.435678,0.4023967,0.001739159,-0.04009801,0.01687016,-0.9490126,0.1750762,0.09105135,0.5586642,1.49864,0.2131944,0.07179052,1.15932,0.4029988,279.5667,245.6947,13.07278
1,0.01111111,-0.00608034,0.04325152,-0.01373671,4.680769,1.503499,-2.846283,0.4772187,1.19962,0.4574947,-0.006193548,0.009163879,0.04700879,4.640571,-4.658885,1.754438,0.275689,1.124744,0.4841681,0.02445431,-0.01384,0.02161379,-0.5399005,1.424282,0.3682521,0.4680749,1.435709,0.4023547,-0.003805449,-0.03367085,-0.002233071,-0.9497375,0.1749154,0.09140821,0.5585958,1.498641,0.2131536,0.07179327,1.159391,0.403089,279.5424,246.2464,12.51458
1,0.02222222,-0.008147059,0.03956291,-0.00983948,4.680676,1.503145,-2.846051,0.4772424,1.199547,0.4575195,-0.009329194,0.008685473,0.04457684,4.640409,-4.659165,1.754655,0.2757494,1.124928,0.4845421,0.01360358,-0.008476134,0.004706293,-0.5404161,1.424844,0.3679967,0.468028,1.435703,0.4022715,-0.0006928742,-0.01128445,-0.009681173,-0.9500422,0.1757774,0.09080314,0.5585281,1.498682,0.2130802,0.07184383,1.159473,0.4032196,279.4987,246.8736,11.88784
1,0.03333334,-0.006912359,0.0316507,-0.01233218,4.680771,1.503192,-2.846121,0.4772094,1.199558,0.4575164,-0.005325465,0.008520782,0.03197774,4.640613,-4.659305,1.754653,0.275728,1.12486,0.4844108,0.0006974963,0.003193172,-0.0004257563,-0.5404673,1.425683,0.3676901,0.467963,1.43564,0.4021449,0.01226168,0.01318592,0.005137242,-0.9493163,0.1769852,0.08944759,0.5585065,1.49865,0.2129765,0.07182831,1.159488,0.4033202,279.4639,247.0926,11.73913
1,0.04444445,-0.005868968,0.02960167,-0.01113292,4.680925,1.502872,-2.846042,0.4771692,1.19957,0.4573138,-0.003930217,0.009766158,0.0289892,4.64053,-4.659703,1.754627,0.2757791,1.125054,0.4845891,-0.006765921,0.02225339,0.01148448,-0.5395256,1.426928,0.3669958,0.4679419,1.435586,0.4020295,0.006088965,0.01207586,0.02437774,-0.9484038,0.1768099,0.08969153,0.55858,1.498616,0.2127545,0.07181378,1.15948,0.4033303,279.4449,246.7822,12.13941
1,0.05555556,-0.005933914,0.02039978,-0.02520245,4.68138,1.502804,-2.845959,0.4771114,1.199557,0.457294,-0.003728267,0.01693972,0.02220305,4.641313,-4.659829,1.754593,0.2757031,1.124992,0.484508,-0.008848169,0.02114938,0.0157597,-0.5391111,1.427055,0.3670752,0.4679436,1.435549,0.4019096,-0.006792277,-0.02093036,0.01593312,-0.9486153,0.1751325,0.09119543,0.5586225,1.498571,0.2125907,0.07176395,1.159488,0.4034212,279.4205,246.5168,12.45709
1,0.06666667,-0.007368884,0.01813924,-0.02697486,4.68179,1.502852,-2.845549,0.4770952,1.199552,0.4572105,-0.007812023,0.02365137,0.01398296,4.641723,-4.660109,1.754695,0.2756852,1.124963,0.4845042,-0.004532412,0.01159025,0.01565606,-0.5391389,1.426594,0.3673953,0.4679564,1.435553,0.4017332,-0.004688228,-0.03370909,0.01375018,-0.9486883,0.1741702,0.09172166,0.5586812,1.498585,0.2124424,0.07178804,1.15964,0.4036643,279.4119,246.2676,12.75192
1,0.07777778,-0.007183612,0.02224399,-0.02853163,4.681998,1.502757,-2.845564,0.477051,1.199539,0.4571786,-0.005665157,0.02256116,0.01188674,4.641984,-4.660597,1.754716,0.275649,1.124909,0.4843946,-0.004591185,0.004197541,0.004958481,-0.5395463,1.426458,0.3675753,0.4679857,1.435529,0.4016502,-0.003622017,-0.0198603,0.01376625,-0.9485338,0.1744916,0.09152752,0.5586861,1.498574,0.2123272,0.07175298,1.159626,0.4037474,279.4152,246.104,12.94214
1,0.08888889,-0.007168401,0.01932914,-0.02603861,4.682225,1.502295,-2.845404,0.4770192,1.19954,0.4570296,-0.005946671,0.0230925,0.01728861,4.642043,-4.660814,1.754755,0.2756172,1.125035,0.4846561,-0.006716268,-0.003246547,0.0006763722,-0.5396954,1.425997,0.3680931,0.4679923,1.435507,0.4015028,0.0007997733,-0.0017831,0.02759802,-0.9477274,0.175155,0.09093017,0.5586401,1.49855,0.2121747,0.0717047,1.159704,0.404035,279.4786,246.2466,12.78509
1,0.1,-0.009871446,0.02006461,-0.02150588,4.682231,1.50222,-2.845115,0.4770059,1.199545,0.4570024,-0.01059504,0.01852783,0.0143425,4.642062,-4.66109,1.754974,0.2755641,1.125075,0.484658,-0.008860162,-0.001126715,0.0007053688,-0.5397077,1.426262,0.3680345,0.4680409,1.435536,0.4014587,-0.006659985,0.001419056,0.02662021,-0.9475341,0.1753007,0.09106892,0.5585903,1.498559,0.2121553,0.07167823,1.159815,0.4042443,279.5106,246.5213,12.50937
1,0.1111111,-0.006456754,0.01710911,-0.01724052,4.682224,1.502191,-2.845257,0.4770311,1.199575,0.4569933,-0.003625623,0.01261685,0.01212361,4.642081,-4.661172,1.754923,0.2755919,1.125032,0.4845028,-0.003517102,-0.002165566,0.00171217,-0.5396805,1.426132,0.3680046,0.468071,1.435567,0.4014106,-0.009916074,-0.002831138,0.02132148,-0.9474995,0.1750656,0.0914423,0.5585999,1.498522,0.2120552,0.07163808,1.159749,0.4042255,279.5275,247.0237,11.96206
1,0.1222222,-0.002244413,0.01182534,-0.01386736,4.68225,1.502182,-2.845215,0.4770691,1.199644,0.4569371,-0.002875284,0.008496004,0.009621594,4.642052,-4.661088,1.754776,0.2756155,1.12521,0.4848497,0.001892783,-0.004308118,0.009104309,-0.5394052,1.425668,0.3682473,0.4680084,1.435645,0.4013255,-0.01426307,-0.00707586,0.01390501,-0.9476379,0.1748,0.09192939,0.5586327,1.498536,0.2119906,0.07160181,1.159652,0.4039265,279.541,247.4292,11.54213
1,0.1333333,-0.001397252,0.005643907,-0.01111315,4.682455,1.502313,-2.845368,0.4770973,1.199669,0.4569373,0.001936911,0.009689959,0.003656995,4.642114,-4.660946,1.754756,0.2756385,1.125174,0.4846864,0.00302663,-9.593554E-05,0.01870705,-0.5388448,1.425565,0.3682356,0.468016,1.435671,0.4012387,-0.01637787,-0.001752809,0.01500582,-0.9473844,0.174975,0.09201808,0.558685,1.498561,0.2120068,0.07162779,1.159635,0.4038841,279.5708,247.724,11.24242
1,0.1444445,0.003609862,-0.01095452,-0.01196001,4.682699,1.502791,-2.845394,0.4770407,1.199641,0.4568751,0.002810699,0.01084757,-0.007969989,4.642425,-4.660269,1.75446,0.2756563,1.125335,0.4849463,-0.004499749,0.01157875,0.01884607,-0.5385391,1.426514,0.3677274,0.4679509,1.435614,0.4012663,-0.01435088,0.004660567,0.005412861,-0.9475426,0.1754083,0.09178744,0.5587259,1.498556,0.2120028,0.07162553,1.159506,0.4035484,279.5505,248.0137,10.95821
1,0.1555556,0.003733802,-0.02276435,-0.01173556,4.683005,1.503406,-2.845582,0.4770556,1.199668,0.4568954,0.007981385,0.01161712,-0.02039137,4.642735,-4.659678,1.754402,0.2756964,1.125262,0.4847579,-0.006735701,0.01693677,0.01144263,-0.5385125,1.427289,0.3672238,0.4679559,1.435593,0.4012177,-0.01439908,0.0004069488,0.001144061,-0.9477029,0.1752305,0.09204976,0.5588214,1.498557,0.2119968,0.07166832,1.15947,0.4034295,279.5085,248.3361,10.62323
1,0.1666667,0.005642999,-0.0319452,-0.006593055,4.683366,1.503924,-2.845734,0.4769799,1.199697,0.456841,0.0104644,0.01095773,-0.02671655,4.642697,-4.659119,1.754265,0.2756671,1.125273,0.4847312,-0.007928031,0.01382792,-0.003483037,-0.5390318,1.427847,0.3668433,0.4679093,1.435501,0.4011898,-0.01551135,0.0004188269,-0.003103938,-0.9478403,0.1752911,0.09221195,0.5587049,1.498435,0.2118986,0.07169653,1.159373,0.4030942,279.4152,249.1054,9.80266
1,0.1777778,0.006807057,-0.03797697,-0.01142605,4.683785,1.504568,-2.845864,0.4770187,1.199667,0.4568388,0.0114113,0.01401328,-0.03600131,4.64309,-4.658661,1.754071,0.275667,1.125398,0.4848936,-0.008990471,0.01169317,-0.004551077,-0.5391058,1.42788,0.3669751,0.4680097,1.435392,0.4011214,-0.01448233,-0.001705323,-0.006315964,-0.9480321,0.1751703,0.09240104,0.5587499,1.49844,0.2118556,0.07174353,1.159332,0.4029297,279.3773,249.5955,9.265703
1,0.1888889,0.005366513,-0.03320969,-0.008539733,4.683798,1.504838,-2.845676,0.4770367,1.199598,0.4567697,0.007455249,0.009760967,-0.0324297,4.643096,-4.658539,1.753977,0.2757008,1.125434,0.4849057,-0.008942281,0.01060424,-0.0002958868,-0.5388837,1.427979,0.3669825,0.4680414,1.435421,0.4010072,-0.01554506,0.003618885,-0.006292408,-0.9480613,0.1754321,0.09243219,0.5586911,1.498392,0.2117441,0.07166731,1.159244,0.4026508,279.4553,248.8625,10.02633
1,0.2,0.002718432,-0.02553624,-0.009102631,4.683544,1.504569,-2.84563,0.4770851,1.199477,0.4566107,0.003695824,0.002424384,-0.02055302,4.643159,-4.658599,1.754056,0.2756971,1.125426,0.4847794,-0.0003760781,0.003202385,-0.0004240511,-0.5389588,1.427686,0.3669477,0.468083,1.435373,0.4008749,-0.01874018,0.0004227664,-0.006264257,-0.9481482,0.1753146,0.09281516,0.5587999,1.498346,0.2117105,0.07161912,1.159067,0.4019877,279.5457,247.5826,11.30237
1,0.2111111,0.00591001,-0.01072845,-0.0003273517,4.683075,1.504297,-2.845626,0.4771342,1.199408,0.4565494,0.003098174,-0.003504579,-0.005092916,4.642747,-4.658993,1.753925,0.2756872,1.125323,0.4846611,0.003862611,5.849788E-05,-0.004745932,-0.5391612,1.427628,0.3667943,0.4680928,1.435331,0.4008062,-0.02090786,0.006820047,-0.009423926,-0.9483532,0.1756714,0.09292435,0.5589091,1.498268,0.2116156,0.07158491,1.159074,0.4018165,279.6459,246.2772,12.56469
1,0.2222222,0.002509832,-0.001680937,0.001207518,4.683088,1.504135,-2.845546,0.4772572,1.199345,0.456394,0.003005742,-0.00182074,-0.0006323472,4.642559,-4.6593,1.754032,0.2757873,1.125403,0.4849675,-0.005831921,0.002187742,-0.01422492,-0.5395463,1.428148,0.3667668,0.4681098,1.43518,0.4007838,-0.01876724,0.01214251,-0.008376373,-0.9484635,0.1760681,0.09282981,0.5590321,1.498231,0.211601,0.07166751,1.158901,0.4014626,279.6436,245.7206,13.06686
1,0.2333333,0.001279113,0.003302746,0.006178489,4.682577,1.50387,-2.845689,0.4772831,1.199284,0.456301,0.003563185,-0.01133494,0.007047233,4.642247,-4.659439,1.754088,0.2757696,1.125314,0.4847457,-0.009079404,0.01069053,-0.0141417,-0.5395426,1.428986,0.366232,0.4680902,1.43519,0.4006526,-0.01766556,0.01746243,-0.005181888,-0.9483831,0.1765503,0.09269878,0.5590903,1.498198,0.2115421,0.07167596,1.158896,0.4012704,279.5877,245.7469,12.97596
1,0.2444444,0.002463123,0.0004326838,0.009624707,4.682252,1.504072,-2.845449,0.477351,1.199218,0.456229,0.0004350996,-0.0136054,0.001221456,4.641976,-4.659331,1.754057,0.2758557,1.125398,0.4849892,-0.01659182,0.01492562,-0.01723983,-0.5397056,1.42975,0.3659868,0.4682589,1.435245,0.4005876,-0.01446745,0.01745833,-0.005219767,-0.9484528,0.1766861,0.09263566,0.5592513,1.498301,0.2115338,0.07175864,1.158775,0.4009678,279.543,245.9386,12.75243
1,0.2555556,0.005055235,-0.01119792,0.01279866,4.682106,1.504443,-2.845504,0.4773411,1.199174,0.456176,0.001808796,-0.01509262,-0.006341136,4.641887,-4.658732,1.753952,0.275798,1.125339,0.4847288,-0.01541836,0.01592694,-0.005526258,-0.5392827,1.429903,0.3659809,0.4682887,1.435224,0.4004955,-0.01341456,0.01319925,-0.006305666,-0.9485743,0.1767339,0.09274139,0.5593131,1.498271,0.2114632,0.07176115,1.158738,0.400746,279.4872,246.4968,12.20955
1,0.2666667,0.001494428,-0.0240435,0.02001958,4.682258,1.505451,-2.845461,0.4772198,1.19911,0.4560232,0.001955635,-0.01516179,-0.02566269,4.641669,-4.658006,1.75412,0.2757765,1.125243,0.4845283,-0.01426316,0.006325724,-0.002394343,-0.5392688,1.429311,0.3666009,0.4682741,1.435231,0.4003153,-0.01450231,0.01107104,-0.008428492,-0.9487373,0.1767579,0.09288999,0.5593462,1.498186,0.2113214,0.07176647,1.158579,0.400317,279.4493,247.1317,11.62559
1,0.2777778,-0.003340567,-0.03705559,0.02524312,4.682055,1.506268,-2.845494,0.4771203,1.199121,0.4559591,0.001118866,-0.0192532,-0.03686421,4.641505,-4.657108,1.75435,0.2756931,1.125261,0.4843223,-0.01314715,0.003117285,0.0007715255,-0.5391809,1.429094,0.3668952,0.4683144,1.435196,0.4002008,-0.0155798,0.00787737,-0.009488193,-0.9488827,0.1767465,0.09310891,0.5594227,1.498157,0.2112486,0.07180203,1.158675,0.4002157,279.4607,247.5649,11.25113
1,0.2888889,-0.00663161,-0.04295858,0.01872003,4.682195,1.507115,-2.845063,0.477035,1.199005,0.4558496,-0.005529805,-0.0164791,-0.04568455,4.641759,-4.656562,1.754479,0.2756246,1.125281,0.4840813,-0.007848142,-0.001079519,-0.004633321,-0.5394558,1.428956,0.3669104,0.4682469,1.435073,0.400142,-0.0156048,0.003620053,-0.01162837,-0.9490893,0.1766468,0.09335764,0.5593859,1.497986,0.211241,0.07179479,1.158735,0.399967,279.456,248.0063,10.86299
1,0.3,-0.01229223,-0.04780016,0.01991176,4.682269,1.507773,-2.844616,0.4769572,1.198981,0.4557846,-0.01447618,-0.01284231,-0.05028573,4.641699,-4.655778,1.754846,0.2755085,1.12547,0.4843118,-0.007922869,0.006398484,-0.00778478,-0.5395154,1.429767,0.3662808,0.4682741,1.435046,0.4000874,-0.01775127,0.01747177,-0.01263921,-0.9491858,0.1775049,0.09320664,0.5593922,1.498017,0.2112138,0.07171501,1.158766,0.3995726,279.4312,248.3886,10.47207
1,0.3111111,-0.01862762,-0.05020171,0.02304215,4.6823,1.50821,-2.8442,0.4769306,1.19896,0.4557045,-0.01873866,-0.01150328,-0.04833046,4.641601,-4.655034,1.755326,0.275373,1.125498,0.4840946,-0.01337509,0.02872966,-0.006531691,-0.5391421,1.431705,0.3649545,0.4682439,1.435016,0.4000254,-0.01666143,0.02492443,-0.01050561,-0.9491804,0.1781287,0.09299199,0.5594258,1.497992,0.2111707,0.07165918,1.158931,0.3992836,279.3849,248.6196,10.19829
1,0.3222222,-0.02592235,-0.0524404,0.02733019,4.682392,1.508739,-2.844119,0.4766894,1.199037,0.4556596,-0.01945596,-0.009185053,-0.04922734,4.641418,-4.654106,1.755933,0.2751683,1.125794,0.4843967,-0.01452093,0.04363013,-0.005368216,-0.5388363,1.433418,0.363677,0.4682227,1.434974,0.3999858,-0.01557308,0.02917984,-0.008378079,-0.9491666,0.1786373,0.0928575,0.5594854,1.498056,0.2111552,0.07158491,1.15913,0.3989195,279.3412,248.6985,10.08472
1,0.3333333,-0.04172508,-0.06805599,0.02221067,4.682846,1.50986,-2.843087,0.4765105,1.198991,0.4555209,-0.03519541,-0.00298693,-0.06055518,4.641853,-4.652833,1.756893,0.2749149,1.125925,0.4841981,-0.01562786,0.0436492,-0.009618729,-0.5388965,1.434463,0.3629963,0.4682211,1.43495,0.3999448,-0.01444783,0.02810365,-0.003066131,-0.9490228,0.1789598,0.09277095,0.5595096,1.498051,0.2111261,0.07148133,1.159517,0.3985017,279.2665,248.4352,10.2921
1,0.3444445,-0.05478952,-0.08125783,0.02083361,4.683213,1.511122,-2.841931,0.4762868,1.198991,0.4554906,-0.05184843,0.0008107722,-0.07861771,4.642211,-4.651512,1.757867,0.2747166,1.126179,0.4841099,-0.01563522,0.04153349,-0.01175661,-0.5388821,1.435222,0.3625084,0.4682262,1.434932,0.3998721,-0.01230802,0.02703324,-0.002021348,-0.9489141,0.1792117,0.09272674,0.5595312,1.498044,0.2110152,0.07137451,1.160037,0.3980433,279.1431,248.3023,10.36834
1,0.3555556,-0.07280735,-0.09975114,0.01734791,4.683644,1.51268,-2.84065,0.4760839,1.199019,0.4554458,-0.06433884,0.004938111,-0.09419197,4.642838,-4.649803,1.759274,0.2743713,1.126427,0.4838717,-0.01558566,0.04362555,-0.00535231,-0.5385556,1.436157,0.3618799,0.4683185,1.434946,0.399838,-0.009100474,0.02490032,-0.0009965108,-0.9488715,0.1794656,0.09254831,0.5595695,1.498037,0.2109394,0.07116085,1.160459,0.3971936,279.0042,248.3967,10.17953
1,0.3666667,-0.09343331,-0.1223101,0.02325954,4.683738,1.514608,-2.838938,0.4758416,1.199024,0.4553955,-0.08357359,0.002975821,-0.1162457,4.643182,-4.647645,1.760987,0.2739995,1.126865,0.4839039,-0.01001442,0.03076962,0.01155872,-0.5380134,1.43546,0.3624006,0.468502,1.434898,0.3996873,-0.0005956627,0.009986856,-0.003253032,-0.9489908,0.1789563,0.09246309,0.5596417,1.497976,0.2107122,0.07094998,1.161155,0.3965491,278.9,248.1407,10.35744
1,0.3777778,-0.1074702,-0.1382181,0.02552173,4.684305,1.51665,-2.837191,0.4755113,1.199067,0.4554355,-0.09847163,0.01021381,-0.1381566,4.643667,-4.645469,1.762685,0.2735619,1.127178,0.4836438,0.005112319,0.01799508,0.02518354,-0.5374067,1.434508,0.3626477,0.4686432,1.434871,0.3996153,0.0004808116,-0.0006683163,-0.002221501,-0.9490126,0.1784965,0.09268706,0.5597109,1.497973,0.2106116,0.07081186,1.161954,0.3963094,278.821,247.8498,10.58966
1,0.3888889,-0.1426086,-0.1853161,0.01535928,4.685606,1.5193,-2.834482,0.4751685,1.199203,0.455411,-0.1246212,0.02629852,-0.1697221,4.645297,-4.6419,1.765386,0.2729293,1.127703,0.4835572,0.02969656,0.005355382,0.02593168,-0.5373098,1.433622,0.3622871,0.4687477,1.434814,0.3995471,0.007814163,-0.01768674,-0.01299114,-0.9495741,0.1776864,0.09284339,0.5597053,1.49796,0.2106516,0.07050276,1.162875,0.3955311,278.7201,247.2372,11.12982
1,0.4,-0.1646542,-0.2072555,0.007355534,4.686979,1.522273,-2.831449,0.4746675,1.199307,0.4554818,-0.1545138,0.04525525,-0.2044911,4.646781,-4.639101,1.7678,0.2722942,1.128008,0.4828479,0.04242464,-0.004083943,0.01403075,-0.5377311,1.433155,0.3617971,0.4689087,1.434762,0.3995368,0.00890469,-0.01129957,-0.0108582,-0.9495911,0.1777954,0.09263859,0.5597507,1.497956,0.2106073,0.0701812,1.164026,0.3948447,278.6007,246.5701,11.68354
1,0.4111111,-0.1939661,-0.2374847,-0.002103306,4.688126,1.52476,-2.828811,0.4741752,1.199412,0.4555018,-0.1656354,0.05334032,-0.2174152,4.648668,-4.635555,1.770849,0.2714261,1.128616,0.4825571,0.04440412,-0.005040377,-0.001977956,-0.5383298,1.433438,0.3610506,0.469041,1.434698,0.3996177,0.01537489,-0.00279448,-0.004525481,-0.9494265,0.1780624,0.09203112,0.559734,1.497832,0.2105906,0.06966411,1.165251,0.3938779,278.4071,246.0982,11.98082
1,0.4222222,-0.2237192,-0.2627436,0.001934893,4.689499,1.5282,-2.825346,0.4734826,1.199574,0.4555867,-0.1957317,0.06227206,-0.2489938,4.649981,-4.631885,1.774104,0.2704939,1.129391,0.4823434,0.0326349,-0.006146155,-0.00719169,-0.5385029,1.433363,0.3612642,0.4691453,1.434771,0.3996155,0.02180014,-0.008122869,-0.001416386,-0.9494318,0.177757,0.09177812,0.5598807,1.497794,0.2106032,0.06916156,1.166357,0.3928107,278.1845,246.0435,11.82737
1,0.4333333,-0.2588011,-0.296514,0.01291579,4.690476,1.532298,-2.821345,0.4726277,1.199804,0.4557233,-0.225786,0.06087202,-0.2847658,4.651402,-4.627367,1.778118,0.2692302,1.130271,0.4818864,0.008110054,0.001146884,-0.00477699,-0.538456,1.433843,0.3616605,0.4692729,1.434913,0.3996792,0.03142207,-0.02410929,0.00163862,-0.9493951,0.1767572,0.09166601,0.5599275,1.497755,0.2105544,0.06833318,1.167922,0.391613,277.864,247.0744,10.46339
1,0.4444444,-0.2868459,-0.321383,0.02217542,4.691271,1.537064,-2.816478,0.471562,1.200055,0.4558883,-0.2718188,0.05497558,-0.3318163,4.652699,-4.622848,1.782277,0.2680568,1.131039,0.4816084,0.002855085,0.007433318,0.007034048,-0.5378563,1.433955,0.3616903,0.4694782,1.435034,0.3996782,0.03893263,-0.02731309,0.006878586,-0.9491006,0.1762934,0.09139303,0.5600154,1.497766,0.2104313,0.06743511,1.169583,0.3899482,277.6395,248.2643,9.0337
1,0.4555556,-0.3379287,-0.3698856,0.03547119,4.692088,1.54198,-2.811769,0.4704182,1.200377,0.4560204,-0.3036672,0.04734159,-0.3683046,4.654422,-4.616915,1.787745,0.2663584,1.132228,0.4809883,-0.01831129,0.00509462,0.02001161,-0.537231,1.433477,0.3630392,0.469666,1.435254,0.3996089,0.04638907,-0.02944404,0.006790115,-0.9490547,0.1758123,0.09092298,0.5601192,1.49778,0.2103157,0.06650074,1.171402,0.3885978,277.4056,249.4566,7.643599
1,0.4666667,-0.3907198,-0.4210861,0.04396088,4.693185,1.548133,-2.805612,0.4690239,1.200826,0.456094,-0.3509788,0.04379338,-0.4258804,4.656526,-4.610528,1.793671,0.2645561,1.133569,0.4802048,-0.05432207,0.001558095,0.03951956,-0.5363281,1.432471,0.3656776,0.4699269,1.435408,0.3996017,0.05803578,-0.06565133,0.0001970814,-0.9493994,0.1735153,0.09116879,0.5602747,1.497865,0.2102299,0.06537241,1.17358,0.3868313,277.1731,249.9664,6.991387
1,0.4777778,-0.4254797,-0.4499776,0.0522366,4.694224,1.554774,-2.798881,0.4674694,1.201269,0.4561996,-0.4050516,0.03866872,-0.4819459,4.658411,-4.604472,1.799461,0.262704,1.134935,0.4795003,-0.07006199,-0.001870744,0.0620257,-0.53502,1.431209,0.3680739,0.4702645,1.435683,0.3996119,0.05587604,-0.09653892,-0.001973577,-0.9497088,0.1709809,0.09216109,0.5604527,1.497863,0.2101245,0.06406789,1.176096,0.3851141,276.9268,249.4238,7.389639
1,0.4888889,-0.4847414,-0.4892757,0.05902027,4.69506,1.560981,-2.791965,0.4659005,1.201738,0.456208,-0.444824,0.03259921,-0.5142966,4.660795,-4.597683,1.806639,0.2604839,1.136446,0.4784033,-0.08465081,-0.01595783,0.08658825,-0.5335696,1.428847,0.3714716,0.4706818,1.435849,0.399539,0.04206324,-0.1412859,0.001292746,-0.9497786,0.1672316,0.094359,0.5606102,1.497878,0.2100637,0.06247205,1.179012,0.3832011,276.6611,248.2045,8.446008
1,0.5,-0.5532579,-0.5404367,0.05983852,4.696837,1.568964,-2.782391,0.4637559,1.202172,0.4563015,-0.5338492,0.04476213,-0.5819303,4.663884,-4.589999,1.814894,0.2579403,1.138185,0.4775832,-0.06091825,-0.06269024,0.08714046,-0.5335745,1.424169,0.3753068,0.4710764,1.436088,0.3994861,0.0334802,-0.1380784,-0.003932409,-0.9501243,0.1655264,0.09528843,0.5607809,1.497924,0.2099273,0.06085733,1.182083,0.3810667,276.3688,246.6853,9.761112
1,0.5111111,-0.6287518,-0.5889173,0.06196834,4.698309,-4.707083,-2.773748,0.4618211,1.202621,0.4563997,-0.579911,0.04831707,-0.616904,4.667264,-4.581828,1.824201,0.2551129,1.140079,0.4766574,-0.04163511,-0.0838645,0.08469354,-0.533396,1.420484,0.378257,0.4714966,1.436236,0.3994367,0.04499159,-0.1178002,-0.02213368,-0.9510729,0.1650486,0.09467484,0.5609638,1.497868,0.209784,0.05903986,1.18557,0.3787887,275.9709,245.5013,10.65594
1,0.5222223,-0.6731827,-0.6126516,0.06440972,4.700169,-4.698903,-2.763832,0.4594253,1.20313,0.456435,-0.6451029,0.05451104,-0.6650159,4.670292,-4.574277,1.832703,0.2525867,1.14208,0.4760525,-0.04372539,-0.119992,0.06638566,-0.5342674,1.415722,0.3830166,0.4719594,1.436503,0.3993292,0.0661373,-0.1145747,-0.03728814,-0.9522175,0.1637341,0.09380026,0.5612372,1.497895,0.2096477,0.05739254,1.188939,0.3767127,275.5671,244.1565,11.71605
1,0.5333334,-0.7294661,-0.6423651,0.07237308,4.70185,-4.691309,-2.753574,0.4569262,1.203722,0.4565957,-0.6997712,0.05905098,-0.6963663,4.673622,-4.565993,1.842597,0.2494232,1.144225,0.474915,-0.06071598,-0.1424161,0.05789407,-0.5348821,1.411084,0.3883176,0.4723243,1.436722,0.3992653,0.06818458,-0.1156268,-0.04476941,-0.9530537,0.1621426,0.09385725,0.5615274,1.497906,0.2095213,0.0551662,1.192858,0.3742212,275.0094,241.6792,13.79954
1,0.5444446,-0.7837759,-0.6657329,0.08194336,4.703386,-4.683343,-2.743679,0.4544053,1.204312,0.4565284,-0.738084,0.0535084,-0.7176312,4.676919,-4.557743,1.852819,0.2460959,1.146318,0.4732718,-0.1097063,-0.150154,0.0551271,-0.5351174,1.407323,0.3946842,0.4725819,1.437047,0.3992724,0.05850304,-0.120931,-0.0531926,-0.9540311,0.1604396,0.09456059,0.5618319,1.497914,0.2093844,0.05320232,1.196344,0.3713334,274.5002,238.4647,16.68
1,0.5555557,-0.8325179,-0.6895299,0.1021569,4.704382,-4.674629,-2.73248,0.4515595,1.205069,0.4561327,-0.7899753,0.03820264,-0.7503285,4.679939,-4.54901,1.86355,0.2425725,1.148785,0.4717371,-0.161009,-0.1376281,0.04611615,-0.5353763,1.405234,0.4001128,0.4728259,1.437416,0.3992329,0.03186061,-0.1166663,-0.05394863,-0.9548034,0.1590472,0.09598059,0.5621789,1.497944,0.2092493,0.05080746,1.200696,0.3685769,273.9837,232.2041,22.65034
1,0.5666668,-0.8809439,-0.7264602,0.1132069,4.705802,-4.665329,-2.720854,0.4486825,1.205861,0.4557743,-0.8396423,0.03002816,-0.7895696,4.683476,-4.539726,1.874417,0.2390481,1.151649,0.4704716,-0.1865794,-0.1314185,0.04959712,-0.5353007,1.402327,0.4053922,0.473192,1.437684,0.3992219,0.02762542,-0.1102871,-0.05175908,-0.9554127,0.1577533,0.09648526,0.5626215,1.498018,0.2091715,0.04844156,1.205271,0.3651837,273.663,222.8585,32.01384
1,0.577778,-0.9256363,-0.7755629,0.1161881,4.707849,-4.65489,-2.708995,0.4454375,1.206705,0.4553638,-0.8839605,0.02463472,-0.8439228,4.687801,-4.529683,1.885677,0.2352565,1.154363,0.4684925,-0.2131513,-0.12419,0.06055412,-0.5347888,1.399481,0.4111628,0.4733951,1.438004,0.3991046,0.01906671,-0.1209331,-0.05488024,-0.9562889,0.155767,0.09771058,0.5630094,1.498051,0.2090907,0.04609475,1.209748,0.3618024,273.5068,213.4078,41.59349
1,0.5888891,-0.9472002,-0.808525,0.1230391,4.709814,-4.644828,-2.696928,0.4423681,1.207565,0.4550502,-0.918162,0.0243153,-0.8788913,4.692041,-4.519696,1.89659,0.2313313,1.156947,0.466645,-0.2440268,-0.1137689,0.06837872,-0.5341907,1.397127,0.4167421,0.4735708,1.438291,0.3990159,-0.006667525,-0.124099,-0.06951496,-0.9577473,0.1540532,0.09963125,0.5634244,1.498009,0.2090487,0.04367588,1.214333,0.3588085,273.3713,203.8949,51.17778
1,0.6000003,-0.8243783,-0.8558217,0.2122016,4.711643,-4.63759,-2.675467,0.4391575,1.208475,0.4545274,-1.158365,0.07075536,-0.8546805,4.693272,-4.50746,1.901338,0.2267245,1.159472,0.4647312,-0.2857751,-0.09797885,0.05823436,-0.5341028,1.395864,0.4223443,0.4737035,1.438552,0.3988833,-0.03468554,-0.10487,-0.09793018,-0.9598698,0.1535693,0.101158,0.5638362,1.498026,0.2090166,0.04103969,1.218976,0.3554127,273.1976,193.1926,61.98776
1,0.6111114,-0.8424385,-0.8471859,0.199314,4.710579,-4.627417,-2.659637,0.4352062,1.209473,0.4539316,-1.215802,-0.001798093,-0.8705058,4.69726,-4.498338,1.91095,0.2222859,1.162445,0.4625316,-0.3545158,-0.04817165,0.03257275,-0.5341268,1.398206,0.4265742,0.4736872,1.438807,0.3987789,-0.04316805,-0.06119893,-0.09454949,-0.9607721,0.1546028,0.1013378,0.5642607,1.498027,0.2090542,0.03793302,1.223467,0.3520569,272.946,178.0616,77.19646
1,0.6222225,-0.8788808,-0.8632235,0.2081475,4.712021,-4.616151,-2.647382,0.4312603,1.210497,0.4533904,-1.184801,-0.02238911,-0.91416,4.701358,-4.488293,1.921909,0.2176816,1.164968,0.46012,-0.3994865,-0.009040594,0.03431378,-0.5332202,1.400027,0.4310052,0.4736959,1.439043,0.3986654,-0.04196579,-0.03033649,-0.08278268,-0.9612243,0.1552803,0.101279,0.5646929,1.498041,0.2091188,0.03504344,1.227962,0.3487038,272.9782,161.9649,93.28616
1,0.6333337,-0.8126804,-0.8535424,0.2676363,-1.568992,-4.604687,-2.634787,0.4271766,1.211431,0.4527898,-1.16387,-0.01868522,-0.9627748,4.702348,-4.477742,1.928614,0.2128588,1.167527,0.4575846,-0.4421964,0.01092416,0.03698674,-0.5322934,1.400889,0.4366066,0.4736754,1.439229,0.3985362,-0.04830802,-0.01649599,-0.0784215,-0.9619157,0.1557562,0.1017442,0.565142,1.497996,0.2092068,0.03180025,1.232457,0.3455767,273.2381,149.2703,106.001
1,0.6444448,-0.7852829,-0.8400721,0.2776252,-1.567531,-4.595033,-2.620751,0.4232542,1.212353,0.4520731,-1.180879,-0.02206522,-0.9573323,4.704869,-4.468339,1.936083,0.2081047,1.170236,0.4552436,-0.4563226,-0.003847182,-0.0002554953,-0.5337955,1.400854,0.4420011,0.473539,1.43949,0.3983753,-0.06865771,-0.01114689,-0.0877653,-0.9631684,0.1558544,0.1031749,0.5655483,1.498005,0.2092717,0.02848587,1.236917,0.3424941,273.6742,142.048,113.3963
1,0.655556,-0.7619328,-0.8234321,0.2670837,-1.568035,-4.587276,-2.603495,0.4192517,1.213603,0.4510841,-1.263254,-0.03473777,-0.9055496,4.70849,-4.459825,1.943431,0.2031,1.173083,0.4525454,-0.4914325,-0.03486648,-0.01501362,-0.5349955,1.398849,0.4503182,0.4732764,1.43969,0.3983014,-0.09863445,0.01551256,-0.1012241,-0.9646326,0.157275,0.1043911,0.5660632,1.497892,0.209425,0.024835,1.241492,0.3395105,274.2565,136.4584,119.323
1,0.6666671,-0.720888,-0.7893788,0.286193,-1.5684,-4.580101,-2.586634,0.41508,1.214821,0.4499462,-1.328864,-0.03914118,-0.8550129,4.71039,-4.451466,1.949867,0.1979632,1.175894,0.4498985,-0.5243843,-0.05316553,-0.01906145,-0.5357795,1.39675,0.4589761,0.4730389,1.439874,0.3982584,-0.1136393,0.03257114,-0.1095442,-0.966018,0.1584902,0.1053685,0.5665339,1.497828,0.2095635,0.02103414,1.245832,0.336453,274.8154,134.5874,121.7241
1,0.6777782,-0.678805,-0.7466218,0.3241972,-1.568783,-4.571534,-2.570641,0.4106825,1.216027,0.4488246,-1.356169,-0.06091321,-0.838851,4.710846,-4.443057,1.955929,0.1927892,1.179142,0.4478014,-0.5756836,-0.03427297,-0.0237716,-0.5360059,1.397576,0.4664055,0.4725981,1.439998,0.398165,-0.1296245,0.06558807,-0.1103644,-0.9670955,0.1606541,0.1060303,0.5670717,1.497777,0.2098372,0.01733409,1.250363,0.3336831,275.1824,133.6337,123.2306
1,0.6888894,-0.6601107,-0.7332909,0.3419578,-1.568673,-4.562794,-2.555272,0.4063742,1.217135,0.4476438,-1.365104,-0.07302254,-0.8309621,4.712466,-4.434331,1.962435,0.1876601,1.182051,0.4450994,-0.6467331,0.01457,-0.06859005,-0.5372224,1.402912,0.4712322,0.4719358,1.440244,0.398035,-0.1498363,0.1124578,-0.1079103,-0.967879,0.1642453,0.1063504,0.5675555,1.497721,0.2101271,0.01349965,1.254584,0.3306846,275.4396,131.5904,125.755
1,0.7000005,-0.6312802,-0.732697,0.3376474,-1.567936,-4.553739,-2.539313,0.401586,1.21862,0.4463096,-1.387996,-0.06913549,-0.8370728,-1.567909,-4.425727,1.968088,0.1822019,1.185186,0.4420292,-0.7238587,0.0727331,-0.07494402,-0.5369732,1.408645,0.4768249,0.4711421,1.440578,0.3978834,-0.1755461,0.1572237,-0.120317,-0.9693592,0.1681539,0.1069219,0.5680568,1.497687,0.2103798,0.009519529,1.259044,0.3279808,275.4138,128.1522,129.7002
1,0.7111117,-0.5802872,-0.7281312,0.3304709,-1.567017,-4.544818,-2.522464,0.3969845,1.219994,0.4449406,-1.412774,-0.06066477,-0.8357673,-1.565206,-4.417237,1.972599,0.1766704,1.188279,0.4390821,-0.7740668,0.1414963,-0.04526927,-0.5347255,1.41483,0.4817445,0.4704911,1.440973,0.3976536,-0.1915592,0.175341,-0.1232955,-0.9705624,0.1714929,0.1077422,0.5685512,1.497609,0.210664,0.005293559,1.26287,0.3249002,275.235,122.5338,135.8185
1,0.7222228,-0.5154846,-0.7168646,0.3273087,-1.566361,-4.536574,-2.506137,0.3924372,1.221399,0.4437113,-1.427602,-0.05300879,-0.8211599,-1.562786,-4.409028,1.975935,0.1709988,1.191298,0.4361186,-0.7878461,0.1763879,-0.01615984,-0.5326018,1.419425,0.4868932,0.4698483,1.441266,0.3974493,-0.2245538,0.2051655,-0.1207344,-0.9714881,0.1756258,0.109041,0.569101,1.497499,0.2109792,0.0009116232,1.266582,0.3217048,275.0905,114.7991,143.8632
1,0.7333339,-0.446333,-0.6949328,0.3524845,-1.566772,-4.529421,-2.488897,0.3878444,1.222903,0.4423156,-1.455926,-0.05802745,-0.7783517,-1.561642,-4.400674,1.978441,0.1654226,1.194206,0.4331853,-0.7950948,0.2154809,0.02995834,-0.5292122,1.424092,0.491814,0.4691021,1.441467,0.3971851,-0.2545341,0.2211705,-0.1342128,-0.9730935,0.179386,0.1107433,0.5696333,1.497322,0.2112408,-0.003649708,1.27041,0.3189408,275.0605,106.9382,151.9967
1,0.7444451,-0.3327154,-0.6471658,0.3947598,-1.567129,-4.522035,-2.472209,0.3832096,1.224432,0.4410207,-1.465551,-0.06080782,-0.7571093,-1.562515,-4.392607,1.97835,0.1596791,1.197224,0.4305036,-0.8237816,0.1844863,0.0183407,-0.5288793,1.425839,0.5004093,0.4682648,1.441658,0.396832,-0.2813346,0.230787,-0.1488088,-0.9749753,0.1829692,0.112689,0.5701371,1.497257,0.211663,-0.008085489,1.2739,0.3159743,275.1455,99.17905,160.0304
1,0.7555562,-0.2536411,-0.5979539,0.396904,-1.568045,-4.514764,-2.455547,0.3784763,1.225931,0.4394708,-1.471935,-0.07629174,-0.7279648,-1.562299,-4.385993,1.978576,0.1539566,1.20035,0.4277411,-0.8717824,0.1630142,-0.002630457,-0.529095,1.42844,0.5093319,0.4673623,1.441873,0.3966043,-0.2995538,0.2627687,-0.1581303,-0.9766238,0.1880415,0.1138272,0.5706079,1.4972,0.2120714,-0.01282179,1.277362,0.3131142,275.374,91.2333,168.1405
1,0.7666674,-0.193782,-0.5704148,0.3844752,-1.568879,-4.508318,-2.438771,0.3737995,1.227387,0.4379215,-1.481,-0.08005178,-0.6862668,-1.561353,-4.379399,1.978618,0.1482783,1.203299,0.4247837,-0.8922058,0.1545125,-0.0269817,-0.5292239,1.432011,0.5167742,0.4664137,1.442058,0.396333,-0.3176861,0.2968659,-0.1599846,-0.9779287,0.1935921,0.1148454,0.5711026,1.497128,0.2125502,-0.01763494,1.280633,0.3103606,275.6221,86.66742,173.0118
1,0.7777785,-0.1335907,-0.5223094,0.3803969,-1.570168,-4.50277,-2.422108,0.3690218,1.229047,0.4364069,-1.488664,-0.08116353,-0.6365175,-1.561232,-4.37353,1.978246,0.1425889,1.206152,0.421514,-0.8933381,0.1534824,-0.0344346,-0.5289326,1.435421,0.5238358,0.4653538,1.442329,0.39607,-0.3336648,0.3256307,-0.1597478,-0.9791772,0.1993239,0.1159146,0.5715967,1.497014,0.2129862,-0.02266756,1.283844,0.3072856,275.8725,84.54042,175.4934
1,0.7888896,-0.09646408,-0.4933057,0.3688365,-1.570626,-4.497317,-2.405796,0.3644059,1.230564,0.4347808,-1.48148,-0.07415849,-0.5998136,-1.560665,-4.367676,1.978077,0.1370031,1.209161,0.4186304,-0.9092994,0.1523179,-0.03321678,-0.5282588,1.43874,0.5315427,0.4642915,1.442595,0.395848,-0.3571692,0.3522794,-0.1658164,-0.9806126,0.2053649,0.1172683,0.5720937,1.496942,0.2134657,-0.02760393,1.286965,0.3046269,276.0394,83.38005,177.123
1,0.8000008,-0.07113317,-0.4861365,0.3617494,4.71201,-4.491841,-2.389731,0.3596864,1.232299,0.4332964,-1.478953,-0.06185299,-0.5709108,-1.559462,-4.361306,1.978112,0.1313758,1.212098,0.4156713,-0.9304869,0.1499897,-0.02236991,-0.5273464,1.441314,0.5403383,0.4631659,1.442904,0.3955805,-0.3741761,0.3757104,-0.162381,-0.9817317,0.2115149,0.1185887,0.5725369,1.496879,0.2139738,-0.0324726,1.290123,0.3019629,276.1423,82.35934,178.6644
1,0.8111119,-0.01064061,-0.4807642,0.3541203,4.711606,-4.485846,-2.37316,0.3550555,1.234107,0.4317327,-1.486752,-0.05376464,-0.5634456,-1.558416,-4.355156,1.976061,0.1257884,1.215078,0.4127245,-0.9573081,0.1796666,-0.02299578,-0.5260276,1.446647,0.5471025,0.4619642,1.443232,0.3953505,-0.3869016,0.3959456,-0.1568666,-0.9826223,0.2177484,0.1198305,0.5728451,1.496756,0.2145171,-0.03726874,1.29301,0.2993961,276.0987,83.55042,178.254
1,0.8222231,0.06906187,-0.4651751,0.3600575,4.711102,-4.479716,-2.356428,0.3503273,1.235949,0.430217,-1.489129,-0.04850233,-0.5590189,-1.558167,-4.348681,1.972565,0.120057,1.218426,0.4102905,-0.9692875,0.2052217,-0.0333778,-0.5250102,1.452831,0.5530072,0.4608291,1.443575,0.3950608,-0.3964658,0.407662,-0.1545999,-0.9836151,0.2238858,0.121197,0.5732263,1.496709,0.2150154,-0.04202432,1.295763,0.296916,276.1193,84.16237,178.512
1,0.8333342,0.1224522,-0.4442576,0.3803819,4.710223,-4.473685,-2.340114,0.3456926,1.2379,0.4287298,-1.485912,-0.05146998,-0.5552038,-1.558605,-4.342246,1.969449,0.1145359,1.221384,0.4072862,-0.9714798,0.2084386,-0.0386644,-0.5242954,1.457512,0.5595387,0.4596131,1.443904,0.3948317,-0.4092112,0.4183114,-0.1512488,-0.9846734,0.2300403,0.1227467,0.5736502,1.49666,0.2155707,-0.04675312,1.298394,0.2943261,276.1956,83.77612,179.6714
1,0.8444453,0.1934375,-0.4462558,0.3826295,4.709984,-4.467544,-2.324174,0.3411645,1.239805,0.4273062,-1.46844,-0.03700209,-0.5548058,-1.558349,-4.335747,1.965083,0.1090745,1.224494,0.4047713,-0.9884368,0.1891838,-0.04180747,-0.5239871,1.460498,0.5684088,0.4582965,1.444314,0.3944058,-0.4210502,0.4108766,-0.1617854,-0.9863193,0.235433,0.1248429,0.5740582,1.496594,0.2160883,-0.05140559,1.300947,0.2922489,276.1752,82.36804,181.8875
1,0.8555565,0.2352072,-0.4756216,0.3463558,4.710866,-4.461849,-2.309016,0.3367356,1.241958,0.4258866,-1.440304,-0.009221137,-0.5551312,-1.555654,-4.329572,1.961026,0.1036361,1.227654,0.4024031,-1.020459,0.2229791,-0.02637395,-0.5218698,1.466198,0.5760263,0.456854,1.444665,0.3939586,-0.4393544,0.4066554,-0.1786315,-0.9883555,0.2410305,0.1273055,0.5743721,1.496641,0.2166607,-0.05620349,1.303381,0.2895755,276.1249,80.5704,184.4667
1,0.8666676,0.2765983,-0.4952501,0.3192433,4.711912,-4.456438,-2.293926,0.3320969,1.243942,0.424551,-1.414766,0.0234195,-0.5486539,-1.552973,-4.323499,1.956243,0.09818801,1.230508,0.3996851,-1.037677,0.2739338,-0.01204292,-0.5189191,1.47404,0.5812306,0.4553254,1.445048,0.3935413,-0.4500606,0.4215831,-0.1827355,-0.9897372,0.2476372,0.1291172,0.5746838,1.496621,0.2172949,-0.06111231,1.30523,0.2869352,276.0525,75.52988,190.0037
1,0.8777788,0.3531578,-0.4723197,0.3252515,-1.570588,-4.450768,-2.278107,0.3274398,1.245985,0.4231927,-1.406296,0.04019523,-0.5493876,-1.552688,-4.317585,1.949779,0.09262595,1.233582,0.3976657,-1.033493,0.3217692,0.009507984,-0.5154809,1.481821,0.5859157,0.4537573,1.445445,0.3931084,-0.4542951,0.4503405,-0.1805028,-0.9909137,0.2551788,0.1302235,0.574937,1.496609,0.2179458,-0.06614931,1.307527,0.28444,276.1371,70.84886,195.0494
1,0.8888899,0.417905,-0.4446508,0.3219312,-1.570405,-4.44561,-2.263016,0.322892,1.247922,0.4218721,-1.391737,0.04465538,-0.534018,-1.552333,-4.312258,1.942935,0.08732328,1.236216,0.395052,-1.010277,0.3422152,-0.001240984,-0.5133376,1.489541,0.5894843,0.452183,1.445868,0.3926442,-0.4680111,0.482283,-0.1685543,-0.99144,0.2630741,0.1315828,0.5750749,1.496621,0.2185738,-0.07091722,1.309314,0.281996,276.3229,65.29336,200.6585
1,0.900001,0.4637598,-0.411006,0.2984295,4.712397,-4.441266,-2.24903,0.3184813,1.249884,0.4204509,-1.352788,0.03845167,-0.4968441,-1.55166,-4.307847,1.936307,0.08188048,1.238812,0.3923616,-1.007352,0.3530088,-0.02251452,-0.5118244,1.497833,0.5934237,0.4506124,1.446315,0.3922129,-0.4848602,0.5152732,-0.1512546,-0.9916728,0.2713857,0.1330414,0.575229,1.496644,0.2192159,-0.076045,1.31103,0.2795463,276.4795,63.01316,203.1117
1,0.9111122,0.4979036,-0.3761192,0.2847732,4.711051,-4.43813,-2.235188,0.3141568,1.251698,0.4190555,-1.323209,0.02443826,-0.4345924,-1.551517,-4.303661,1.929568,0.07658392,1.241308,0.3898723,-1.027644,0.3497469,-0.02978951,-0.5101402,1.504944,0.5995457,0.4489869,1.446816,0.3917556,-0.4922309,0.5301766,-0.142611,-0.9920882,0.2793154,0.1345773,0.57539,1.49671,0.2197599,-0.08100857,1.312554,0.2772228,276.3545,65.49211,201.1557
1,0.9222233,0.5792172,-0.3037378,0.2819912,4.709445,-4.435469,-2.221024,0.3099766,1.25366,0.4175839,-1.313926,0.0118528,-0.3785901,-1.553568,-4.3005,1.920641,0.07145628,1.243607,0.3874722,-1.032867,0.3379771,-0.02661286,-0.5083793,1.510869,0.6060907,0.4474442,1.447278,0.3913012,-0.5007274,0.5205936,-0.1403937,-0.9927599,0.2860621,0.1366761,0.5755275,1.49668,0.2203667,-0.08609799,1.313878,0.2749414,276.078,72.61483,194.7926
1,0.9333345,0.6516329,-0.2280062,0.2852716,4.705703,-4.43419,-2.206861,0.3059429,1.255463,0.4162099,-1.309811,-0.02842826,-0.2970342,-1.556198,-4.297432,1.91141,0.06637862,1.245843,0.3849206,-1.019826,0.3432024,0.002046883,-0.5052597,1.516335,0.6120607,0.4458613,1.447585,0.3908176,-0.505049,0.5142129,-0.1456848,-0.9937809,0.2928863,0.1387448,0.5756591,1.49673,0.2209947,-0.0909961,1.315231,0.2727398,275.8768,78.89825,189.1723
1,0.9444456,0.7084419,-0.182157,0.2666797,4.702051,-4.432211,-2.194403,0.3019834,1.257293,0.414897,-1.268599,-0.07104671,-0.2444717,-1.55823,-4.294884,1.901925,0.06158349,1.247828,0.3827105,-0.9783923,0.3615735,0.001752108,-0.5025193,1.524392,0.6145428,0.4441828,1.447874,0.39024,-0.5008575,0.5248853,-0.151025,-0.9946752,0.3007424,0.1400125,0.575693,1.496816,0.2216032,-0.0958647,1.31622,0.2705974,275.5973,86.0409,182.6371
1,0.9555568,0.7861589,-0.1511701,0.2515911,4.700214,-4.430037,-2.183737,0.2979674,1.259254,0.4135468,-1.19649,-0.07209057,-0.2191691,-1.560275,-4.292205,1.891204,0.05677268,1.249651,0.38063,-0.9688003,0.3213024,-0.02415958,-0.5021699,1.529712,0.6202691,0.4425243,1.448268,0.3897431,-0.4998391,0.5387433,-0.1552663,-0.9956191,0.3087047,0.1412431,0.5757332,1.496897,0.2222497,-0.1006105,1.31718,0.2687823,275.3593,89.72491,179.3503
1,0.9666679,0.8402671,-0.1301292,0.235748,4.698516,-4.427741,-2.173518,0.2941525,1.26105,0.4122894,-1.128093,-0.07159483,-0.2076755,-1.562161,-4.289747,1.880328,0.05208567,1.251425,0.3784716,-0.978357,0.2946866,-0.03808352,-0.5015079,1.534628,0.6271185,0.4408569,1.448575,0.3891869,-0.504057,0.5525985,-0.1519913,-0.996215,0.3168841,0.1424924,0.575774,1.496935,0.2228734,-0.1052361,1.317695,0.2668464,275.2713,91.1595,178.1637
1,0.977779,0.9239005,-0.09926355,0.2145069,4.696651,-4.426093,-2.162862,0.2905368,1.262799,0.4109147,-1.086643,-0.07040071,-0.1816543,-1.564667,-4.288119,1.867852,0.0475547,1.252764,0.3760157,-0.9654382,0.2861996,-0.03081091,-0.4999547,1.539753,0.6327708,0.4392214,1.448952,0.388658,-0.5092837,0.5728209,-0.143368,-0.9964686,0.3253588,0.1436608,0.5757291,1.497049,0.2235253,-0.1095941,1.318166,0.2652547,275.3129,94.43507,175.2606
1,0.9888902,1.005436,-0.05764881,0.2018505,4.693917,-4.424946,-2.151724,0.2869086,1.264464,0.4096367,-1.071754,-0.08083647,-0.1518147,-1.567998,-4.286558,1.854385,0.0432812,1.254055,0.3740628,-0.9365784,0.2990556,-0.01290429,-0.497299,1.54571,0.6370491,0.4375698,1.449376,0.3879454,-0.5113639,0.5760293,-0.1390751,-0.9969442,0.3334616,0.1450152,0.5758128,1.49718,0.2241263,-0.1140689,1.31846,0.2634268,275.4114,98.32384,171.7785
1,1.000001,1.039181,-0.00830695,0.1817276,4.690098,-4.42468,-2.141853,0.2836486,1.265903,0.408344,-1.032342,-0.1125197,-0.1025906,4.711485,-4.285598,1.842508,0.03918377,1.255232,0.3724771,-0.9218295,0.3194206,-0.01826021,-0.4951466,1.553294,0.6399896,0.4359255,1.449644,0.3873138,-0.5134722,0.5813531,-0.1369059,-0.9973938,0.3415203,0.1464155,0.5757378,1.497268,0.2247632,-0.1183379,1.31823,0.2615696,275.562,102.2503,168.2312
1,1.011112,1.041452,0.03145182,0.1799797,4.686162,-4.424643,-2.13443,0.2803764,1.267242,0.407156,-0.9508287,-0.1444633,-0.06083785,4.70752,-4.284455,1.831378,0.03518417,1.256319,0.370651,-0.9210593,0.3472086,-0.03194627,-0.4929852,1.562487,0.6420021,0.4340663,1.450071,0.3865972,-0.5198122,0.574972,-0.133665,-0.998001,0.3491276,0.1481535,0.575513,1.497334,0.2253172,-0.1224542,1.318039,0.2601417,275.5946,107.3176,163.5511
1,1.022224,1.041958,0.07288682,0.1804536,4.68226,-4.424107,-2.126865,0.2771061,1.268688,0.4058893,-0.8975796,-0.1743436,-0.03809926,4.703158,-4.283333,1.820489,0.03124821,1.257151,0.368681,-0.9190304,0.37382,-0.02648528,-0.4901026,-4.711979,0.6443601,0.4323439,1.450355,0.3859882,-0.5251404,0.5856268,-0.1335808,-0.9984484,0.3574531,0.149663,0.57539,1.497404,0.2259512,-0.1264251,1.317804,0.2586256,275.5304,115.2339,156.1899
1,1.033335,1.038175,0.1020135,0.1713333,4.677113,-4.423785,-2.120693,0.274125,1.269825,0.4047062,-0.8298636,-0.2224796,-0.01434624,4.698981,-4.282621,1.809606,0.02753058,1.257923,0.3669767,-0.8959179,0.4049445,-0.04146177,-0.4877036,-4.701217,0.643882,0.4305516,1.450724,0.3853161,-0.5228912,0.5962872,-0.1250706,-0.9986337,0.3661029,0.1505898,0.5751619,1.49762,0.2263048,-0.1302565,1.317606,0.2572462,275.5755,123.9605,148.0732
1,1.044446,1.075054,0.1707832,0.1570756,4.67154,-4.424563,-2.114181,0.2715911,1.270731,0.4032574,-0.7804794,-0.2708822,0.034523,4.692995,-4.283165,1.796984,0.0241394,1.258048,0.3652956,-0.8640946,0.3808151,-0.0706812,-0.4871305,-4.693289,0.6454341,0.4288822,1.451125,0.3846786,-0.5076478,0.6292645,-0.09640878,-0.9974987,0.3758602,0.1503834,0.5750151,1.497666,0.2271652,-0.1338204,1.317208,0.2566511,275.7631,131.3419,141.1746
1,1.055557,1.122129,0.219778,0.1258979,4.666323,-4.42531,-2.106731,0.2688969,1.271674,0.4019213,-0.7615552,-0.2954022,0.06345455,4.687553,-4.284108,1.783625,0.02071548,1.25807,0.3636286,-0.8331152,0.3416888,-0.08720264,-0.4869372,-4.686959,0.6481018,0.4272307,1.451521,0.3840239,-0.496909,0.6260511,-0.08907959,-0.9972206,0.3841012,0.1510369,0.5748001,1.497842,0.2276742,-0.1374705,1.316364,0.2554665,276.0267,133.8065,138.9436
1,1.066668,1.15965,0.2597068,0.1122151,4.659805,-4.427579,-2.100578,0.2665306,1.272484,0.4006779,-0.728479,-0.3356341,0.1201543,4.681489,-4.284884,1.770156,0.01743418,1.258127,0.3621242,-0.8221902,0.3468849,-0.05531625,-0.4840801,-4.680566,0.6514428,0.425581,1.451872,0.3834901,-0.499071,0.5973208,-0.09337234,-0.9975551,0.3911598,0.1527477,0.5745658,1.497964,0.2284422,-0.1408635,1.31525,0.2547423,276.2713,133.3876,139.5568
1,1.077779,1.213055,0.3425036,0.135215,4.65334,-4.429341,-2.094804,0.2639428,1.273307,0.3993578,-0.6956226,-0.3722764,0.150184,4.672358,-4.285696,1.756083,0.01436946,1.257941,0.3608294,-0.7934382,0.3842127,-0.03299986,-0.4804151,-4.671412,0.6513261,0.4239246,1.452111,0.382827,-0.5042771,0.5248572,-0.08175085,-0.9976175,0.3952994,0.1563973,0.5741952,1.498054,0.2290359,-0.1439773,1.313876,0.2540455,276.497,133.0087,140.2807
1,1.08889,1.204924,0.3929192,0.1604247,4.646145,-4.430943,-2.091821,0.2617069,1.273976,0.3982704,-0.6140621,-0.4203324,0.1643789,4.6638,-4.285838,1.743854,0.01196441,1.257626,0.359375,-0.7614446,0.4056192,-0.01612844,-0.4768747,-4.662601,0.6509913,0.4222233,1.452384,0.3821893,-0.4925889,0.5248408,-0.08187772,-0.997512,0.4024152,0.157947,0.573809,1.497855,0.2298427,-0.1469692,1.312686,0.253013,276.6309,134.2801,139.42
1,1.100002,1.106822,0.3977324,0.1650699,4.639992,-4.43116,-2.091676,0.2594802,1.274585,0.397191,-0.482691,-0.4514684,0.1493499,4.657722,-4.286122,1.735474,0.009500533,1.257212,0.3576894,-0.7010592,0.4178782,-0.04434988,-0.4750222,-4.651789,0.6470025,0.4206232,1.452452,0.3815701,-0.4798228,0.5578684,-0.08408476,-0.9973773,0.4112665,0.1580599,0.5733278,1.498007,0.2304494,-0.1496361,1.311531,0.2524326,276.4677,136.3785,137.7375
1,1.111113,1.064152,0.3896995,0.1480206,4.634333,-4.4312,-2.092708,0.2575353,1.275111,0.3961151,-0.3558901,-0.4648562,0.1256447,4.652152,-4.286765,1.72564,0.007181197,1.256683,0.3562822,-0.6747281,0.3651602,-0.1088412,-0.4764432,-4.643469,0.6462957,0.4189337,1.452582,0.3809648,-0.4532595,0.5855699,-0.0885801,-0.9972894,0.4204303,0.1575049,0.5729568,1.498114,0.2310519,-0.1520194,1.310264,0.2515839,276.1125,138.7376,135.6709
1,1.122224,1.055099,0.3817386,0.1613372,4.632493,-4.431467,-2.091089,0.2557981,1.275276,0.3948166,-0.3022718,-0.386705,0.1010374,4.64585,-4.286466,1.714566,0.005134732,1.25621,0.355144,-0.6662055,0.3121547,-0.1433241,-0.4774371,-4.637246,0.6479407,0.4172742,1.452751,0.3803792,-0.4395366,0.5770679,-0.1004689,-0.9978135,0.4278767,0.15784,0.5724739,1.498267,0.2316408,-0.1546423,1.308951,0.2501108,275.8846,141.508,133.1812
1,1.133335,1.010652,0.3349593,0.1124979,4.628158,-4.43187,-2.087653,0.2541524,1.275168,0.3933189,-0.3130831,-0.3759946,0.0971465,4.642552,-4.287524,1.70459,0.002983332,1.255473,0.3532228,-0.647982,0.2888457,-0.1468414,-0.4773333,-4.630742,0.6487253,0.4156756,1.452924,0.3798218,-0.4086071,0.5322929,-0.09343423,-0.9977784,0.4330207,0.1589113,0.5719264,1.498566,0.2319143,-0.1567776,1.307544,0.2493194,275.5053,142.8834,131.9131
1,1.144446,0.9203592,0.3495257,0.09339327,4.622718,-4.433061,-2.084456,0.2525575,1.275186,0.3921797,-0.3257082,-0.3900443,0.1107959,4.637513,-4.288963,1.69786,0.001252562,1.254869,0.3519742,-0.6268058,0.2964802,-0.1565708,-0.4766526,-4.622168,0.6471412,0.4141043,1.453119,0.3792715,-0.4030631,0.51948,-0.07326584,-0.9969383,0.4395905,0.1597902,0.5714191,1.498666,0.2322271,-0.1587663,1.30595,0.2491183,275.2308,140.6039,134.1579
1,1.155557,0.8939471,0.3832509,0.09306075,4.616649,-4.435198,-2.081282,0.2512462,1.274797,0.3905575,-0.342298,-0.412414,0.1438034,4.630899,-4.290064,1.689446,-0.0006279647,1.253802,0.3507938,-0.5953292,0.3288116,-0.1865183,-0.4763607,-4.609825,0.6416186,0.4126647,1.453169,0.3786561,-0.4004972,0.5193993,-0.03493768,-0.9951082,0.446239,0.1605242,0.5709589,1.4988,0.2326102,-0.1606563,1.304258,0.2487769,275.1011,138.7889,136.0969
1,1.166668,0.9058447,0.4322028,0.1056742,4.60898,-4.437244,-2.078642,0.2499791,1.27452,0.3894811,-0.3442239,-0.467127,0.1650113,4.622993,-4.291293,1.679911,-0.002355486,1.252859,0.3495138,-0.5676674,0.3661374,-0.168394,-0.47386,-4.599744,0.6376484,0.4112346,1.453388,0.3781397,-0.3927833,0.5140232,-0.0115879,-0.9935349,0.4526884,0.1611785,0.5705203,1.499011,0.2328737,-0.162487,1.302579,0.247996,275.1856,140.1544,135.0888
1,1.17778,0.922888,0.506872,0.1295065,4.60121,-4.438765,-2.076142,0.2486834,1.274208,0.3882103,-0.3421232,-0.5170243,0.1706274,4.612933,-4.292605,1.670083,-0.003799349,1.251717,0.3487251,-0.5590658,0.3820578,-0.150271,-0.4718951,-4.589945,0.6348875,0.409902,1.453474,0.3776395,-0.3690808,0.473489,0.01149974,-0.9920105,0.4571333,0.1619711,0.5699914,1.499136,0.2332399,-0.1640864,1.300829,0.2475601,275.4139,144.3033,131.35
1,1.188891,0.9263559,0.5665519,0.1410514,4.591424,-4.44114,-2.075099,0.2477143,1.27369,0.3871651,-0.3164517,-0.5964943,0.1914752,4.603153,-4.294318,1.660725,-0.005115032,1.250427,0.3475978,-0.530968,0.3596973,-0.12404,-0.4703318,-4.583559,0.634251,0.4086453,1.453588,0.3770792,-0.3489078,0.4447334,0.006957002,-0.9913931,0.4619909,0.1627527,0.5695033,1.499388,0.2336154,-0.165617,1.299092,0.2470511,275.7347,148.7271,127.222
1,1.200002,0.9118666,0.6062181,0.1377823,4.583283,-4.443372,-2.074443,0.2466656,1.273252,0.3858614,-0.2849818,-0.6317356,0.2021779,4.594114,-4.296403,1.652354,-0.006377965,1.248949,0.3463004,-0.491272,0.3236786,-0.1182549,-0.4698381,-4.577946,0.6333865,0.4074196,1.453651,0.3766584,-0.336161,0.4447394,0.00361935,-0.9906768,0.4678765,0.1628797,0.5690691,1.499524,0.2340143,-0.1671762,1.297157,0.2464982,275.8936,150.6027,125.5044
1,1.211113,0.8772691,0.6517497,0.1289684,4.574618,-4.446252,-2.075495,0.24589,1.272741,0.3848364,-0.2262766,-0.6656237,0.2218796,4.584546,-4.299224,1.644779,-0.007286638,1.247421,0.3453226,-0.4357223,0.260247,-0.1426198,-0.4713667,-4.573465,0.6323814,0.4062981,1.453686,0.3762479,-0.3032472,0.4447531,-0.005273681,-0.9901862,0.4738796,0.1620009,0.5685947,1.499671,0.2344925,-0.1685363,1.29515,0.2459951,275.9305,150.6122,125.4595
1,1.222224,0.8587977,0.6651182,0.1244342,4.566885,-4.449298,-2.076355,0.2450184,1.27227,0.3838131,-0.1864049,-0.6781771,0.2404779,4.575966,-4.301437,1.636956,-0.008330017,1.245779,0.3437285,-0.4056802,0.2136051,-0.1506678,-0.4725231,-4.569328,0.6322038,0.4050849,1.45366,0.3757761,-0.290576,0.4405181,-0.0160927,-0.9900765,0.4795329,0.1616555,0.5682493,1.49967,0.2348104,-0.1697744,1.293065,0.245299,275.7621,149.9142,126.1007
1,1.233335,0.8313548,0.6688459,0.1305134,4.559571,-4.45193,-2.078245,0.244422,1.271525,0.3829215,-0.1289886,-0.6803713,0.2444474,4.567388,-4.303202,1.629802,-0.008904338,1.244239,0.3427734,-0.3673483,0.2011155,-0.1607075,-0.4732027,-4.563565,0.6297185,0.4040197,1.453557,0.3754048,-0.2747896,0.4320313,-0.03333027,-0.9903241,0.4849198,0.1611796,0.5677746,1.499742,0.2351439,-0.1709407,1.291061,0.2447506,275.6471,151.3625,124.7614
1,1.244446,0.8030515,0.6400663,0.1308395,4.553048,-4.45353,-2.079385,0.2438651,1.270967,0.3822229,-0.100433,-0.6621125,0.2196569,4.560286,-4.304389,1.62268,-0.009492666,1.242723,0.3416326,-0.3344773,0.1971717,-0.1802396,-0.4741684,-4.556392,0.6258447,0.4030513,1.453458,0.375073,-0.2610015,0.4203185,-0.03776815,-0.9901313,0.4899577,0.1608874,0.5672809,1.499855,0.2355247,-0.1716581,1.288996,0.2445368,275.5225,154.9729,121.416
1,1.255558,0.7905333,0.5832376,0.1289361,4.547376,-4.455141,-2.079929,0.2432304,1.270441,0.3815055,-0.08884461,-0.6267072,0.1996745,4.554364,-4.305167,1.615059,-0.01016429,1.241055,0.3405747,-0.3088199,0.1909157,-0.1762744,-0.4745913,-4.550553,0.6231397,0.4020469,1.453429,0.3747261,-0.2407637,0.3979464,-0.03804473,-0.9900019,0.4942378,0.1604262,0.5667932,1.499974,0.2357705,-0.1723659,1.286674,0.2438628,275.4007,157.8857,118.678
1,1.266669,0.77757,0.5142111,0.1302557,4.543265,-4.455769,-2.080566,0.24261,1.269937,0.381345,-0.06747207,-0.5694825,0.1645086,4.549576,-4.305161,1.607594,-0.01062289,1.239609,0.3396509,-0.3012902,0.1930451,-0.1678166,-0.474571,-4.544621,0.6209333,0.4010065,1.453534,0.3743811,-0.2171819,0.3659585,-0.02452061,-0.9892184,0.4976651,0.1601857,0.5662463,1.500183,0.2360361,-0.1729343,1.284289,0.2433283,275.0934,159.1604,117.5054
1,1.27778,0.7500121,0.4422768,0.1196547,4.540243,-4.456094,-2.082206,0.2420901,1.269575,0.3811805,-0.02700998,-0.50244,0.1302294,4.545646,-4.305556,1.600595,-0.0112702,1.238047,0.3385699,-0.2787668,0.1973352,-0.1499014,-0.4740075,-4.539162,0.6183184,0.4000745,1.453545,0.3740208,-0.2073477,0.3360885,-0.003384066,-0.9880732,0.5007709,0.1603417,0.5657517,1.500349,0.236258,-0.1737084,1.281893,0.2424249,274.7507,159.8138,116.9001
1,1.288891,0.7317053,0.3924545,0.1075647,4.538048,-4.456339,-2.084591,0.2415414,1.269101,0.3806946,0.02398605,-0.4367775,0.1009543,4.541914,-4.306002,1.593575,-0.01175854,1.236587,0.3377097,-0.2594841,0.2101188,-0.130837,-0.4730472,-4.533244,0.615223,0.3991345,1.453597,0.3736281,-0.1965708,0.3243436,0.008189574,-0.9870501,0.504428,0.1601825,0.5652599,1.500506,0.2364185,-0.1742409,1.279413,0.2418496,274.1822,159.0198,117.6133
1,1.300002,0.7113861,0.3264198,0.08324501,4.535627,-4.45673,-2.086846,0.2409868,1.268602,0.3799679,0.05596075,-0.3905972,0.08034211,4.539559,-4.306548,1.586527,-0.01219472,1.234905,0.3366818,-0.228373,0.2154776,-0.1055388,-0.4717353,-4.528368,0.6122426,0.3983462,1.453485,0.3732615,-0.1719466,0.2966235,0.0184991,-0.9862809,0.5071084,0.1597279,0.5648025,1.500619,0.2365599,-0.1749671,1.276892,0.2410105,273.8457,160.041,116.5526
1,1.311113,0.6939261,0.2755456,0.0563046,4.534945,-4.456899,-2.090222,0.2405781,1.268196,0.3795731,0.1128276,-0.3226114,0.06365133,4.537573,-4.307366,1.57962,-0.01254097,1.233362,0.336055,-0.2210614,0.204999,-0.1269808,-0.472448,-4.522338,0.6091017,0.3975203,1.453416,0.3729339,-0.1567762,0.2891144,0.04175266,-0.9845526,0.5103169,0.1592387,0.5643151,1.500745,0.2366819,-0.1755854,1.274498,0.2405699,273.7861,163.5208,113.0321
1,1.322224,0.6931449,0.2576357,0.03263682,4.532751,-4.458316,-2.092712,0.2402621,1.267584,0.3791745,0.1313241,-0.2941797,0.07614286,4.534261,-4.308887,1.572073,-0.01306191,1.231595,0.3351421,-0.216806,0.202911,-0.129169,-0.4724885,-4.516384,0.6060556,0.3965709,1.45334,0.3726645,-0.1363002,0.2858789,0.06174944,-0.9827698,0.5137451,0.1580863,0.5637577,1.500816,0.2368193,-0.1763394,1.272219,0.2402834,274.0151,167.3748,109.1191
1,1.333336,0.7056045,0.2671838,0.007758727,4.529793,-4.460346,-2.094519,0.2399112,1.267086,0.3787301,0.120874,-0.2939414,0.09913409,4.53059,-4.311097,1.563969,-0.01339117,1.22998,0.334626,-0.1911922,0.1881785,-0.1337732,-0.4729652,-4.511493,0.6029027,0.3958125,1.453277,0.3725197,-0.1202565,0.2656217,0.06792115,-0.9814851,0.516225,0.1575784,0.5633255,1.500897,0.2369289,-0.1769792,1.269839,0.2399163,274.2534,170.8681,105.558
1,1.344447,0.7252676,0.2752968,0.006090391,4.526371,-4.462693,-2.095499,0.2396888,1.266629,0.3785813,0.09393361,-0.3009729,0.1231065,4.526043,-4.312575,1.555489,-0.01371917,1.228422,0.3341198,-0.168582,0.1658814,-0.1234747,-0.4731899,-4.508287,0.6011484,0.3950971,1.453239,0.3722556,-0.09566964,0.2421806,0.07505805,-0.9801226,0.5184953,0.1565779,0.5628213,1.501019,0.2371011,-0.1774771,1.26742,0.2395718,274.7036,175.0673,101.3358
1,1.355558,0.728933,0.2771794,0.005753497,4.522984,-4.464705,-2.096694,0.2394049,1.26609,0.3782969,0.0778694,-0.3074008,0.1312985,4.521924,-4.314022,1.547645,-0.01396784,1.227,0.3338366,-0.1545375,0.1626615,-0.1055207,-0.4726781,-4.50461,0.599122,0.3943512,1.453196,0.3720331,-0.08932686,0.2389935,0.07071787,-0.9791144,0.521355,0.1557494,0.5623611,1.501083,0.2372155,-0.1779871,1.265082,0.2391909,275.0262,178.5516,97.86143
1,1.366669,0.7384027,0.2715695,0.01105747,4.519904,-4.46609,-2.09743,0.2390746,1.265347,0.377712,0.05344894,-0.3047819,0.1266958,4.518025,-4.315022,1.539407,-0.0141758,1.225489,0.3334241,-0.1277784,0.1669996,-0.09084858,-0.4719899,-4.500107,0.5955502,0.3937206,1.453019,0.3717725,-0.08516271,0.2326178,0.06212836,-0.9784619,0.5241759,0.1550514,0.5619916,1.501138,0.2373362,-0.1782993,1.262643,0.2383949,275.2675,181.6874,94.73997
1,1.37778,0.7252687,0.2617969,0.009870159,4.517968,-4.467215,-2.099538,0.2387221,1.264812,0.3772924,0.068403,-0.2837794,0.1175706,4.514297,-4.316146,1.532114,-0.01439461,1.223954,0.3331635,-0.1096687,0.1564934,-0.0974839,-0.4724048,-4.495916,0.5924926,0.3930495,1.452991,0.3716664,-0.07874758,0.2262211,0.0641728,-0.9773445,0.5267624,0.1542516,0.5615687,1.501222,0.2374346,-0.1789258,1.26024,0.2375835,275.3716,183.7828,92.53522
1,1.388891,0.6685832,0.2346103,-0.008193121,4.516716,-4.46822,-2.102731,0.2384433,1.264331,0.3771403,0.1142831,-0.2520928,0.1076186,4.512398,-4.317602,1.526582,-0.01450697,1.222537,0.3328917,-0.09249369,0.1469664,-0.09025177,-0.4722536,-4.49259,0.5899762,0.3923756,1.452926,0.371388,-0.0724823,0.206002,0.0534151,-0.9767841,0.5285656,0.1538471,0.5610771,1.501238,0.2374346,-0.1793471,1.258106,0.2373234,275.3841,185.6555,90.39772
1,1.400002,0.6172304,0.2139013,-0.02375289,4.515707,-4.469248,-2.106052,0.2381436,1.263609,0.3762314,0.1480192,-0.2293956,0.1025056,4.510508,-4.31929,1.521625,-0.0146651,1.221288,0.3327229,-0.08288172,0.1406462,-0.09251756,-0.472457,-4.488803,0.5871205,0.3918222,1.452846,0.3711569,-0.06601299,0.195334,0.05971601,-0.9756075,0.5304903,0.1531874,0.5605909,1.501309,0.2374814,-0.1795262,1.256054,0.23757,275.4489,187.5511,88.26926
1,1.411114,0.5275185,0.1751075,-0.04591115,4.515207,-4.4705,-2.109795,0.2380044,1.263111,0.3760736,0.185061,-0.1992349,0.103411,4.510268,-4.320718,1.518699,-0.01461074,1.220012,0.3325725,-0.07216629,0.1300518,-0.09268943,-0.4728229,-4.485654,0.5847753,0.3912477,1.452809,0.3710427,-0.06050263,0.1857078,0.07668749,-0.9738168,0.532276,0.1527272,0.5601534,1.501373,0.2375562,-0.1797466,1.254197,0.237554,275.4471,189.1454,86.29822
1,1.422225,0.5093012,0.1682254,-0.0484121,4.514108,-4.471932,-2.112648,0.2378431,1.262535,0.3758659,0.1901534,-0.1795947,0.1033652,4.508038,-4.322087,1.513355,-0.01470706,1.218591,0.3324466,-0.06257807,0.1396615,-0.08633594,-0.4724134,-4.481166,0.581237,0.3906215,1.452716,0.3708472,-0.06361242,0.1729045,0.08415841,-0.9723478,0.5338553,0.1526321,0.5597477,1.501459,0.2375834,-0.1799668,1.252136,0.2374514,275.5902,190.7281,84.55116
1,1.433336,0.517882,0.1644179,-0.04286266,4.512555,-4.473389,-2.11356,0.2378734,1.262034,0.3758473,0.1534858,-0.179931,0.1065919,4.505779,-4.323195,1.507335,-0.01474658,1.217258,0.3321888,-0.05947943,0.1503543,-0.08949677,-0.4721982,-4.476027,0.5772157,0.390088,1.45264,0.3707759,-0.05510339,0.1611883,0.08297141,-0.9712442,0.5354066,0.1520926,0.559379,1.501525,0.2376134,-0.1801321,1.250216,0.2373478,275.7598,191.5986,83.65033
1,1.444447,0.5293457,0.173508,-0.03521886,4.509779,-4.474977,-2.113834,0.237822,1.261451,0.3757286,0.1044349,-0.1982561,0.1085484,4.502705,-4.324577,1.500842,-0.01483789,1.216061,0.3322399,-0.05935727,0.1630178,-0.06917959,-0.4710828,-4.471649,0.5739794,0.3897057,1.452638,0.3706772,-0.04553909,0.1452001,0.08068987,-0.9704112,0.5363651,0.151699,0.5590432,1.501611,0.237649,-0.1802849,1.2483,0.2373223,276.0246,192.2484,83.06691
1,1.455558,0.5527616,0.182417,-0.02648425,4.507238,-4.4765,-2.114311,0.2377345,1.261013,0.3756773,0.07372099,-0.2088149,0.1073158,4.499546,-4.325752,1.493882,-0.01487479,1.214856,0.3319819,-0.0622782,0.1532753,-0.04683845,-0.4701438,-4.469353,0.5727597,0.3892611,1.452618,0.3706777,-0.03067528,0.1260335,0.07621882,-0.9696101,0.537141,0.1510888,0.5587344,1.501658,0.2377188,-0.1803846,1.246404,0.2372792,276.3165,193.294,82.06559
1,1.466669,0.5621554,0.1949557,-0.009485537,4.505159,-4.477459,-2.115402,0.2374992,1.260619,0.3751993,0.06011363,-0.211961,0.09435728,4.495734,-4.32663,1.487427,-0.01489204,1.213768,0.3317075,-0.03959938,0.1203292,-0.03660356,-0.4700708,-4.468859,0.5718856,0.3889744,1.452566,0.3705657,-0.02342799,0.1175564,0.05908554,-0.9691786,0.5385917,0.1505,0.5585266,1.501659,0.2378128,-0.180286,1.244616,0.237242,276.621,194.4442,80.99105
1,1.47778,0.5311327,0.1924766,-0.01582913,4.503558,-4.478379,-2.117925,0.2374114,1.260299,0.3751574,0.08806331,-0.2056303,0.08625731,4.49336,-4.328155,1.482681,-0.01478299,1.212554,0.3315234,-0.01170112,0.06306255,-0.05213743,-0.4717577,-4.469798,0.5718886,0.3887865,1.452432,0.3705223,-0.02470555,0.104811,0.03989736,-0.9692596,0.5394935,0.1502278,0.5583296,1.501714,0.2378898,-0.1803919,1.242844,0.2369638,276.7095,195.6318,79.72377
1,1.488891,0.4647797,0.1722661,-0.01802501,4.502913,-4.479549,-2.121552,0.237358,1.260002,0.3750994,0.13803,-0.1814701,0.08759621,4.492007,-4.32907,1.479748,-0.01465985,1.211506,0.3313708,-0.001953736,0.03118318,-0.05562045,-0.4727478,-4.470216,0.5720121,0.3885061,1.452335,0.3705192,-0.01637112,0.07927547,0.02484071,-0.9692852,0.539615,0.1503032,0.5580893,1.501827,0.2379599,-0.1804311,1.24137,0.2371101,276.6842,196.9295,78.29596
1,1.500003,0.392159,0.1499711,-0.02833447,4.502313,-4.480591,-2.124693,0.2373206,1.259768,0.3753142,0.166612,-0.163496,0.08416337,4.491034,-4.330186,1.47761,-0.01455787,1.210775,0.3316894,0.001255341,0.02589085,-0.05781724,-0.4732469,-4.468964,0.5707735,0.3881539,1.45224,0.3704739,-0.01005096,0.06650172,0.01834927,-0.9692335,0.5399418,0.1500012,0.5577782,1.501881,0.2380404,-0.1805263,1.239867,0.2370528,276.7025,198.5928,76.58035
1,1.511114,0.3094263,0.1094442,-0.03888648,4.502435,-4.481021,-2.12831,0.2373046,1.259465,0.3752904,0.2001165,-0.13437,0.07288316,4.491478,-4.330859,1.476716,-0.01443541,1.209982,0.331537,-0.009620465,0.03870206,-0.07254823,-0.4738371,-4.465741,0.5683796,0.3877804,1.452126,0.3703845,-0.0003714114,0.0750014,0.02785841,-0.9682359,0.5411229,0.1492441,0.5575117,1.501865,0.2380836,-0.1805414,1.238845,0.2372897,276.5335,200.4214,74.7469
1,1.522225,0.2653757,0.09379989,-0.03772619,4.502544,-4.481287,-2.131049,0.2372105,1.259253,0.3754563,0.2095287,-0.1069964,0.05831449,4.490654,-4.331465,1.475028,-0.01453206,1.208972,0.3313785,-0.01414662,0.06219456,-0.08515199,-0.4742168,-4.461147,0.5645878,0.3873599,1.452041,0.3703187,0.0006969646,0.08670255,0.03002259,-0.9673235,0.5424634,0.1487229,0.5570749,1.502002,0.2381966,-0.1807111,1.237634,0.2372689,276.4579,201.6938,73.46493
1,1.533336,0.2189495,0.08325946,-0.03433235,4.502789,-4.481826,-2.133026,0.2371927,1.258936,0.3755038,0.1979717,-0.08346543,0.05657069,4.490226,-4.33201,1.474228,-0.01449379,1.208307,0.3312626,-0.01109807,0.08140797,-0.08826212,-0.4743175,-4.456881,0.5608308,0.3870722,1.451908,0.3702807,0.01357838,0.0941401,0.03841447,-0.966458,0.5438635,0.1473434,0.5567686,1.502045,0.2382286,-0.1807167,1.236786,0.2375168,276.2626,203.2033,71.93071
1,1.544447,0.1822105,0.08474216,-0.0219481,4.501987,-4.482144,-2.134048,0.2371423,1.258648,0.375824,0.1679969,-0.08165929,0.04872437,4.488845,-4.332438,1.473348,-0.01453191,1.207927,0.3316557,-0.01408862,0.06958438,-0.07445755,-0.4744895,-4.455938,0.56025,0.3868227,1.451756,0.3704009,0.02431386,0.08666518,0.04680361,-0.9655173,0.5445656,0.1465034,0.556473,1.501953,0.2381377,-0.1807699,1.236175,0.2379862,276.1217,205.0687,70.03586
1,1.555558,0.1398932,0.08591501,-0.0121489,4.501042,-4.482704,-2.134677,0.2371677,1.258295,0.3758929,0.1350892,-0.0852865,0.04598819,4.487779,-4.332882,1.473128,-0.01458809,1.20748,0.3315237,0.007420406,0.04942222,-0.06626336,-0.474913,-4.455698,0.5592907,0.3866735,1.451703,0.3704495,0.02858781,0.06428373,0.04776552,-0.9650593,0.544347,0.1461966,0.5562057,1.501938,0.2381122,-0.1807729,1.235434,0.2382466,275.9864,206.81,68.24766
1,1.566669,0.1016497,0.09511665,-0.005714213,4.499293,-4.483355,-2.134656,0.2371639,1.257918,0.3756542,0.08786599,-0.1055551,0.04630841,4.486589,-4.333473,1.473345,-0.01453516,1.207062,0.3314905,0.02146654,0.03558788,-0.05476478,-0.4751287,-4.455585,0.5584638,0.3865423,1.451622,0.3704982,0.03169234,0.04834589,0.03917235,-0.9648585,0.5448375,0.1454206,0.5559909,1.501983,0.2378986,-0.1808724,1.234922,0.23832,275.8242,208.6274,66.37318
1,1.577781,0.09271339,0.105661,0.0003924854,4.498194,-4.484031,-2.135674,0.2371946,1.257571,0.3754518,0.07399271,-0.1116403,0.04679785,4.484822,-4.334123,1.472502,-0.01448897,1.206628,0.3315899,0.03760989,0.01435222,-0.05079008,-0.4758275,-4.45607,0.5580159,0.3865138,1.451582,0.3706236,0.03600093,0.03447808,0.04334441,-0.9644195,0.5445499,0.1450661,0.555907,1.502029,0.2378356,-0.1809068,1.234288,0.2384107,275.7936,210.2327,64.72999
1,1.588892,0.08845084,0.1166447,0.01135907,4.496891,-4.48478,-2.136162,0.2372946,1.257478,0.3756037,0.05833483,-0.1150922,0.0472711,4.482992,-4.334572,1.471853,-0.01436678,1.206417,0.3315587,0.04966167,-0.01656117,-0.03618119,-0.4764725,-4.458335,0.5590534,0.3865194,1.451632,0.3706684,0.04337593,0.00893948,0.03574694,-0.9643775,0.5438976,0.1446669,0.5557622,1.502101,0.2377648,-0.1808942,1.234141,0.2387201,276.0267,210.6698,64.31954
1,1.600003,0.1051316,0.1125454,0.01168175,4.496097,-4.485,-2.136202,0.2374087,1.257219,0.3755715,0.03677064,-0.1078582,0.03825699,4.481671,-4.335072,1.470098,-0.01424617,1.206224,0.3318806,0.05081949,-0.02297906,-0.03090931,-0.4769242,-4.458872,0.5589349,0.3864752,1.451515,0.3707399,0.04548224,-0.001708787,0.03356919,-0.9641341,0.5433683,0.1443732,0.5555956,1.502115,0.2376795,-0.1809431,1.233667,0.2385208,276.145,211.0328,63.97715
1,1.611114,0.2243145,0.1383336,0.03295305,4.494133,-4.48643,-2.130447,0.2376823,1.257037,0.3757095,-0.1045512,-0.1083862,0.05241698,4.478034,-4.335379,1.463802,-0.01429531,1.206067,0.3318942,0.05625338,-0.0198318,-0.01816141,-0.4768645,-4.459432,0.558598,0.3865719,1.451549,0.370878,0.04750178,-0.01765218,0.02392656,-0.9642252,0.5427158,0.1441854,0.5555053,1.502024,0.2377777,-0.1808744,1.233384,0.2387457,276.1949,210.6023,64.39594
1,1.622225,0.1912895,0.1216182,0.005433038,4.4914,-4.488086,-2.126745,0.2377123,1.256853,0.3754516,-0.1764762,-0.1361901,0.06645037,4.477421,-4.336612,1.462475,-0.01422381,1.206285,0.3326237,0.06078752,-0.02103425,0.008416619,-0.4762808,-4.460862,0.5589544,0.3867046,1.451506,0.3710177,0.05588326,-0.03571706,0.01099546,-0.9647871,0.5419735,0.1436664,0.5555727,1.501981,0.2375944,-0.1809465,1.232896,0.2387342,276.16,209.4378,65.5097
1,1.633336,0.1376428,0.1166069,0.002062555,4.490529,-4.489021,-2.127923,0.2376409,1.25673,0.3754046,-0.125942,-0.129906,0.06815495,4.47656,-4.337278,1.462805,-0.01417688,1.206077,0.3327115,0.06647805,-0.04669537,0.02951441,-0.4761285,-4.464596,0.5613134,0.3867989,1.451544,0.3710899,0.06974499,-0.03998847,0.01188798,-0.964762,0.5411455,0.1429039,0.555595,1.501965,0.2374744,-0.1809717,1.232659,0.2390164,276.2618,208.6599,66.29665
1,1.644447,0.05681311,0.105862,-0.009054035,4.491809,-4.488621,-2.133073,0.2375675,1.256964,0.3755798,0.02962754,-0.08419165,0.04563452,4.476222,-4.338246,1.464993,-0.01402125,1.20597,0.3333094,0.08275993,-0.08710755,0.03443717,-0.4770249,-4.469507,0.5640737,0.3869037,1.451497,0.3711991,0.07489829,-0.05379458,-0.00418419,-0.965519,0.5401165,0.1423454,0.5556064,1.502038,0.2374761,-0.1811806,1.232747,0.2389934,276.4617,208.9837,65.89669
1,1.655559,0.05315305,0.09015611,-0.01729562,4.492493,-4.488861,-2.13392,0.2376366,1.257027,0.3757427,0.04529994,-0.05173533,0.04129193,4.475722,-4.338917,1.464176,-0.01400182,1.205937,0.333735,0.08596207,-0.0902691,0.03225205,-0.4774132,-4.471595,0.5647728,0.3869396,1.451491,0.371285,0.0641841,-0.07615722,-0.009437772,-0.9660313,0.5382257,0.1431289,0.5555957,1.502056,0.2374015,-0.1812797,1.232926,0.2396487,276.4093,209.723,64.86853
1,1.66667,0.0368812,0.0451057,-0.04252028,4.493214,-4.489342,-2.133645,0.2377451,1.257079,0.3759236,0.02815415,-0.02315038,0.04346972,4.477261,-4.339555,1.463939,-0.01398805,1.206011,0.3339767,0.06650092,-0.0721655,0.0144411,-0.4778382,-4.471388,0.5645062,0.3869447,1.451439,0.3713169,0.05353511,-0.0804179,-0.009329326,-0.9663067,0.5370185,0.1435359,0.555542,1.502032,0.2374101,-0.1813758,1.232755,0.2399448,276.272,210.1064,64.21516
1,1.677781,0.01394984,0.01688318,-0.0554571,4.493853,-4.49015,-2.133202,0.2378559,1.257096,0.3763494,0.01539299,-0.001159228,0.05075356,4.478291,-4.340245,1.464216,-0.01388445,1.206326,0.3348622,0.05130667,-0.04342274,0.003039017,-0.4779085,-4.469982,0.5631044,0.3870052,1.451387,0.3713734,0.04410212,-0.05915018,0.004672653,-0.9657735,0.5368964,0.1434869,0.5554734,1.502046,0.2373805,-0.1814924,1.232449,0.2395087,276.2613,210.1495,64.06662
1,1.688892,0.001447266,-0.0233608,-0.04566719,4.495595,-4.489984,-2.132767,0.2378909,1.257138,0.3766301,0.009541342,0.03858901,0.03992671,4.479879,-4.339546,1.464583,-0.01387984,1.206369,0.3350675,0.05115868,-0.02422958,-4.192069E-05,-0.4777945,-4.469098,0.5617622,0.387063,1.451368,0.3714941,0.05054342,-0.01760507,0.008947844,-0.9653623,0.5384234,0.1418115,0.5554957,1.502078,0.237448,-0.1814193,1.232424,0.2398464,276.3014,210.821,63.35733
1,1.700003,-0.001342214,-0.03770703,-0.04166852,4.496662,-4.489538,-2.132507,0.2379373,1.257223,0.3770132,0.005751845,0.05698912,0.02233277,4.480525,-4.339533,1.464512,-0.01390281,1.20629,0.3350756,0.0597036,-0.03480431,-0.004449341,-0.4783916,-4.470426,0.5619358,0.3872002,1.451431,0.3715074,0.05890873,-0.01864836,-0.005004127,-0.9660441,0.5380499,0.1410503,0.5555517,1.502069,0.2373667,-0.181382,1.232449,0.2400619,276.3208,211.5939,62.5704
1,1.711114,-0.005195904,-0.05018377,-0.04146609,4.497982,-4.489413,-2.131947,0.2380436,1.257208,0.3772449,-0.00339839,0.07491505,0.01713519,4.481629,-4.339404,1.46458,-0.01388353,1.206329,0.3352895,0.06211684,-0.05618991,0.01137868,-0.4785487,-4.473679,0.5640652,0.3873446,1.451524,0.3715274,0.0524254,-0.04952051,-0.01352079,-0.9667578,0.5361371,0.1417262,0.5556232,1.502118,0.2372806,-0.1813671,1.232565,0.2403998,276.3567,211.7612,62.45621
1,1.722225,-0.02382016,-0.05969352,-0.04239272,4.499094,-4.489898,-2.131449,0.2381781,1.257171,0.3774185,-0.01301655,0.08193816,0.02636711,4.482596,-4.339397,1.465326,-0.01393864,1.206458,0.3357685,0.06327513,-0.06047957,0.01773426,-0.4785727,-4.475425,0.5648043,0.3875129,1.451485,0.3715038,0.0364634,-0.07723316,-0.0123387,-0.9671786,0.5337976,0.1431566,0.5556535,1.502077,0.2371664,-0.181216,1.232823,0.2409716,276.376,211.1495,63.22165
1,1.733337,-0.04280022,-0.04587898,-0.05033097,4.499879,-4.490422,-2.130912,0.2382946,1.257129,0.377461,-0.02442003,0.07777568,0.0314746,4.483111,-4.340095,1.466118,-0.0139125,1.206557,0.3360667,0.05580225,-0.05096329,0.02212582,-0.4783538,-4.476297,0.565253,0.3875619,1.451488,0.3715167,0.0301711,-0.07086449,-0.003727232,-0.9669847,0.5330256,0.1434059,0.55558,1.502063,0.2370639,-0.1811887,1.233008,0.241156,276.3228,210.7294,63.72873
1,1.744448,-0.05672644,-0.01077259,-0.03922605,4.499533,-4.491467,-2.129916,0.2384852,1.257001,0.377619,-0.04663023,0.05190521,0.04508329,4.482473,-4.340669,1.467159,-0.01388082,1.20659,0.3363247,0.06198424,-0.03381458,0.01151558,-0.4784507,-4.47554,0.5637276,0.3875904,1.451498,0.3715584,0.0314592,-0.04214399,0.01656717,-0.9659983,0.533466,0.1428621,0.5555445,1.50202,0.2370973,-0.1810631,1.233452,0.2418958,276.1716,209.7673,64.81278
1,1.755559,-0.06598127,0.0210887,-0.03304213,4.498196,-4.492815,-2.129087,0.2387402,1.256835,0.3777668,-0.06422477,0.007038832,0.05773355,4.481557,-4.341479,1.468082,-0.01377502,1.206709,0.3366728,0.05651337,-0.02526716,0.002032064,-0.4787,-4.47513,0.5629307,0.3876174,1.451513,0.3716025,0.03158591,-0.02939543,0.02830593,-0.9654103,0.5333045,0.1426461,0.5555671,1.502033,0.237004,-0.181028,1.233818,0.2420883,276.1196,208.961,65.77124
1,1.76667,-0.08001247,0.07240103,-0.02629448,4.496002,-4.494674,-2.127971,0.2389496,1.256677,0.3779309,-0.0904614,-0.04489098,0.07779349,4.479601,-4.342823,1.46946,-0.01373795,1.206783,0.3369279,0.05122204,-0.01258786,0.01387974,-0.4780976,-4.475279,0.5627078,0.3877588,1.451661,0.3716578,0.03037951,-0.04427399,0.01657371,-0.9656931,0.5322515,0.1430735,0.5555807,1.501883,0.2369196,-0.1809585,1.234474,0.2429011,276.0434,207.8442,67.12715
1,1.777781,-0.09114338,0.103812,-0.01570689,4.494442,-4.496099,-2.127081,0.2391039,1.25662,0.3782187,-0.1011264,-0.0717788,0.08277007,4.477774,-4.343759,1.470851,-0.01363525,1.207034,0.3374667,0.05238639,-0.0158319,0.02237174,-0.4778206,-4.476562,0.5632511,0.387891,1.45166,0.3717294,0.02472961,-0.07511058,-0.01219217,-0.9670987,0.5300216,0.1442309,0.5555944,1.501816,0.2368782,-0.1810465,1.234965,0.24319,275.9335,207.3721,67.69558
1,1.788892,-0.1030038,0.1518041,-0.002308741,4.492013,-4.497762,-2.126103,0.2393052,1.256515,0.3784075,-0.11412,-0.1065745,0.09037752,4.474895,-4.345076,1.472581,-0.01361534,1.20722,0.3377614,0.06534705,-0.04876214,0.01991776,-0.4785338,-4.479718,0.5648946,0.3880399,1.451672,0.3717818,0.02564244,-0.07082963,-0.02497332,-0.9677656,0.5292638,0.1444488,0.5556671,1.501784,0.2368882,-0.1810817,1.23552,0.2438517,275.7956,207.2878,67.8522
1,1.800003,-0.1153352,0.1786014,-0.002002105,4.489982,-4.499475,-2.124898,0.239498,1.25651,0.3787088,-0.1270234,-0.1269419,0.09838895,4.472772,-4.346439,1.47422,-0.0135574,1.207547,0.338172,0.06330083,-0.06475377,0.01877654,-0.4791075,-4.482297,0.566567,0.3882329,1.451659,0.3718665,0.03202028,-0.05165626,-0.02499441,-0.967896,0.529313,0.144028,0.5557798,1.501688,0.2367351,-0.1812451,1.23602,0.2442983,275.6726,207.8869,67.26581
1,1.811115,-0.1181484,0.1822851,-0.003869668,4.48799,-4.500904,-2.123624,0.2396793,1.256479,0.3788605,-0.1372019,-0.1369546,0.09906662,4.471173,-4.347608,1.475619,-0.01356572,1.207782,0.3384542,0.05907927,-0.06267789,0.02415551,-0.4790452,-4.483737,0.567334,0.3883868,1.451661,0.3719563,0.04059069,-0.05379544,-0.02083507,-0.9680952,0.5285216,0.1437276,0.5558638,1.501631,0.2366667,-0.1815763,1.236302,0.2443923,275.6377,209.2379,65.88441
1,1.822226,-0.120852,0.1813847,-0.01131286,4.486305,-4.502281,-2.122434,0.2397947,1.256596,0.3791554,-0.1429673,-0.1394528,0.09947565,4.469823,-4.348858,1.476944,-0.01358131,1.208218,0.3390098,0.05605461,-0.055373,0.0466032,-0.4781413,-4.485864,0.5687298,0.3886229,1.451627,0.3720529,0.03204294,-0.07083974,-0.02397568,-0.9687669,0.5267835,0.1445407,0.5558818,1.501687,0.2365215,-0.1817783,1.23662,0.2449697,275.7152,210.9934,64.11259
1,1.833337,-0.1204953,0.1709691,-0.0171972,4.485674,-4.503035,-2.121646,0.2397915,1.256811,0.3791091,-0.1356669,-0.1200714,0.08997858,4.468878,-4.349978,1.478178,-0.01360613,1.208525,0.339283,0.06045245,-0.06498189,0.05395999,-0.4780236,-4.488748,0.5703951,0.3888612,1.451673,0.3722057,0.02978508,-0.08893182,-0.03571145,-0.969822,0.5249004,0.145297,0.5560383,1.501583,0.2364392,-0.1819619,1.236888,0.2455166,275.7429,212.6035,62.47175
1,1.844448,-0.1030957,0.1288048,-0.02442678,4.485375,-4.503817,-2.121144,0.2398558,1.257018,0.3793271,-0.1179458,-0.09611792,0.08349862,4.469109,-4.350385,1.478439,-0.01361808,1.209121,0.3399189,0.06270281,-0.07990164,0.05704418,-0.4781764,-4.492108,0.572626,0.3891082,1.451708,0.3723452,0.03603983,-0.08357428,-0.04748712,-0.9707632,0.5242607,0.1451085,0.5561725,1.501559,0.2365546,-0.1821445,1.237014,0.2459435,275.7908,215.069,59.91776
1,1.855559,-0.09296212,0.09676197,-0.03306089,4.486198,-4.504248,-2.120569,0.2399093,1.257432,0.3798375,-0.09937806,-0.05231518,0.06890896,4.469337,-4.35096,1.479016,-0.01357231,1.209501,0.3404164,0.06614376,-0.1150561,0.05999551,-0.4788646,-4.497462,0.5765147,0.3893842,1.451774,0.3725126,0.04347472,-0.08464431,-0.04970638,-0.9715531,0.5230355,0.1450363,0.5563033,1.501481,0.2365422,-0.1824677,1.237015,0.2455786,275.8934,217.6894,57.20334
1,1.86667,-0.07842433,0.04370803,-0.04405225,4.487442,-4.504182,-2.119983,0.2399275,1.257796,0.3801091,-0.08306561,-0.009614952,0.05388157,4.470934,-4.351044,1.479132,-0.01359808,1.209849,0.3407209,0.06293608,-0.1331091,0.04713508,-0.4799091,-4.501353,0.5793321,0.3896246,1.451827,0.37255,0.03170465,-0.08250299,-0.05382255,-0.9722461,0.5221376,0.1456456,0.5564955,1.501412,0.2366681,-0.1825383,1.23707,0.2459113,275.9913,220.0501,54.69681
1,1.877781,-0.05925794,-0.006647673,-0.05734426,4.489829,-4.504102,-2.120021,0.2399443,1.25801,0.3803196,-0.05124925,0.0498518,0.04403561,4.472755,-4.351149,1.478805,-0.0136399,1.210061,0.3409724,0.05015282,-0.1395513,0.04296123,-0.4805051,-4.504766,0.5821819,0.3898296,1.451878,0.3726444,0.02738956,-0.0878232,-0.05911114,-0.9732378,0.5208296,0.1461396,0.5566425,1.501332,0.236649,-0.1826573,1.237165,0.245947,275.9361,221.7622,52.79884
1,1.888893,-0.04265391,-0.05277306,-0.06867917,4.492093,-4.503811,-2.119829,0.2399842,1.258243,0.3805089,-0.03345285,0.08836095,0.03319965,4.47513,-4.351106,1.478374,-0.01366392,1.210264,0.3412049,0.05012667,-0.1437802,0.03760919,-0.4812742,-4.508169,0.5846336,0.3900083,1.451916,0.3726702,0.02395314,-0.0867109,-0.08037308,-0.9749247,0.5200176,0.1463663,0.5567864,1.501388,0.2364125,-0.182618,1.237348,0.2463877,275.8915,223.0916,51.35961
1,1.900004,-0.04106499,-0.09272988,-0.07500757,4.494449,-4.503528,-2.119279,0.2400359,1.258293,0.3806605,-0.02621915,0.1212414,0.02457342,4.477456,-4.350839,1.478495,-0.01362744,1.210582,0.3418,0.03614014,-0.1108818,0.04433367,-0.4807597,-4.509281,0.5857053,0.390118,1.451918,0.3726895,0.01230201,-0.07180481,-0.07488397,-0.9756405,0.5198203,0.1466065,0.5568551,1.50132,0.2362854,-0.1824945,1.237699,0.2470771,275.7874,222.8422,51.6935
1,1.911115,-0.04542244,-0.1076183,-0.07710064,4.496333,-4.503393,-2.118666,0.2401063,1.258339,0.3808389,-0.02642429,0.1339076,0.02109741,4.479477,-4.350799,1.478866,-0.01363707,1.210718,0.3420403,0.02319264,-0.07158989,0.05215395,-0.4797195,-4.509205,0.5858363,0.3902069,1.451923,0.3726532,0.007059202,-0.05051574,-0.06732022,-0.9761156,0.5200912,0.1465559,0.5569683,1.501273,0.2362225,-0.1822914,1.238297,0.2480234,275.8319,220.7445,54.1061
1,1.922226,-0.05136674,-0.09838666,-0.07182244,4.497247,-4.503361,-2.117836,0.2402444,1.258094,0.3808663,-0.0356317,0.1233549,0.01840254,4.480449,-4.35096,1.479593,-0.01354846,1.210835,0.3424377,-0.003947236,-0.01094208,0.03787041,-0.4787112,-4.505727,0.5836722,0.3902659,1.451896,0.3726048,0.006201774,-0.03989771,-0.04917775,-0.9761173,0.520057,0.1464557,0.5569932,1.50131,0.2361889,-0.1820249,1.238682,0.2486015,275.9273,217.4977,57.71753
1,1.933337,-0.05532275,-0.06303451,-0.05706498,4.497305,-4.503913,-2.117153,0.2404637,1.257938,0.3810112,-0.04585681,0.09188046,0.02895097,4.480324,-4.351298,1.4804,-0.01343524,1.21083,0.3426309,-0.004174914,0.002996519,0.02304026,-0.4786526,-4.50466,0.5827361,0.3903685,1.451827,0.3725812,0.003277386,-0.03356295,-0.02569343,-0.9757652,0.5196427,0.1466853,0.5571722,1.501211,0.236105,-0.1819588,1.238951,0.2487812,275.9651,215.2617,60.15464
1,1.944448,-0.06262735,-0.02006079,-0.04474414,4.496657,-4.505055,-2.116638,0.240781,1.257686,0.38114,-0.05425705,0.05128262,0.0459356,4.479546,-4.351945,1.481318,-0.01328331,1.210747,0.3428943,-2.025114E-05,-9.794952E-05,0.01019692,-0.4789828,-4.504637,0.5825811,0.3904786,1.451754,0.3726845,0.0001179986,-0.03250481,-0.0224617,-0.976023,0.5192966,0.1469783,0.5573317,1.501051,0.2360861,-0.1817092,1.239459,0.2493539,275.9515,213.0673,62.5085
1,1.955559,-0.06994181,0.01563487,-0.03457886,4.49632,-4.50628,-2.115925,0.2410509,1.257326,0.3807297,-0.06802772,0.0250827,0.06136778,4.478613,-4.352691,1.482309,-0.01301578,1.210842,0.3434942,0.01167742,-0.02229939,-0.006028795,-0.4800044,-4.50575,0.5830248,0.3906567,1.451733,0.3726907,-0.005221784,-0.03144112,-0.0234694,-0.9765055,0.518891,0.1474342,0.557492,1.500973,0.2360077,-0.1815144,1.240206,0.2502219,275.8324,212.4081,63.16595
1,1.966671,-0.1005382,0.06650783,-0.01773525,4.49454,-4.508492,-2.11475,0.2415757,1.256857,0.3808148,-0.09459449,-0.02055713,0.08914107,4.476599,-4.353577,1.484612,-0.01272693,1.21078,0.3437924,0.02559223,-0.04029718,-0.01053219,-0.4807224,-4.50733,0.583694,0.3907634,1.451672,0.372752,-0.01156965,-0.02824741,-0.02019925,-0.9767239,0.5187686,0.1477295,0.5575956,1.50096,0.2360847,-0.1812744,1.240919,0.2508869,275.6713,212.4647,63.02785
1,1.977782,-0.1317672,0.1049853,-0.001749206,4.493177,-4.510172,-2.114318,0.2417744,1.256386,0.380394,-0.09856278,-0.05183759,0.1016919,4.474693,-4.354255,1.487252,-0.01236054,1.211154,0.3446178,0.0298998,-0.04666774,-0.009548753,-0.4811522,-4.508463,0.5842707,0.3908774,1.451638,0.3727865,-0.006239548,-0.02079378,-0.02024404,-0.9769407,0.5187625,0.1475301,0.5576258,1.500878,0.2360601,-0.1809599,1.241687,0.2515053,275.4775,212.9692,62.49382
