ref,t,emg1,emg2,emg1raw,emg2raw,aDotS,bDotS,gDotS,aS,bS,gS
90,0,-0.6586623,0.1501321,0.5193405,-1.557816,2.937891,-0.1402064,-0.3482275,-0.2388123,0.5340924,-0.05722015,-1.182029,0.3173902
90,0.01111111,-0.6255522,0.1712875,0.5126154,-1.561082,2.942913,-0.1341365,-0.3546439,-0.1781151,0.5364888,-0.05517111,-1.080084,0.2196517
90,0.02222222,-0.6052282,0.1753863,0.5188066,-1.563802,2.948572,-0.1278967,-0.3376972,-0.1418242,0.5205655,-0.05366376,-0.984911,0.1279319
90,0.03333334,-0.5667523,0.1633766,0.5386378,-1.566027,2.954894,-0.1226854,-0.3059328,-0.1320764,0.4842233,-0.05190714,-0.904376,0.05004186
90,0.04444445,-0.5378085,0.1599861,0.559624,-1.568529,2.961292,-0.1174598,-0.2720368,-0.0882498,0.4490789,-0.05202911,-0.8229322,-0.0291744
90,0.05555556,-0.5238649,0.1598458,0.5701461,-1.570972,2.967727,-0.111816,-0.2531389,-0.06882656,0.3904642,-0.0520861,-0.7706751,-0.0791811
90,0.06666667,-0.5186104,0.1491645,0.5690213,-1.573048,2.973859,-0.1061994,-0.2553534,-0.1113644,0.3668675,-0.04993906,-0.6995064,-0.1474773
90,0.07777778,-0.4902839,0.09998357,0.5580208,-1.573406,2.979781,-0.101517,-0.2822184,-0.1591086,0.3167315,-0.04713422,-0.6462997,-0.1966313
90,0.08888889,-0.4525805,0.01342601,0.5501004,-1.571723,2.986044,-0.09738328,-0.2908209,-0.1782468,0.2996476,-0.04535736,-0.5713609,-0.2680312
90,0.1,-0.4159636,-0.05603933,0.529402,-1.569763,2.991606,-0.09374274,-0.283355,-0.1952874,0.2995437,-0.04384682,-0.4824849,-0.3538787
90,0.1111111,-0.401423,-0.09449935,0.5174978,-1.568283,2.997315,-0.0895621,-0.2716429,-0.1686732,0.3049151,-0.04411526,-0.3963114,-0.437054
90,0.1222222,-0.366871,-0.1575705,0.498957,-1.565464,3.002702,-0.0862715,-0.2482001,-0.1399146,0.3091719,-0.04505429,-0.3167633,-0.5143619
90,0.1333333,-0.3469381,-0.1875184,0.4880627,-1.563043,3.008057,-0.08298463,-0.2134046,-0.1119577,0.2419794,-0.04478851,-0.2959432,-0.5337092
90,0.1444445,-0.3099475,-0.2186244,0.477007,-1.560457,3.013373,-0.08069218,-0.2251944,-0.1268151,0.2259998,-0.04431926,-0.2352759,-0.5914902
90,0.1555556,-0.287732,-0.2304809,0.4693068,-1.557958,3.018593,-0.07819307,-0.2763509,-0.1375078,0.2251104,-0.04382231,-0.1623239,-0.6595308
90,0.1666667,-0.2570984,-0.2338407,0.4434349,-1.555743,3.02307,-0.07635975,-0.2890652,-0.1045502,0.2434123,-0.0456338,-0.1058271,-0.7124936
90,0.1777778,-0.2455672,-0.2051112,0.4060689,-1.554564,3.026713,-0.07402203,-0.2868472,-0.06947887,0.2648465,-0.04808604,-0.05183843,-0.7632737
90,0.1888889,-0.2435981,-0.1752927,0.3698719,-1.553553,3.030208,-0.07134555,-0.2772749,-0.06519753,0.2594868,-0.0494059,-0.002807504,-0.809585
90,0.2,-0.2351303,-0.1412282,0.3431902,-1.553112,3.033333,-0.06900783,-0.2517765,-0.05448061,0.2466195,-0.05090845,0.03401975,-0.8442556
90,0.2111111,-0.2159141,-0.1114938,0.3291712,-1.552856,3.036635,-0.06712817,-0.2263148,-0.03095108,0.2274178,-0.05273166,0.0575573,-0.8658437
90,0.2222222,-0.1807126,-0.07548335,0.3107367,-1.553081,3.03964,-0.06603308,-0.2179271,-0.05639553,0.1974468,-0.05299903,0.09352063,-0.8995663
90,0.2333333,-0.1551504,-0.04581603,0.2913329,-1.553356,3.042511,-0.06499071,-0.2266337,-0.1073698,0.1514824,-0.0516323,0.1414309,-0.9448475
90,0.2444444,-0.113377,0.02320302,0.2717849,-1.555635,3.044632,-0.06461255,-0.2205638,-0.1220336,0.08744849,-0.04984212,0.1615463,-0.9624499
90,0.2555556,-0.09823629,0.07958058,0.2578435,-1.558282,3.046952,-0.0639718,-0.1876484,-0.09530726,0.06821701,-0.04980857,0.1703294,-0.9699765
90,0.2666667,-0.07946762,0.2041062,0.2428849,-1.563857,3.048995,-0.06344715,-0.1504009,-0.05054942,0.06605625,-0.05046158,0.1704732,-0.9693257
90,0.2777778,-0.06403524,0.2881688,0.2396278,-1.569318,3.051248,-0.06311319,-0.1334284,-0.04302788,0.05215381,-0.05051377,0.177268,-0.9750845
90,0.2888889,-0.07006827,0.3403857,0.2419036,-1.57423,3.053812,-0.0620671,-0.1388502,-0.05041227,0.02764151,-0.04946236,0.1923138,-0.9886261
90,0.3,-0.07620209,0.3830411,0.2398884,-1.579798,3.056097,-0.06104924,-0.1175981,-0.03864352,0.01799632,-0.0493553,0.1936155,-0.9891428
90,0.3111111,-0.06996006,0.3808966,0.2270159,-1.583891,3.057904,-0.06027373,-0.08140389,-0.05243457,0.007100144,-0.04864477,0.2077969,-1.003566
90,0.3222222,-0.04701668,0.3477512,0.2001061,-1.587034,3.059259,-0.06029077,-0.05704423,-0.07573112,-0.02827121,-0.04680932,0.2249018,-1.020864
90,0.3333333,-0.03461942,0.3189402,0.1796949,-1.589829,3.060634,-0.06042073,-0.05075448,-0.09906211,-0.0518397,-0.04491102,0.2403125,-1.035766
90,0.3444445,-0.02568576,0.2645819,0.1507751,-1.591354,3.061422,-0.06035788,-0.04327535,-0.1171853,-0.05089906,-0.04340953,0.2709916,-1.066202
90,0.3555556,-0.02117917,0.1985292,0.1144429,-1.591816,3.061841,-0.06001806,-0.04963098,-0.1118888,-0.0433857,-0.04272722,0.2893834,-1.083879
90,0.3666667,-0.01750401,0.1420678,0.09408548,-1.592046,3.062251,-0.05977465,-0.06339152,-0.08641018,-0.02511835,-0.04260951,0.2966684,-1.090241
90,0.3777778,-0.002403609,0.04505149,0.07037514,-1.589782,3.062479,-0.06016081,-0.06542967,-0.04284035,0.0006262753,-0.0434548,0.2880539,-1.080722
90,0.3888889,0.01078466,-0.03491255,0.05737152,-1.587554,3.063175,-0.0605736,-0.07280239,-0.01417456,0.02209464,-0.04442898,0.2891623,-1.08077
90,0.4,0.005042098,-0.0806492,0.04459228,-1.585999,3.063397,-0.06064497,-0.05691855,0.005079694,0.005049465,-0.04439703,0.2736164,-1.065011
90,0.4111111,0.00075721,-0.0859488,0.04569589,-1.584941,3.063998,-0.06053365,-0.04315944,0.01367469,-0.01202725,-0.04394482,0.2621371,-1.053409
90,0.4222222,0.006129041,-0.07851815,0.04458879,-1.584497,3.064554,-0.06081914,-0.02618689,0.002031995,-0.02813825,-0.04318102,0.2589802,-1.050413
90,0.4333333,0.01686011,-0.07326628,0.04874528,-1.583865,3.06524,-0.06127721,-0.01876157,-0.04265656,-0.04007818,-0.04166782,0.2860965,-1.077446
90,0.4444444,0.02349318,-0.0392205,0.05084432,-1.584418,3.065816,-0.06166603,-0.02089779,-0.06927551,-0.04549449,-0.0405168,0.3144261,-1.105489
90,0.4555556,0.01732883,-0.002958126,0.04988196,-1.585387,3.066278,-0.0616868,-0.01875351,-0.06395327,-0.04122727,-0.03997032,0.3168725,-1.107693
90,0.4666667,0.01108589,0.02265773,0.04784739,-1.58636,3.066736,-0.06162022,-0.01233445,-0.05757752,-0.03590161,-0.03963316,0.3239938,-1.114901
90,0.4777778,-0.003638349,0.03979184,0.05547516,-1.587353,3.067503,-0.06112913,-0.002733212,-0.03628759,-0.0305357,-0.03953835,0.3173391,-1.108494
90,0.4888889,-0.01110721,0.03985586,0.05342582,-1.587898,3.068111,-0.0609294,-0.0006259754,-0.02774073,-0.03477378,-0.03903129,0.311657,-1.102866
90,0.5,-0.01113009,0.03133031,0.05661317,-1.58805,3.068831,-0.06080956,-0.008035351,-0.04588562,-0.02735396,-0.0384667,0.3334134,-1.124322
90,0.5111111,-0.01661313,0.01432159,0.05240184,-1.587746,3.069485,-0.06053258,0.0006028842,-0.02148302,-0.001733225,-0.03912929,0.3310501,-1.122217
89.8,0.5222223,-0.02864186,-0.01967745,0.04290285,-1.586736,3.069825,-0.06007665,0.005911266,-0.01614168,-0.004931457,-0.03901637,0.331464,-1.122857
89.60001,0.5333334,-0.03316131,-0.05266232,0.03865621,-1.585404,3.070242,-0.05960261,0.005885579,-0.03528187,-0.01246716,-0.03828347,0.3473668,-1.13878
89.40001,0.5444446,-0.0366355,-0.08672459,0.03332976,-1.58353,3.070592,-0.0590817,0.006981071,-0.04914981,-0.008261614,-0.03797827,0.3718588,-1.163378
89.20001,0.5555557,-0.03785726,-0.1026924,0.02906738,-1.58203,3.070937,-0.05853095,0.008049287,-0.05126188,-0.008286431,-0.0376507,0.3767068,-1.168329
89.00002,0.5666668,-0.04104516,-0.1026627,0.02910127,-1.58115,3.071318,-0.05812988,0.01232974,-0.04702238,-0.001894809,-0.03768213,0.38756,-1.179288
88.80002,0.577778,-0.04522631,-0.08878519,0.02809338,-1.580547,3.071623,-0.05751363,0.02087605,-0.03425976,0.00450686,-0.0378808,0.3899235,-1.182123
88.60002,0.5888891,-0.04821534,-0.06320095,0.03134316,-1.580599,3.072034,-0.05698579,0.02199049,-0.01618977,0.01630061,-0.03856098,0.3863842,-1.178853
88.40002,0.6000003,-0.06285003,-0.03647259,0.0411138,-1.581016,3.07278,-0.05597645,0.01458598,-0.02262745,0.02696756,-0.03898229,0.4010452,-1.193394
88.20003,0.6111114,-0.07430596,-0.006574709,0.04765441,-1.581742,3.073475,-0.05485579,0.006148976,-0.03334019,0.04294229,-0.0395277,0.4213313,-1.213498
88.00003,0.6222225,-0.08580191,0.02441366,0.05098873,-1.582963,3.073871,-0.05342621,-0.002352203,-0.03336217,0.04724583,-0.03999695,0.4350444,-1.226952
87.80003,0.6333337,-0.09098645,0.05108336,0.04787111,-1.584256,3.07425,-0.05227306,-0.002296809,-0.03446037,0.05788809,-0.04066221,0.448684,-1.24059
87.60004,0.6444448,-0.09180485,0.09372912,0.04471302,-1.586686,3.074431,-0.05124348,-0.002250228,-0.02491722,0.06858468,-0.04172161,0.4580672,-1.249954
87.40004,0.655556,-0.09698066,0.1225262,0.04159566,-1.588755,3.074714,-0.04995131,0.0030849,-0.03343108,0.06958865,-0.0423107,0.4744006,-1.266427
87.20004,0.6666671,-0.100199,0.1204331,0.04056025,-1.590211,3.075061,-0.04877793,0.006232452,-0.04617047,0.05781415,-0.04250458,0.4992639,-1.291465
87.00005,0.6777782,-0.1002847,0.1023207,0.0437414,-1.590894,3.075608,-0.04764821,-0.003462256,-0.06525046,0.03434062,-0.04182441,0.5229857,-1.314809
86.80005,0.6888894,-0.1036642,0.06931575,0.04693995,-1.590695,3.076207,-0.04637256,-0.01517893,-0.07163872,0.03330957,-0.04204066,0.5444572,-1.335841
86.60005,0.7000005,-0.104898,0.04695383,0.04480255,-1.590598,3.076643,-0.04517307,-0.02156564,-0.06206362,0.03551079,-0.04238261,0.5566646,-1.347619
86.40005,0.7111117,-0.09781644,0.006417165,0.03510719,-1.589457,3.076835,-0.04413977,-0.03849879,-0.01636206,0.06241492,-0.04399755,0.5375034,-1.3277
86.20006,0.7222228,-0.0936789,-0.00322216,0.03079385,-1.588866,3.077109,-0.04300579,-0.03629943,0.003811315,0.07847223,-0.0454575,0.5337579,-1.323637
86.00006,0.7333339,-0.08109035,-0.02570706,0.02424601,-1.587591,3.077332,-0.04270326,-0.0352918,0.003864445,0.0667422,-0.04574512,0.5340447,-1.323572
85.80006,0.7444451,-0.07902389,-0.03637804,0.02528017,-1.586884,3.077698,-0.04179033,-0.02467679,0.0007055998,0.05816007,-0.04618987,0.5397237,-1.3293
85.60007,0.7555562,-0.07377624,-0.0428046,0.02202854,-1.586253,3.077985,-0.04104197,-0.02575432,-0.01737749,0.05275556,-0.0463422,0.553644,-1.34295
85.40007,0.7666674,-0.06424534,-0.04392122,0.0166067,-1.585797,3.078082,-0.04069417,-0.02473691,-0.03331183,0.04097498,-0.04641037,0.5726808,-1.361721
85.20007,0.7777785,-0.05462842,-0.03332619,0.01117359,-1.585699,3.077811,-0.04054343,-0.02798597,-0.03752564,0.02925422,-0.0463161,0.5829489,-1.371606
85.00008,0.7888896,-0.0374115,-0.00894223,0.01421691,-1.586174,3.078015,-0.04024303,-0.02805474,-0.0278824,0.01543676,-0.04605138,0.5818858,-1.370315
84.80008,0.8000008,-0.02766029,0.006977081,0.01944453,-1.586722,3.078095,-0.04019775,-0.02912031,-0.01829978,0.01654628,-0.04626603,0.582028,-1.3701
84.60008,0.8111119,-0.01676603,0.02818985,0.02895327,-1.587481,3.078777,-0.04035169,-0.01627645,0.01041059,0.03152059,-0.04735526,0.5659941,-1.354312
84.40009,0.8222231,-0.0004424974,0.06429809,0.03841471,-1.589273,3.079401,-0.0409216,-0.01418946,0.01364011,0.02300651,-0.04746605,0.5626258,-1.350877
84.20009,0.8333342,0.01061825,0.1046945,0.05218932,-1.591567,3.080191,-0.04130776,-0.01739086,0.01151202,0.02194633,-0.04765886,0.5630524,-1.350963
84.00009,0.8444453,0.01837035,0.1397924,0.0585408,-1.594025,3.080899,-0.04170723,-0.02502939,-0.005381963,-0.0164309,-0.04626231,0.5699891,-1.357385
83.80009,0.8555565,0.02278301,0.1557297,0.06277892,-1.596076,3.081609,-0.04210511,-0.03367639,-0.003157785,-0.04088751,-0.04510436,0.5635893,-1.35033
83.6001,0.8666676,0.03664261,0.1535164,0.06368187,-1.597799,3.082045,-0.0431038,-0.03705098,0.01295649,-0.07489046,-0.04356292,0.5420588,-1.32833
83.4001,0.8777788,0.04714581,0.1310771,0.0635515,-1.598646,3.082747,-0.04386759,-0.03824588,0.04820943,-0.09711574,-0.04237249,0.4955882,-1.281472
83.2001,0.8888899,0.05764357,0.105451,0.0634113,-1.59924,3.083377,-0.04495149,-0.03614546,0.07059282,-0.1012881,-0.04172481,0.4579258,-1.243562
83.00011,0.900001,0.08712888,0.05199261,0.06088193,-1.598605,3.084119,-0.04655685,-0.02332915,0.1046732,-0.09270397,-0.0417605,0.3960957,-1.182077
82.80011,0.9111122,0.1123481,0.01878469,0.04997724,-1.597431,3.084515,-0.04874224,-0.02229729,0.1078948,-0.09801766,-0.04122254,0.3556678,-1.141404
82.60011,0.9222233,0.1302963,0.001633435,0.04444484,-1.597142,3.084885,-0.05068848,-0.01814055,0.1133088,-0.1193271,-0.04000015,0.3051162,-1.090807
82.40012,0.9333345,0.1568755,-0.001738634,0.04097286,-1.59701,3.085317,-0.05317374,-0.01296723,0.1198178,-0.1481009,-0.03842781,0.2401165,-1.025755
82.20012,0.9444456,0.1878537,0.01405711,0.03853232,-1.597807,3.085518,-0.05608937,0.008269725,0.1954868,-0.153227,-0.03913675,0.1210897,-0.9074322
82.00012,0.9555568,0.2243914,0.04895448,0.04672588,-1.599168,3.086265,-0.05952857,0.05809033,0.2287403,-0.1991483,-0.03915166,-0.002244512,-0.7860549
81.80013,0.9666679,0.2469582,0.07223611,0.05183607,-1.600547,3.086738,-0.06266578,0.07253643,0.1971888,-0.2973575,-0.03629782,-0.142739,-0.6468275
81.60013,0.977779,0.2889149,0.1252218,0.05785771,-1.603524,3.087343,-0.06706532,0.07848947,0.1581533,-0.3902275,-0.0330429,-0.3202568,-0.4702988
81.40013,0.9888902,0.3369939,0.1579516,0.04993019,-1.606211,3.087305,-0.07208218,0.0846978,0.1402079,-0.4318784,-0.03168523,-0.5007068,-0.291165
81.20013,1.000001,0.3945649,0.1735626,0.04402755,-1.608601,3.087438,-0.07799174,0.09530672,0.04440859,-0.449364,-0.02848517,-0.6557763,-0.1373094
81.00014,1.011112,0.4338491,0.1733259,0.030834,-1.610448,3.087146,-0.08380009,0.05294117,-0.002666563,-0.4046014,-0.02689154,-0.7594952,-0.03297846
80.80014,1.022224,0.4834711,0.1421353,0.006846752,-1.611083,3.086467,-0.09062844,0.01368146,0.07916741,-0.3635813,-0.03018373,-0.8583251,0.06676918
80.60014,1.033335,0.5307284,0.08219849,-0.02141009,-1.610252,3.085602,-0.09762776,0.004445426,0.1810998,-0.2800224,-0.03510046,-0.8731035,0.08159872
80.40015,1.044446,0.5433823,0.07253555,-0.02794432,-1.61074,3.085057,-0.1040161,0.00128419,0.237505,-0.2680614,-0.03937803,-0.9333037,0.141644
80.20015,1.055557,0.5645073,0.04790283,-0.03031752,-1.61066,3.084772,-0.1107774,0.02138514,0.2610559,-0.2925775,-0.04343296,-1.017567,0.2251617
80.00015,1.066668,0.5838307,0.0466941,-0.01560596,-1.611258,3.084965,-0.1177905,0.02862848,0.2569738,-0.3352364,-0.04727431,-1.104256,0.3112852
79.80016,1.077779,0.6042122,0.05827214,-0.009409161,-1.612234,3.084931,-0.1251009,0.01747458,0.2030744,-0.4419356,-0.05101551,-1.246349,0.4533867
79.60016,1.08889,0.6341923,0.09111246,-0.0150179,-1.614038,3.084341,-0.1327863,0.01735255,0.1265108,-0.4752735,-0.05343793,-1.352427,0.5592404
79.40016,1.100002,0.6351803,0.1039158,-0.03099596,-1.615409,3.083379,-0.1399923,0.03443515,0.08602819,-0.4733876,-0.05626034,-1.429334,0.6351759
79.20016,1.111113,0.608646,0.1285895,-0.03707547,-1.617315,3.082613,-0.1459679,0.03553668,0.07854176,-0.4649012,-0.05990461,-1.486635,0.6920632
79.00017,1.122224,0.5682825,0.1682782,-0.05043911,-1.62014,3.081344,-0.1511631,0.03009391,0.05733493,-0.4915765,-0.06393664,-1.557087,0.7621975
78.80017,1.133335,0.5682088,0.1714801,-0.06001724,-1.621833,3.080193,-0.1576091,0.005647957,0.04875475,-0.4797766,-0.06784563,-1.608962,0.8146458
78.60017,1.144446,0.5818579,0.1618183,-0.07190671,-1.623126,3.07871,-0.1643426,-0.0131989,0.09212835,-0.4091804,-0.07106858,-1.611095,0.8173819
78.40018,1.155557,0.5742662,0.1565665,-0.08142157,-1.624634,3.077338,-0.1705893,-0.002389446,0.1281898,-0.3664879,-0.07507131,-1.614914,0.8212345
78.20018,1.166668,0.5592551,0.1556214,-0.0897904,-1.626228,3.075867,-0.176428,0.001912072,0.1441291,-0.355786,-0.07912305,-1.62811,0.8342584
78.00018,1.17778,0.5282831,0.1569014,-0.09798609,-1.627793,3.074336,-0.181601,0.00709331,0.1420964,-0.3760837,-0.08408985,-1.654012,0.8603078
77.80019,1.188891,0.5058808,0.1453247,-0.09350236,-1.62892,3.073256,-0.1866652,0.005962029,0.1442758,-0.3899078,-0.08859804,-1.674736,0.8808885
77.60019,1.200002,0.494128,0.1229961,-0.08168563,-1.629397,3.072567,-0.1917348,0.01222871,0.112425,-0.4145831,-0.09309878,-1.709077,0.9150169
77.40019,1.211113,0.4898642,0.1027783,-0.06888716,-1.630014,3.072001,-0.1970824,0.01959789,0.09227352,-0.4317481,-0.09768102,-1.736326,0.9418482
77.2002,1.222224,0.4686652,0.1028899,-0.05589744,-1.631008,3.07134,-0.2014756,0.03022498,0.06142305,-0.4415094,-0.1017636,-1.766954,0.971674
77.0002,1.233335,0.4474215,0.1072853,-0.05247618,-1.632173,3.070603,-0.205905,0.04099336,0.06666157,-0.4149091,-0.1055389,-1.779336,0.9834186
76.8002,1.244446,0.4145357,0.1266735,-0.05104585,-1.633962,3.069699,-0.2096643,0.04001933,0.05062205,-0.4000475,-0.1089398,-1.798207,1.001718
76.6002,1.255558,0.3964801,0.1395674,-0.05085878,-1.635614,3.068605,-0.2132665,0.01461944,0.05364819,-0.3626237,-0.1118006,-1.807933,1.012145
76.40021,1.266669,0.3732259,0.1492987,-0.03890684,-1.637505,3.067955,-0.21689,0.0009243339,0.07268165,-0.3283864,-0.1149117,-1.810002,1.014624
76.20021,1.27778,0.3466918,0.1473275,-0.02798108,-1.639056,3.06761,-0.2200069,-0.01278984,0.1023625,-0.295173,-0.1179514,-1.807351,1.012613
76.00021,1.288891,0.3285461,0.1325172,-0.02141535,-1.639959,3.067373,-0.223076,-0.014818,0.1214635,-0.2737671,-0.1210092,-1.803674,1.009065
75.80022,1.300002,0.2966518,0.1049981,0.002317704,-1.640457,3.067998,-0.2253705,0.009015943,0.1967478,-0.1840945,-0.1230002,-1.774106,0.9790869
75.60022,1.311113,0.2871473,0.09757873,0.01624465,-1.641365,3.068196,-0.2281956,0.01868187,0.2105427,-0.1681077,-0.1257646,-1.762346,0.9668548
75.40022,1.322224,0.2787705,0.1029471,0.02699161,-1.642745,3.068464,-0.2310676,0.03241393,0.1957349,-0.1927378,-0.1291026,-1.764214,0.9678926
75.20023,1.333336,0.2787717,0.1072215,0.02486131,-1.644205,3.068269,-0.2341947,0.0163585,0.1925872,-0.2065076,-0.1324017,-1.764037,0.9681855
75.00023,1.344447,0.2819853,0.1082647,0.02589468,-1.645495,3.068292,-0.2373782,0.007619083,0.1480512,-0.2567068,-0.136079,-1.77822,0.9823048
74.80023,1.355558,0.2860703,0.09547691,0.01625112,-1.646275,3.068012,-0.2408084,-0.009587288,0.1492356,-0.2875133,-0.1404663,-1.784678,0.989347
74.60023,1.366669,0.3006142,0.05490075,0.006466545,-1.645561,3.06799,-0.2444356,-0.00101237,0.1534727,-0.2779504,-0.1438363,-1.783027,0.9874221
74.40024,1.37778,0.3182665,0.01006183,-0.009753028,-1.644289,3.067683,-0.2485102,0.01304523,0.1735466,-0.2342634,-0.1464765,-1.774362,0.9782861
74.20024,1.388891,0.3444919,-0.02203939,-0.02923436,-1.643218,3.067206,-0.2530365,0.01436888,0.1807951,-0.1831016,-0.1481719,-1.764206,0.9680042
74.00024,1.400002,0.3633137,-0.04769097,-0.04652867,-1.642052,3.066362,-0.2574201,-0.005856773,0.2148374,-0.1754013,-0.1514204,-1.752287,0.9568823
73.80025,1.411114,0.382112,-0.08188529,-0.06168104,-1.640055,3.065779,-0.2622021,-0.03674614,0.2414345,-0.170867,-0.1549193,-1.741728,0.9477511
73.60025,1.422225,0.3956726,-0.1160557,-0.06825625,-1.637681,3.065446,-0.2669899,-0.0431435,0.2989371,-0.1652659,-0.1590653,-1.722264,0.9290917
73.40025,1.433336,0.4133935,-0.1598501,-0.07807936,-1.634491,3.065202,-0.27197,-0.03576686,0.313914,-0.179092,-0.1633349,-1.712079,0.9192193
73.20026,1.444447,0.4313679,-0.1823396,-0.07722831,-1.63168,3.065135,-0.2772745,-0.008250158,0.283204,-0.220911,-0.1676055,-1.715515,0.9218098
73.00026,1.455558,0.4558107,-0.1846442,-0.08066505,-1.629325,3.06495,-0.2828964,0.0202446,0.2291412,-0.2798712,-0.1720732,-1.727519,0.9326528
72.80026,1.466669,0.4794332,-0.1581583,-0.07980773,-1.628306,3.064461,-0.2889098,0.02539124,0.1941501,-0.3194597,-0.1765292,-1.737791,0.9424381
72.60027,1.47778,0.5030922,-0.1210421,-0.08106759,-1.627588,3.063687,-0.2951352,0.03138414,0.1028899,-0.4104207,-0.1814433,-1.767413,0.9710833
72.40027,1.488891,0.5215266,-0.07641578,-0.07903326,-1.62772,3.063174,-0.3014911,0.0366272,0.05504447,-0.4308877,-0.1855052,-1.785811,0.9887622
72.20027,1.500003,0.5420413,-0.04246795,-0.07388738,-1.627781,3.062348,-0.3080787,0.03673327,0.08795387,-0.4073182,-0.1896176,-1.788886,0.9913204
72.00027,1.511114,0.54434,-0.02011217,-0.07167608,-1.628097,3.062232,-0.3141263,0.04956074,0.141171,-0.3922499,-0.1946004,-1.786296,0.9878434
71.80028,1.522225,0.5361419,0.02786555,-0.07045869,-1.629323,3.061048,-0.3199058,0.04519305,0.1657408,-0.4102275,-0.2000231,-1.790078,0.9911521
71.60028,1.533336,0.5267646,0.06842149,-0.07556406,-1.63099,3.06016,-0.3255182,0.02262178,0.1765367,-0.4473524,-0.2062128,-1.796537,0.9978715
71.40028,1.544447,0.535373,0.09394207,-0.08414537,-1.632136,3.058503,-0.3318682,0.01183358,0.1659903,-0.477164,-0.211977,-1.806326,1.007511
71.20029,1.555558,0.5438937,0.09816656,-0.0863131,-1.633137,3.057526,-0.3381048,0.008502722,0.1533192,-0.5048981,-0.2180532,-1.816936,1.017906
71.00029,1.566669,0.5564789,0.07679338,-0.09076704,-1.63295,3.05613,-0.3445576,0.0170324,0.1426614,-0.5039182,-0.2233769,-1.825054,1.025409
70.80029,1.577781,0.5572473,0.0426986,-0.0982357,-1.632104,3.055396,-0.3507607,0.03013691,0.112586,-0.4423216,-0.2262446,-1.831346,1.030901
70.6003,1.588892,0.5559259,0.01289638,-0.1045472,-1.631407,3.055233,-0.3568753,0.04625589,0.1412315,-0.4103293,-0.2307416,-1.831014,1.029683
70.4003,1.600003,0.5482382,-0.01473736,-0.1098385,-1.630188,3.054211,-0.362869,0.05055805,0.1646335,-0.4006663,-0.235645,-1.83148,1.029411
70.2003,1.611114,0.5406668,-0.0381369,-0.1064997,-1.629045,3.054372,-0.3686481,0.04299085,0.172157,-0.4197825,-0.2412238,-1.835544,1.033162
70.00031,1.622225,0.5374514,-0.04876826,-0.1001043,-1.628022,3.053679,-0.374401,0.02797411,0.1424206,-0.4443271,-0.2464308,-1.844736,1.042159
69.80031,1.633336,0.527824,-0.05827949,-0.09779228,-1.627181,3.053852,-0.3799351,0.03231145,0.1636437,-0.425089,-0.2512277,-1.845372,1.042409
69.60031,1.644447,0.5118247,-0.04964386,-0.1050915,-1.626315,3.052552,-0.3852752,0.05363287,0.1742968,-0.4219572,-0.2563245,-1.846723,1.04245
69.40031,1.655559,0.5066298,-0.03473081,-0.1028017,-1.625898,3.052304,-0.390854,0.06949396,0.142472,-0.4498653,-0.261711,-1.85518,1.049346
69.20032,1.66667,0.5014525,-0.01122868,-0.1016969,-1.626096,3.050718,-0.3962123,0.0673037,0.09461188,-0.466033,-0.2665728,-1.866698,1.059893
69.00032,1.677781,0.4982666,-0.006949596,-0.1047934,-1.625685,3.050043,-0.4018396,0.0353502,0.05731505,-0.4670898,-0.2709484,-1.877881,1.071399
68.80032,1.688892,0.4874377,-0.02712496,-0.109969,-1.624505,3.049747,-0.4070562,0.04395443,0.07641488,-0.44788,-0.2755743,-1.880843,1.073563
68.60033,1.700003,0.4756477,-0.03448875,-0.1141229,-1.623535,3.048685,-0.4123969,0.05472343,0.08910668,-0.4233714,-0.2797134,-1.883597,1.075292
68.40033,1.711114,0.458593,-0.03439612,-0.1160276,-1.622664,3.048126,-0.4171373,0.06452405,0.1379237,-0.3752859,-0.2836235,-1.879478,1.070349
68.20033,1.722225,0.4469584,-0.02685239,-0.1137736,-1.622187,3.047006,-0.4220567,0.07210419,0.2070528,-0.3441484,-0.2883559,-1.871999,1.06208
68.00034,1.733337,0.4386991,-0.004442707,-0.1019239,-1.622411,3.046185,-0.4267353,0.07855861,0.2165762,-0.3292312,-0.2925099,-1.869761,1.058972
67.80034,1.744448,0.4411343,0.02214715,-0.08806312,-1.622934,3.045216,-0.4317144,0.07530786,0.1995853,-0.3420646,-0.2969685,-1.87184,1.060208
67.60034,1.755559,0.4467092,0.03913581,-0.07424316,-1.623557,3.044428,-0.4368735,0.07626694,0.1581399,-0.3667449,-0.3014661,-1.877905,1.065236
67.40034,1.76667,0.4564122,0.03798815,-0.06261566,-1.623672,3.043895,-0.4423798,0.07400265,0.08691573,-0.4021731,-0.3057442,-1.889099,1.075073
67.20035,1.777781,0.4616178,0.02837799,-0.06590915,-1.623286,3.042883,-0.447279,0.06556346,0.09536317,-0.3839768,-0.30956,-1.890241,1.075691
67.00035,1.788892,0.4485502,0.009320175,-0.08178943,-1.622428,3.041831,-0.4520237,0.07207602,0.1272067,-0.3551161,-0.3134232,-1.888978,1.073582
66.80035,1.800003,0.4347019,0.007299293,-0.08165992,-1.622219,3.040917,-0.4568104,0.07528625,0.1378531,-0.3518924,-0.3177396,-1.889882,1.073453
66.60036,1.811115,0.415515,0.00424125,-0.08043657,-1.621853,3.039925,-0.460999,0.05716866,0.1367748,-0.3518066,-0.3218595,-1.891789,1.075214
66.40036,1.822226,0.4165654,-0.001109982,-0.07726198,-1.621267,3.039299,-0.4655568,0.03691769,0.1325094,-0.3549187,-0.3260721,-1.894379,1.077772
66.20036,1.833337,0.4134153,-0.009605918,-0.0666337,-1.620807,3.038627,-0.4700692,0.04010449,0.1271988,-0.3570884,-0.330233,-1.896595,1.079326
66.00037,1.844448,0.4059372,-0.01807179,-0.06232633,-1.620224,3.038147,-0.474261,0.04854573,0.08893777,-0.3775315,-0.3344297,-1.903789,1.08533
65.80037,1.855559,0.3973455,-0.02544296,-0.0644372,-1.619482,3.037129,-0.4785669,0.04536538,0.07507798,-0.3743786,-0.3382747,-1.908242,1.089225
65.60037,1.86667,0.3898807,-0.02539131,-0.06542668,-1.618909,3.036589,-0.4827842,0.04964197,0.06762347,-0.3733658,-0.3421928,-1.912167,1.092193
65.40038,1.877781,0.3835288,-0.01682422,-0.06647275,-1.618381,3.035405,-0.4869292,0.0453852,0.06763464,-0.3744029,-0.3462189,-1.915746,1.095027
65.20038,1.888893,0.3836736,0.00234786,-0.06431746,-1.618547,3.034585,-0.4912254,0.03048755,0.06973213,-0.3689937,-0.3501311,-1.918886,1.098144
65.00038,1.900004,0.3881077,0.02255488,-0.06007325,-1.618993,3.033725,-0.4956867,0.02092698,0.08355345,-0.3624887,-0.3541056,-1.920464,1.099574
64.80038,1.911115,0.3915037,0.04703257,-0.0558161,-1.619716,3.032721,-0.5002034,0.02006099,0.1110803,-0.3208231,-0.3571821,-1.918505,1.097495
64.60039,1.922226,0.3852264,0.06411529,-0.05572821,-1.620381,3.031636,-0.5044123,0.04999184,0.1418916,-0.2963347,-0.3604865,-1.915972,1.093818
64.40039,1.933337,0.3630756,0.08768464,-0.04908559,-1.621543,3.030509,-0.507975,0.07231799,0.1216983,-0.3061261,-0.3641686,-1.918809,1.095188
64.20039,1.944448,0.3598943,0.08876555,-0.04587415,-1.622121,3.029546,-0.5116316,0.06052962,0.09300193,-0.3253542,-0.3678752,-1.923473,1.099206
64.0004,1.955559,0.3514245,0.0920202,-0.04259104,-1.622937,3.02865,-0.51536,0.03913449,0.06218271,-0.3466784,-0.3717528,-1.929453,1.104959
63.8004,1.966671,0.3417365,0.07290936,-0.04038933,-1.623004,3.028164,-0.5189505,0.03695861,0.04304895,-0.3595265,-0.3755089,-1.934873,1.109564
63.6004,1.977782,0.3243961,0.04747554,-0.05309261,-1.622235,3.026895,-0.522231,0.03168072,0.01213509,-0.3542978,-0.3785513,-1.940933,1.114918
63.40039,1.988893,0.3167306,0.02944132,-0.06158877,-1.621738,3.025886,-0.5255546,0.031903,0.02153873,-0.3095168,-0.3806877,-1.942296,1.115811
63.20039,2.000004,0.3101526,0.001789859,-0.06051155,-1.620815,3.025527,-0.5285917,0.04269367,0.05125123,-0.2806806,-0.3833514,-1.94173,1.114399
63.00039,2.011115,0.302675,-0.01093651,-0.05407993,-1.620333,3.02512,-0.5317209,0.05659188,0.07250665,-0.2668198,-0.3863517,-1.941923,1.113673
62.80039,2.022226,0.2942077,-0.01088793,-0.04867674,-1.620014,3.024717,-0.5348186,0.05336353,0.07892027,-0.2721081,-0.3897307,-1.943117,1.114299
62.60039,2.033337,0.2847562,-0.002310788,-0.04115057,-1.619897,3.024017,-0.5378392,0.04259397,0.07474236,-0.2944439,-0.3935603,-1.946208,1.11706
62.40039,2.044448,0.2742988,0.02332718,-0.03569303,-1.620625,3.023252,-0.5403761,0.02982883,0.05555087,-0.2923289,-0.3964168,-1.949471,1.120118
62.20039,2.055559,0.2616854,0.04471368,-0.03236861,-1.621263,3.022206,-0.543076,0.02243572,0.04058802,-0.2816996,-0.3990134,-1.952666,1.123017
62.00039,2.06667,0.2532675,0.06288101,-0.03335133,-1.62189,3.021022,-0.5458202,0.02795557,0.06067826,-0.243292,-0.4011067,-1.951643,1.121464
61.80039,2.077781,0.2511154,0.06928744,-0.03864706,-1.622355,3.020111,-0.5484999,0.03334469,0.07447197,-0.2294093,-0.4035616,-1.951395,1.120711
61.60039,2.088892,0.2490005,0.06504333,-0.03437803,-1.622746,3.019464,-0.5512599,0.02808308,0.05844049,-0.2177331,-0.4055781,-1.953336,1.122387
61.40039,2.100003,0.2520917,0.0426523,-0.03123842,-1.622562,3.019293,-0.5541947,0.02277534,0.0541669,-0.215593,-0.4079419,-1.954775,1.123526
61.20039,2.111114,0.2497236,0.00964729,-0.03338539,-1.621738,3.019248,-0.5567738,0.02282804,0.0700892,-0.2016796,-0.4101513,-1.954075,1.122726
61.00039,2.122225,0.2537877,-0.01487582,-0.03771605,-1.620756,3.019232,-0.5597038,0.02392736,0.07325485,-0.1942134,-0.4122818,-1.95417,1.122525
60.80038,2.133336,0.2534724,-0.05747277,-0.04310939,-1.618823,3.019384,-0.5625613,0.02392025,0.05302426,-0.1974944,-0.4143665,-1.956756,1.124679
60.60038,2.144447,0.2564339,-0.08305121,-0.0506167,-1.617169,3.019686,-0.5654908,0.01747943,0.04561229,-0.2081415,-0.4168428,-1.958698,1.126417
60.40038,2.155558,0.2510043,-0.09260097,-0.05483259,-1.615685,3.019781,-0.5681289,0.02174612,0.07223138,-0.2037924,-0.4194734,-1.95747,1.12494
60.20038,2.166669,0.2467009,-0.1000334,-0.05372527,-1.614428,3.020036,-0.5706313,0.03235351,0.08079481,-0.2112568,-0.4220817,-1.95741,1.124245
60.00038,2.17778,0.2391838,-0.102117,-0.05790957,-1.613022,3.020066,-0.5730712,0.02486636,0.08507319,-0.2165243,-0.4247891,-1.957913,1.124637
59.80038,2.188891,0.2423703,-0.1063883,-0.05691027,-1.611503,3.019905,-0.5759197,0.0227737,0.08504106,-0.2090567,-0.4270922,-1.958042,1.124551
59.60038,2.200002,0.2477155,-0.1042775,-0.05697331,-1.610303,3.019842,-0.578887,0.02705226,0.07225521,-0.2080628,-0.429325,-1.959421,1.125335
59.40038,2.211113,0.2540914,-0.09685184,-0.06344746,-1.608956,3.019321,-0.5819688,0.03558203,0.0733188,-0.204906,-0.431708,-1.9597,1.125056
59.20038,2.222224,0.2626385,-0.07985012,-0.07097337,-1.608077,3.018746,-0.5850938,0.04198522,0.07970782,-0.202777,-0.4341187,-1.959521,1.124194
59.00038,2.233335,0.2669025,-0.076679,-0.07316233,-1.60684,3.018287,-0.5882422,0.0548337,0.1073348,-0.184626,-0.4364569,-1.95704,1.121115
58.80038,2.244446,0.2679566,-0.07668447,-0.07423869,-1.60566,3.018049,-0.5912489,0.06340368,0.1147639,-0.1761121,-0.4385875,-1.955626,1.118787
58.60038,2.255557,0.2701142,-0.08309142,-0.06787603,-1.604452,3.018178,-0.594295,0.06339562,0.1105037,-0.1772003,-0.4409295,-1.955616,1.118168
58.40038,2.266668,0.2765204,-0.07994169,-0.06793141,-1.603351,3.018075,-0.5974945,0.05911746,0.1019961,-0.181464,-0.44311,-1.955868,1.117887
58.20037,2.277779,0.2808391,-0.0767722,-0.0647935,-1.602278,3.017796,-0.6007602,0.05275692,0.111546,-0.1728736,-0.4453439,-1.95441,1.116249
58.00037,2.28889,0.2884024,-0.06723857,-0.0606216,-1.601344,3.017459,-0.6042297,0.0634481,0.1093984,-0.1665471,-0.4473754,-1.953644,1.114468
57.80037,2.300001,0.2937536,-0.06195049,-0.06067488,-1.600436,3.01722,-0.607548,0.08032309,0.08079526,-0.2040486,-0.4504481,-1.95698,1.116099
57.60037,2.311112,0.2928117,-0.04596598,-0.05853526,-1.599945,3.016614,-0.6108274,0.08228986,0.06389493,-0.2382234,-0.4538639,-1.960108,1.117973
57.40037,2.322223,0.2929621,-0.02892476,-0.05425358,-1.599848,3.016188,-0.6141021,0.07364811,0.05015433,-0.2648668,-0.4572403,-1.963169,1.120063
57.20037,2.333334,0.2995076,-0.01298384,-0.04899179,-1.59983,3.015568,-0.6176371,0.06194103,0.01499328,-0.2660207,-0.4596323,-1.967701,1.123794
57.00037,2.344445,0.3143106,-0.009879202,-0.06085978,-1.599118,3.014845,-0.6214274,0.05558655,0.01495743,-0.258523,-0.4619956,-1.96982,1.125233
56.80037,2.355556,0.3184281,-0.01415884,-0.07156305,-1.598223,3.014141,-0.6249587,0.05462897,0.030838,-0.2339524,-0.4641629,-1.970128,1.125013
56.60037,2.366668,0.3183288,-0.01947918,-0.07795917,-1.597326,3.013506,-0.6285273,0.06540526,0.0605588,-0.2061824,-0.4661698,-1.968538,1.122527
56.40037,2.377779,0.3172583,-0.02799938,-0.07263406,-1.596475,3.013297,-0.6318632,0.07820014,0.09995957,-0.1986305,-0.469053,-1.966036,1.119089
56.20037,2.38889,0.3150946,-0.03756923,-0.07050702,-1.595476,3.012916,-0.6353716,0.07279491,0.1117257,-0.2113413,-0.4721572,-1.965751,1.118262
56.00037,2.400001,0.3214718,-0.03973736,-0.07057623,-1.594634,3.012565,-0.6390942,0.06212085,0.1170638,-0.2155248,-0.4750259,-1.965299,1.117399
55.80037,2.411112,0.3235211,-0.04613579,-0.07486875,-1.593486,3.012157,-0.6428003,0.06741035,0.1192315,-0.2229916,-0.4779064,-1.964948,1.116152
55.60036,2.422223,0.32873,-0.0546992,-0.07918833,-1.59213,3.011964,-0.6463135,0.0673162,0.1129194,-0.2421931,-0.4812833,-1.965783,1.116158
55.40036,2.433334,0.3329318,-0.06111456,-0.08136918,-1.590883,3.011702,-0.6501506,0.0673378,0.1160939,-0.2368606,-0.484184,-1.965512,1.115209
55.20036,2.444445,0.3361489,-0.05580678,-0.08246313,-1.58994,3.011242,-0.6539786,0.07588598,0.1182078,-0.2315689,-0.4869563,-1.965101,1.113766
55.00036,2.455556,0.339457,-0.04410838,-0.07824188,-1.58926,3.010592,-0.6578029,0.08007231,0.09697983,-0.2487167,-0.4900152,-1.966889,1.114345
54.80036,2.466667,0.3394804,-0.03878132,-0.07931486,-1.588358,3.009952,-0.6616768,0.07366768,0.07995118,-0.2530179,-0.4929016,-1.968693,1.115308
54.60036,2.477778,0.3405994,-0.03133223,-0.0782472,-1.58776,3.009461,-0.6654015,0.0641844,0.06176582,-0.235991,-0.4948393,-1.970052,1.115958
54.40036,2.488889,0.3415725,-0.03239462,-0.08678036,-1.586713,3.008776,-0.669286,0.05993062,0.05963282,-0.2349122,-0.4974673,-1.971171,1.116355
54.20036,2.5,0.3382331,-0.03981731,-0.09633883,-1.585457,3.008111,-0.6730192,0.05785164,0.07343639,-0.2231273,-0.5000245,-1.970832,1.115458
54.00036,2.511111,0.3370045,-0.05685248,-0.101666,-1.583854,3.007823,-0.6767167,0.06749239,0.1042764,-0.2081359,-0.502637,-1.969048,1.112906
53.80036,2.522222,0.3358043,-0.07708522,-0.1027374,-1.582041,3.007754,-0.6804249,0.07702986,0.1320068,-0.2144611,-0.5059122,-1.967265,1.110217
53.60036,2.533333,0.3336793,-0.08240656,-0.09845687,-1.580629,3.007643,-0.6839722,0.08440736,0.1352621,-0.2283344,-0.5091559,-1.967252,1.109169
53.40036,2.544444,0.3475567,-0.08675708,-0.0932789,-1.57919,3.007658,-0.6882274,0.08003131,0.1097988,-0.2539857,-0.51256,-1.969473,1.110341
53.20036,2.555555,0.3571537,-0.08894578,-0.09124909,-1.577804,3.007592,-0.6924602,0.07460006,0.08433202,-0.2775037,-0.5160359,-1.972272,1.112117
53.00035,2.566666,0.3731319,-0.08904327,-0.09141596,-1.576414,3.007453,-0.6970531,0.06283323,0.06626339,-0.2892372,-0.5192999,-1.975211,1.114345
52.80035,2.577777,0.3911467,-0.09340354,-0.09801209,-1.574662,3.007088,-0.7018287,0.06503396,0.05875638,-0.2764983,-0.5219327,-1.976565,1.114698
52.60035,2.588888,0.4017298,-0.09452599,-0.1045241,-1.572928,3.0067,-0.7066192,0.0672679,0.08529294,-0.2519018,-0.5246832,-1.975412,1.112949
52.40035,2.599999,0.3922059,-0.08169243,-0.1054703,-1.571685,3.006256,-0.7107087,0.07795963,0.1257282,-0.2390061,-0.5279227,-1.973023,1.109748
52.20035,2.61111,0.3848781,-0.0742002,-0.09794547,-1.570521,3.005896,-0.7148073,0.08216529,0.1460058,-0.2464012,-0.531511,-1.971846,1.107762
52.00035,2.622221,0.3809058,-0.05395379,-0.08189959,-1.570157,3.005663,-0.7188799,0.07890096,0.1599091,-0.2601754,-0.5354445,-1.970951,1.106083
51.80035,2.633332,0.3885451,-0.03377223,-0.07663177,-1.569677,3.005088,-0.7234349,0.07237744,0.1376408,-0.287932,-0.5392704,-1.973009,1.107281
51.60035,2.644443,0.4066941,-0.02003046,-0.08107049,-1.569114,3.004252,-0.7284518,0.0648537,0.09616528,-0.3061768,-0.5427453,-1.976538,1.10979
51.40035,2.655554,0.4130668,-0.013669,-0.08645783,-1.568403,3.003407,-0.7331544,0.0584954,0.08866584,-0.2987204,-0.5458325,-1.977912,1.110598
51.20035,2.666665,0.4172882,-0.001967467,-0.09714499,-1.567702,3.00218,-0.7379012,0.07144493,0.08641008,-0.2668343,-0.5479997,-1.977989,1.109481
51.00035,2.677776,0.4086983,0.006614551,-0.1076999,-1.566946,3.000946,-0.7420531,0.08535405,0.08423489,-0.2551955,-0.550632,-1.978662,1.108718
50.80035,2.688887,0.3937345,0.003505129,-0.1107437,-1.565951,3.000071,-0.7460499,0.0778268,0.0864124,-0.267931,-0.5540882,-1.979786,1.109079
50.60035,2.699998,0.3926286,-0.01034776,-0.1064718,-1.564893,2.999734,-0.7503744,0.07346918,0.1003324,-0.2859638,-0.5580153,-1.980434,1.108885
50.40034,2.711109,0.3967707,-0.03167651,-0.1054724,-1.563408,2.999498,-0.7549018,0.07123613,0.1014744,-0.3051285,-0.5620591,-1.981821,1.109357
50.20034,2.72222,0.4072315,-0.06476918,-0.1045436,-1.561473,2.999765,-0.7596939,0.06800791,0.1057677,-0.3125609,-0.5660384,-1.982803,1.109393
50.00034,2.733331,0.4113506,-0.08078505,-0.1088483,-1.559652,2.999842,-0.7643523,0.06590287,0.1004093,-0.3061858,-0.5693561,-1.983869,1.109749
49.80034,2.744442,0.4144274,-0.08932129,-0.1152799,-1.557763,2.999659,-0.7690453,0.07448542,0.07162772,-0.2988926,-0.5722153,-1.986281,1.110674
49.60034,2.755553,0.4197373,-0.08827916,-0.1174743,-1.556174,2.999202,-0.7738416,0.07777913,0.06303793,-0.2819089,-0.5749876,-1.987704,1.11086
49.40034,2.766664,0.4185802,-0.08186882,-0.1302438,-1.554344,2.998423,-0.7784761,0.0852269,0.04282007,-0.2862925,-0.5778686,-1.990482,1.112042
49.20034,2.777775,0.4111491,-0.08076428,-0.1280331,-1.552741,2.998114,-0.7828021,0.07754478,0.04618764,-0.3299233,-0.5825005,-1.993786,1.114099
49.00034,2.788886,0.4154212,-0.08825442,-0.1227586,-1.550982,2.998115,-0.7875702,0.07003457,0.06431766,-0.3362055,-0.5865096,-1.994901,1.114561
48.80034,2.799997,0.4207659,-0.09788662,-0.1153494,-1.549331,2.998439,-0.7923607,0.07112584,0.06323595,-0.3340853,-0.5900041,-1.996941,1.11524
48.60034,2.811108,0.422853,-0.09895448,-0.1196573,-1.547352,2.998014,-0.797254,0.07119579,0.05677712,-0.319196,-0.5929763,-1.998762,1.11608
48.40034,2.822219,0.4207754,-0.08403024,-0.1228203,-1.545913,2.997418,-0.8018091,0.07125322,0.05353755,-0.3096164,-0.5959574,-2.000512,1.116652
48.20034,2.83333,0.4165337,-0.08293609,-0.1217104,-1.54437,2.997124,-0.8063498,0.07458852,0.05340692,-0.2797987,-0.598212,-2.001519,1.116696
48.00034,2.844441,0.4123135,-0.07119236,-0.1248405,-1.54306,2.996501,-0.810818,0.07686076,0.05009909,-0.2521257,-0.6002936,-2.00233,1.1165
47.80033,2.855552,0.4080413,-0.08075362,-0.1205424,-1.541382,2.996509,-0.8152986,0.07267702,0.06288721,-0.2509639,-0.6029045,-2.003413,1.116695
47.60033,2.866663,0.4005057,-0.09988999,-0.1172981,-1.539225,2.996764,-0.8196443,0.07251616,0.07678303,-0.2658434,-0.6067703,-2.003668,1.116042
47.40033,2.877774,0.400428,-0.121208,-0.1119824,-1.537109,2.997493,-0.8240982,0.07027663,0.08857886,-0.2849591,-0.6106506,-2.00453,1.116054
47.20033,2.888885,0.3982756,-0.1307813,-0.108775,-1.535141,2.997895,-0.8285568,0.07019378,0.09821452,-0.2977046,-0.6144893,-2.00524,1.115986
47.00033,2.899997,0.4024379,-0.1478523,-0.1077652,-1.532917,2.998651,-0.8330847,0.07651526,0.08017322,-0.3137974,-0.618207,-2.007628,1.116924
46.80033,2.911108,0.4258335,-0.1458608,-0.1133329,-1.530823,2.998852,-0.838517,0.07328474,0.06102872,-0.3223835,-0.6216931,-2.010309,1.118428
46.60033,2.922219,0.4523864,-0.1449625,-0.1210479,-1.52868,2.999148,-0.8442199,0.06796192,0.04398933,-0.3245512,-0.6248943,-2.012931,1.11993
46.40033,2.93333,0.4482506,-0.1396154,-0.1124596,-1.527113,2.999657,-0.849045,0.07228447,0.05990726,-0.3095933,-0.6280959,-2.013526,1.119541
46.20033,2.944441,0.430168,-0.1533617,-0.1016288,-1.525118,3.000644,-0.8533716,0.08408418,0.09606248,-0.290331,-0.6314616,-2.012302,1.117205
46.00033,2.955552,0.4172204,-0.1820518,-0.1004428,-1.522491,3.002065,-0.8577541,0.09475616,0.08753237,-0.2872248,-0.6345663,-2.01354,1.116903
45.80033,2.966663,0.4182822,-0.1916499,-0.09513435,-1.520242,3.003284,-0.8624924,0.09053137,0.07792121,-0.2819151,-0.6374601,-2.015024,1.117156
45.60033,2.977774,0.4364491,-0.2024299,-0.08468997,-1.517922,3.004702,-0.8680973,0.07777466,0.07787868,-0.2754509,-0.6403453,-2.015836,1.117427
45.40033,2.988885,0.4418415,-0.1939389,-0.08369327,-1.515873,3.005455,-0.8732207,0.07789639,0.05967408,-0.2531559,-0.6423965,-2.017249,1.117716
45.20033,2.999996,0.4271795,-0.1587013,-0.08031211,-1.514669,3.005633,-0.8776479,0.07684033,0.0149529,-0.2586577,-0.6446378,-2.020837,1.119633
45.00032,3.011107,0.4124699,-0.1298434,-0.07802443,-1.513529,3.005499,-0.881893,0.06296439,-0.01271498,-0.2661572,-0.6471455,-2.024301,1.122139
44.80032,3.022218,0.3871546,-0.08387843,-0.07985976,-1.512946,3.004635,-0.8853679,0.0523283,-0.004221946,-0.262868,-0.6496664,-2.026076,1.123231
44.60032,3.033329,0.3818475,-0.0764014,-0.08194119,-1.511522,3.004656,-0.8894974,0.07141192,0.0224821,-0.2767146,-0.6533166,-2.026999,1.122635
44.40032,3.04444,0.3819168,-0.07960415,-0.0734217,-1.510466,3.005041,-0.8937585,0.05631212,0.02794814,-0.312835,-0.657486,-2.029462,1.124306
44.20032,3.055551,0.38088,-0.08920059,-0.06489688,-1.509235,3.005734,-0.898003,0.0466824,0.02478814,-0.3202569,-0.6609284,-2.031734,1.125908
44.00032,3.066662,0.3798442,-0.09345947,-0.0595627,-1.508107,3.006314,-0.9022358,0.04034071,0.02367896,-0.3106411,-0.6638973,-2.033628,1.127159
43.80032,3.077773,0.3754526,-0.1083493,-0.06378818,-1.506433,3.007071,-0.9063984,0.05758103,0.02139537,-0.2734665,-0.6659564,-2.034993,1.127115
43.60032,3.088884,0.3753957,-0.1126137,-0.06699595,-1.504834,3.007592,-0.9106637,0.06831534,0.02027687,-0.2586168,-0.6684172,-2.036516,1.127249
43.40032,3.099995,0.3754544,-0.1083637,-0.06378174,-1.503723,3.008212,-0.9148539,0.07797979,0.01062472,-0.2448495,-0.6703719,-2.038499,1.127745
43.20032,3.111106,0.3734765,-0.1009111,-0.05415532,-1.502876,3.008836,-0.9190867,0.07796319,-1.341105E-05,-0.2480905,-0.6728621,-2.04088,1.128835
43.00032,3.122217,0.3746897,-0.09133688,-0.04563754,-1.50217,3.009278,-0.9233174,0.06934285,0.001120657,-0.2682848,-0.6761122,-2.043374,1.130186
42.80032,3.133328,0.3791273,-0.08286107,-0.03394205,-1.501657,3.009983,-0.9277239,0.06083575,0.002166629,-0.2650364,-0.6786587,-2.045189,1.13114
42.60032,3.144439,0.3739157,-0.07324481,-0.02855363,-1.50119,3.010326,-0.9317756,0.0651476,0.008517399,-0.2543793,-0.6810741,-2.04654,1.131371
42.40031,3.15555,0.3665678,-0.06255937,-0.02527701,-1.500608,3.0106,-0.9357938,0.06737547,0.01163656,-0.2352058,-0.6831413,-2.047699,1.131455
42.20031,3.166661,0.3633982,-0.05294972,-0.02843275,-1.500094,3.010628,-0.9397497,0.05891269,0.00413014,-0.22454,-0.6850955,-2.049402,1.132348
42.00031,3.177772,0.3539705,-0.03691881,-0.02406312,-1.499915,3.010571,-0.9436666,0.04082912,-0.02039352,-0.2234719,-0.6867994,-2.052368,1.134589
41.80031,3.188883,0.346561,-0.02834428,-0.02505522,-1.499579,3.010358,-0.947411,0.01524967,-0.01827908,-0.2243981,-0.6890429,-2.054416,1.13674
41.60031,3.199994,0.3390282,-0.03788269,-0.02710992,-1.498931,3.010737,-0.9510335,0.01107458,-0.005568951,-0.2051549,-0.6908783,-2.054962,1.137155
41.40031,3.211105,0.3324928,-0.0570162,-0.03026634,-1.497787,3.011362,-0.9547113,0.01743701,0.03490975,-0.2039595,-0.6935617,-2.054293,1.136331
41.20031,3.222216,0.3322945,-0.08684841,-0.03135268,-1.496412,3.012653,-0.9584626,0.02701678,0.04982366,-0.2028754,-0.6959128,-2.054427,1.135917
41.00031,3.233327,0.3289817,-0.1113507,-0.02708357,-1.495043,3.014108,-0.9620408,0.02269428,0.06158561,-0.2134558,-0.6986936,-2.054782,1.136051
40.80031,3.244438,0.32896,-0.1220068,-0.02283018,-1.493983,3.015419,-0.9658198,0.02058563,0.0615667,-0.2091837,-0.7009866,-2.055254,1.136241
40.60031,3.255549,0.3267528,-0.135855,-0.02280536,-1.492741,3.016954,-0.9696335,0.02057955,0.05837575,-0.2092139,-0.7035475,-2.056066,1.136718
40.40031,3.26666,0.3234974,-0.1400939,-0.02597079,-1.491479,3.018121,-0.973216,0.02806995,0.03173533,-0.2061662,-0.7053947,-2.05803,1.137678
40.20031,3.277771,0.3149665,-0.1400522,-0.02587591,-1.49036,3.01937,-0.9764581,0.02486865,0.007240474,-0.2094439,-0.7072994,-2.0604,1.139365
40.00031,3.288882,0.3096977,-0.132563,-0.02475016,-1.489471,3.020276,-0.9798068,0.02598086,0.005078405,-0.2009371,-0.7091508,-2.061588,1.139928
39.8003,3.299993,0.3086303,-0.1293666,-0.0268746,-1.488308,3.021208,-0.9833014,0.03027262,-0.003459796,-0.1977933,-0.7108733,-2.063375,1.1407
39.6003,3.311104,0.3032503,-0.1335983,-0.0300294,-1.486904,3.0223,-0.9866815,0.02914132,-0.002349377,-0.2095035,-0.7132968,-2.065132,1.141796
39.4003,3.322215,0.3085736,-0.1315054,-0.03114581,-1.485813,3.02331,-0.9903002,0.02485281,0.008321986,-0.2136956,-0.7157229,-2.066025,1.142299
39.2003,3.333326,0.3086666,-0.1229953,-0.027934,-1.484985,3.024264,-0.9939317,0.01950763,0.01472029,-0.2168389,-0.718164,-2.067178,1.143075
39.0003,3.344437,0.3023475,-0.1090937,-0.02994873,-1.484163,3.024888,-0.9971583,0.01954993,0.01362535,-0.2093834,-0.7200538,-2.068326,1.143672
38.8003,3.355548,0.2960252,-0.09415109,-0.03098421,-1.483495,3.025055,-1.00019,0.02173641,0.01038814,-0.1987639,-0.7219334,-2.069585,1.144328
38.6003,3.366659,0.2865819,-0.06745795,-0.03299667,-1.483166,3.024797,-1.003076,0.03031076,0.00503549,-0.1903064,-0.7236283,-2.070807,1.144607
38.4003,3.37777,0.2771613,-0.04077327,-0.03392781,-1.483024,3.024559,-1.00606,0.03037979,-0.01523881,-0.18081,-0.7250893,-2.072865,1.145721
38.2003,3.388881,0.2751136,-0.02583858,-0.03496222,-1.482738,3.024213,-1.009058,0.02823441,-0.01842254,-0.1840066,-0.7268933,-2.074513,1.146705
38.0003,3.399992,0.2761578,-0.02904296,-0.03497223,-1.482194,3.024424,-1.012165,0.03138596,-0.02051166,-0.1914901,-0.7289775,-2.076159,1.147585
37.8003,3.411103,0.2782748,-0.04078272,-0.02967616,-1.481602,3.025054,-1.015446,0.02920309,-0.01834476,-0.2010578,-0.7311911,-2.077886,1.148612
37.6003,3.422215,0.2793255,-0.05358407,-0.02436076,-1.481015,3.025951,-1.018781,0.02817467,-0.01197566,-0.1935621,-0.7329158,-2.078814,1.148968
37.4003,3.433326,0.2781825,-0.06848358,-0.02329951,-1.480172,3.02676,-1.021926,0.0292524,0.00611873,-0.1892308,-0.7349286,-2.079193,1.148866
37.20029,3.444437,0.2760666,-0.06847881,-0.02219628,-1.479683,3.027482,-1.025032,0.03883292,0.02955997,-0.1870484,-0.7371395,-2.07889,1.147946
37.00029,3.455548,0.2761287,-0.05782643,-0.02324409,-1.479347,3.027685,-1.028226,0.04200835,0.04767547,-0.1891118,-0.7394011,-2.078922,1.147368
36.80029,3.466659,0.2762567,-0.04078344,-0.02110302,-1.479223,3.027563,-1.031271,0.04197789,0.05195539,-0.194423,-0.7417527,-2.0795,1.147323
36.60029,3.47777,0.2795631,-0.03229717,-0.01580539,-1.479005,3.027805,-1.034499,0.03338949,0.05413018,-0.2071452,-0.7442966,-2.080209,1.147676
36.40029,3.488881,0.284932,-0.02593649,-0.01586523,-1.478698,3.027772,-1.037842,0.03341557,0.05623872,-0.2018098,-0.746475,-2.080553,1.147558
36.20029,3.499992,0.2903034,-0.02703987,-0.01059637,-1.478524,3.028074,-1.041186,0.03660566,0.05304746,-0.2028953,-0.7486071,-2.081206,1.147553
36.00029,3.511103,0.2923906,-0.02704954,-0.01488098,-1.478093,3.028198,-1.044525,0.03662837,0.04451555,-0.1997343,-0.7506918,-2.082072,1.147765
35.80029,3.522214,0.2880403,-0.02595608,-0.02441855,-1.477531,3.028208,-1.047661,0.04199938,0.02319267,-0.1945202,-0.7524143,-2.083663,1.148275
35.60029,3.533325,0.286989,-0.018507,-0.02654284,-1.477026,3.028151,-1.050663,0.04200433,0.005084768,-0.1956613,-0.7542567,-2.085587,1.149226
35.40029,3.544436,0.289062,-0.02064789,-0.03082716,-1.476472,3.028164,-1.053933,0.0377515,-0.005571812,-0.195686,-0.756137,-2.087439,1.150272
35.20029,3.555547,0.2944271,-0.01853219,-0.02876277,-1.476171,3.027931,-1.057382,0.04637915,0.007116944,-0.1743745,-0.7575207,-2.087806,1.14974
35.00029,3.566658,0.2987705,-0.01111439,-0.02559588,-1.476066,3.027937,-1.060863,0.05591524,0.002908275,-0.1850927,-0.7596715,-2.089238,1.149877
34.80029,3.577769,0.2988216,0.001663371,-0.02878017,-1.475855,3.027512,-1.064159,0.04955512,-0.00243929,-0.1797632,-0.7614058,-2.090595,1.150456
34.60028,3.58888,0.2924771,0.009170503,-0.02871553,-1.475737,3.026958,-1.067185,0.03998003,0.01351462,-0.174322,-0.763263,-2.09081,1.150507
34.40028,3.599991,0.2839089,0.007090936,-0.0318221,-1.475396,3.026764,-1.070063,0.04209276,0.02418129,-0.1774926,-0.765458,-2.09139,1.150299
34.20028,3.611102,0.2775038,-0.002457321,-0.02750525,-1.475058,3.026883,-1.073031,0.04524499,0.03486103,-0.1838591,-0.7677558,-2.091833,1.150069
34.00028,3.622213,0.2867796,-0.04300632,-0.03294482,-1.473949,3.028169,-1.076493,0.04415457,0.03382549,-0.1902542,-0.7700844,-2.092718,1.15015
33.80028,3.633324,0.2973081,-0.06331119,-0.03307177,-1.473018,3.02901,-1.080214,0.04318673,0.02948664,-0.1721533,-0.7714245,-2.093363,1.150154
33.60028,3.644435,0.3034021,-0.09104424,-0.04486977,-1.471494,3.030199,-1.083798,0.04749449,0.03797324,-0.1625558,-0.7731721,-2.093428,1.149514
33.40028,3.655546,0.3011255,-0.1038156,-0.05124174,-1.470212,3.031191,-1.087129,0.06344403,0.03375447,-0.17011,-0.7751461,-2.094261,1.148922
33.20028,3.666657,0.3030925,-0.1176725,-0.0587287,-1.468628,3.032318,-1.09066,0.06765732,0.03166853,-0.1797244,-0.7772782,-2.095114,1.148677
33.00028,3.677768,0.2966937,-0.1208344,-0.05759411,-1.46751,3.033343,-1.093886,0.07183893,0.03492071,-0.1946484,-0.7797682,-2.096123,1.148532
32.80028,3.688879,0.2957421,-0.1208248,-0.04693677,-1.466695,3.034311,-1.097297,0.07820771,0.03600861,-0.198937,-0.7820346,-2.09685,1.148028
32.60028,3.69999,0.3054994,-0.1070463,-0.03850192,-1.466143,3.035031,-1.10096,0.07816682,0.02538861,-0.2085623,-0.7842381,-2.098411,1.148239
32.40028,3.711101,0.3151928,-0.09539101,-0.0353995,-1.465461,3.035581,-1.104774,0.07709438,0.01474115,-0.210731,-0.7863654,-2.099947,1.148553
32.20028,3.722212,0.3207086,-0.07519218,-0.02904439,-1.465184,3.035908,-1.108472,0.08667235,0.001973689,-0.2140222,-0.7883884,-2.101747,1.148637
32.00027,3.733323,0.3197474,-0.06346631,-0.0258321,-1.464799,3.036194,-1.111966,0.0994897,-0.02040672,-0.2109745,-0.7899905,-2.104048,1.148795
31.80027,3.744434,0.314697,-0.03680803,-0.01510955,-1.465042,3.035981,-1.115309,0.1037974,-0.04173571,-0.2046918,-0.7914914,-2.106594,1.149316
31.60027,3.755545,0.3139006,-0.006971758,-0.007621634,-1.46546,3.035432,-1.118811,0.08362833,-0.07268649,-0.1951199,-0.7924806,-2.109778,1.151157
31.40027,3.766656,0.3119355,0.014345,-0.00439202,-1.465812,3.03479,-1.122172,0.0719365,-0.07271799,-0.189733,-0.7940023,-2.111878,1.152121
31.20027,3.777767,0.3131934,0.0345777,0.001995984,-1.466346,3.034,-1.125637,0.06561736,-0.05468264,-0.1736434,-0.7952652,-2.112981,1.152287
31.00027,3.788878,0.3153706,0.04308444,0.0009056795,-1.466502,3.033375,-1.129213,0.06031713,-0.03554672,-0.1650174,-0.7968391,-2.113807,1.152391
30.80027,3.799989,0.3184573,0.02600811,-0.0001907293,-1.466459,3.033675,-1.132921,0.05929537,-0.01640949,-0.1553529,-0.7983944,-2.114364,1.152053
30.60027,3.8111,0.3257644,0.004654855,-0.002418904,-1.466106,3.034027,-1.136846,0.06037277,-0.0004543066,-0.1499681,-0.7999625,-2.11483,1.151739
30.40027,3.822211,0.3310793,-0.006034365,0.002846288,-1.466114,3.034401,-1.140693,0.05499991,-0.003617778,-0.1584762,-0.8017138,-2.116168,1.152265
30.20027,3.833322,0.3342621,-0.006049283,0.001747187,-1.466147,3.034356,-1.144442,0.04753062,-0.00148344,-0.1605598,-0.8034171,-2.117155,1.152628
30.00027,3.844433,0.3343195,0.001406915,0.002816653,-1.466319,3.034207,-1.148145,0.02837023,-0.00576432,-0.1583533,-0.8049527,-2.118306,1.153601
29.80027,3.855544,0.3290181,0.01528491,-0.002453336,-1.466278,3.033638,-1.151486,0.005961463,-0.02065004,-0.1678913,-0.8067392,-2.120312,1.155494
29.60027,3.866655,0.3192463,0.01748724,-0.02152739,-1.465686,3.033062,-1.15468,-0.002591096,-0.01105146,-0.1720716,-0.8086795,-2.121259,1.156415
29.40026,3.877766,0.3178955,-0.002750967,-0.0375073,-1.464558,3.033433,-1.158287,0.0006162822,0.004919998,-0.1677622,-0.810508,-2.121448,1.15642
29.20026,3.888877,0.322836,-0.0453823,-0.04930076,-1.463182,3.03457,-1.162168,0.01237541,-0.007882252,-0.1614847,-0.8118753,-2.12291,1.15695
29.00026,3.899988,0.3322103,-0.08166943,-0.04834813,-1.462008,3.0362,-1.166316,0.01553923,-0.01424283,-0.1679143,-0.813544,-2.124353,1.157742
28.80026,3.911099,0.3296557,-0.1434415,-0.05262639,-1.459995,3.038979,-1.170256,0.02726664,-0.02382539,-0.1680121,-0.8150508,-2.12601,1.158237
28.60026,3.92221,0.3366785,-0.1978096,-0.06231625,-1.457739,3.04195,-1.174521,0.03901928,-0.03768867,-0.1638629,-0.8161843,-2.12797,1.158816
28.40026,3.933321,0.345916,-0.2468602,-0.06669641,-1.455543,3.045216,-1.178911,0.04754826,-0.05259991,-0.163969,-0.8174877,-2.130254,1.159676
28.20026,3.944432,0.3455525,-0.2894655,-0.07630628,-1.452866,3.048845,-1.183181,0.04856458,-0.0664174,-0.1736117,-0.8189535,-2.132904,1.161051
28.00026,3.955544,0.3485093,-0.3161069,-0.08274417,-1.450358,3.052174,-1.18737,0.04538582,-0.07601579,-0.1715038,-0.8201939,-2.135324,1.162286
27.80026,3.966655,0.3578278,-0.3491861,-0.08926243,-1.447429,3.05602,-1.191997,0.03903323,-0.06753938,-0.1618493,-0.821362,-2.136805,1.16309
27.60026,3.977766,0.3629905,-0.3758512,-0.08932953,-1.444749,3.06019,-1.1967,0.0326273,-0.01961865,-0.1584253,-0.8233237,-2.136428,1.162655
27.40026,3.988877,0.3690678,-0.4195585,-0.09368239,-1.441573,3.065137,-1.20155,0.03475229,0.02298004,-0.1550643,-0.8253142,-2.135739,1.16167
27.20026,3.999988,0.3826515,-0.459064,-0.09596413,-1.438372,3.070566,-1.20689,0.041134,0.04001802,-0.1539543,-0.8270612,-2.135644,1.161063
27.00026,4.011099,0.4101643,-0.4837267,-0.09947032,-1.43506,3.075694,-1.212931,0.04861197,0.03893926,-0.149737,-0.828657,-2.136115,1.160698
26.80025,4.02221,0.4354972,-0.5456858,-0.08589517,-1.431976,3.082782,-1.219496,0.06989388,0.03045285,-0.1562718,-0.8303971,-2.137074,1.159968
26.60025,4.033321,0.425858,-0.5255003,-0.09645499,-1.4282,3.088261,-1.224417,0.08157651,0.009194881,-0.1660053,-0.8321473,-2.138776,1.1599
26.40025,4.044433,0.4207743,-0.4956422,-0.09105827,-1.425744,3.092516,-1.229574,0.08895774,-0.05143009,-0.1886611,-0.8337281,-2.143022,1.161561
26.20025,4.055544,0.4223266,-0.4381206,-0.08145328,-1.424043,3.095458,-1.235071,0.06659621,-0.1078866,-0.1941023,-0.8347966,-2.147586,1.164525
26.00025,4.066655,0.4302721,-0.369984,-0.0761807,-1.422491,3.097519,-1.240438,0.0634024,-0.1036303,-0.193001,-0.8362986,-2.149834,1.165415
25.80025,4.077766,0.4306272,-0.3145957,-0.0750885,-1.420987,3.099347,-1.245468,0.06978811,-0.08872196,-0.1919047,-0.8379647,-2.151591,1.165626
25.60025,4.088878,0.4278856,-0.2602505,-0.06438854,-1.420009,3.100621,-1.250347,0.06764415,-0.05890429,-0.1896412,-0.8399051,-2.152388,1.165532
25.40025,4.099989,0.4259531,-0.2283736,-0.06115381,-1.418437,3.102958,-1.255121,0.06226816,-0.02798909,-0.1948238,-0.8423498,-2.152981,1.165454
25.20025,4.1111,0.42306,-0.1899821,-0.05577555,-1.417764,3.103594,-1.259865,0.05379283,-0.01098269,-0.185121,-0.8441421,-2.153482,1.165278
25.00025,4.122211,0.4265124,-0.1645074,-0.04726368,-1.4169,3.105248,-1.265157,0.06445144,0.004986808,-0.1819067,-0.8459606,-2.153925,1.164609
24.80025,4.133323,0.4276533,-0.1559906,-0.0462066,-1.415932,3.106597,-1.270288,0.07298705,-0.004598796,-0.1809229,-0.8476458,-2.155348,1.164478
24.60025,4.144434,0.4276026,-0.1570531,-0.05046813,-1.414803,3.108111,-1.275321,0.06241445,-0.03874213,-0.1703566,-0.8485758,-2.158076,1.165818
24.40025,4.155545,0.4274892,-0.1645435,-0.05581511,-1.413172,3.110146,-1.280277,0.06132301,-0.03232118,-0.174588,-0.8504762,-2.159125,1.165919
24.20024,4.166656,0.4219163,-0.1858077,-0.06642574,-1.411419,3.112433,-1.285165,0.08045662,-0.03227788,-0.1821426,-0.8523793,-2.160654,1.165557
24.00024,4.177768,0.4152247,-0.2177024,-0.07703396,-1.409462,3.115149,-1.290216,0.08793359,-0.03974882,-0.1790055,-0.8537018,-2.16246,1.165589
23.80024,4.188879,0.4150631,-0.2507193,-0.0728152,-1.407688,3.118373,-1.29545,0.09214117,-0.05780311,-0.1918837,-0.8555235,-2.165169,1.166223
23.60024,4.19999,0.4064604,-0.2645409,-0.07164715,-1.406096,3.121641,-1.30025,0.09640583,-0.06737643,-0.1919473,-0.8571895,-2.16727,1.166455
23.40024,4.211102,0.4097271,-0.2645582,-0.06529894,-1.404727,3.124269,-1.305384,0.1039248,-0.0738107,-0.1802928,-0.858331,-2.169338,1.166462
23.20024,4.222213,0.3972973,-0.2271847,-0.05553007,-1.404249,3.125612,-1.309825,0.109238,-0.07060218,-0.1813755,-0.8599874,-2.171122,1.166361
23.00024,4.233324,0.3900946,-0.2026181,-0.04797604,-1.403571,3.127017,-1.314411,0.1113848,-0.06849048,-0.1781883,-0.8615241,-2.17312,1.16637
22.80024,4.244435,0.3871942,-0.1631852,-0.0436606,-1.402985,3.127723,-1.31878,0.09855893,-0.05355898,-0.1844536,-0.8634948,-2.174523,1.166549
22.60024,4.255547,0.3821376,-0.1365059,-0.03400715,-1.402683,3.128429,-1.32302,0.0867788,-0.0300929,-0.1928146,-0.8657212,-2.175311,1.16645
22.40024,4.266658,0.380184,-0.1173207,-0.02864847,-1.402321,3.129167,-1.327322,0.08462061,-0.009840712,-0.1959183,-0.8679754,-2.176017,1.165988
22.20024,4.277769,0.3716878,-0.1151654,-0.02855678,-1.401607,3.130673,-1.331672,0.08675854,-0.004527166,-0.1937706,-0.8697964,-2.177063,1.16563
22.00024,4.28888,0.3707205,-0.1055706,-0.02536006,-1.401021,3.131545,-1.335988,0.08684356,-0.0141736,-0.1788939,-0.871088,-2.178387,1.165488
21.80024,4.299992,0.3719446,-0.1023869,-0.01363522,-1.401111,3.13269,-1.340635,0.0870373,-0.03775403,-0.1427752,-0.871299,-2.179969,1.16563
21.60023,4.311103,0.3699465,-0.08532712,-0.01147635,-1.400922,3.133097,-1.344738,0.09128874,-0.04519279,-0.1460206,-0.8725746,-2.181615,1.165532
21.40023,4.322214,0.3562295,-0.06924159,-0.00918174,-1.400992,3.13336,-1.348488,0.1030337,-0.07076158,-0.1440573,-0.8735616,-2.184268,1.165752
21.20023,4.333325,0.3477908,-0.06066435,-0.005883776,-1.400999,3.133853,-1.352171,0.09874341,-0.07817765,-0.1525803,-0.8748676,-2.186268,1.165935
21.00023,4.344437,0.3446321,-0.06171189,-0.001590543,-1.400933,3.134589,-1.356037,0.09019721,-0.07497008,-0.1567846,-0.8762961,-2.188171,1.166403
20.80023,4.355548,0.3350652,-0.07229506,0.005950971,-1.400967,3.135541,-1.359876,0.09233132,-0.06752169,-0.1556958,-0.8775696,-2.189742,1.166286
20.60023,4.366659,0.3276856,-0.06585439,0.009219788,-1.400966,3.1361,-1.363483,0.0965751,-0.05791682,-0.1588733,-0.8791036,-2.191129,1.165908
20.40023,4.37777,0.3374411,-0.05321993,0.02094936,-1.40102,3.136897,-1.367323,0.09652538,-0.05358604,-0.1695075,-0.8807601,-2.192597,1.16573
20.20023,4.388882,0.3492007,-0.04470451,0.01751699,-1.401169,3.136917,-1.371669,0.08906472,-0.05148196,-0.1683891,-0.8823079,-2.19416,1.165995
20.00023,4.399993,0.3387527,-0.0116254,0.01552766,-1.4015,3.136449,-1.375345,0.0826775,-0.04829952,-0.1672714,-0.8836858,-2.195678,1.166234
19.80023,4.411104,0.3271106,0.001209862,0.01352135,-1.401519,3.136402,-1.378866,0.08377434,-0.05258417,-0.1619737,-0.8850057,-2.19744,1.166334
19.60023,4.422215,0.3143873,0.02260083,0.006207564,-1.401567,3.135514,-1.381829,0.07424361,-0.05582976,-0.1512848,-0.886014,-2.199014,1.166749
19.40023,4.433327,0.3229985,0.02998484,0.009330125,-1.401889,3.135304,-1.385788,0.07111356,-0.05801433,-0.1384913,-0.8868145,-2.200439,1.166964
19.20023,4.444438,0.3295003,0.03526615,0.01672407,-1.402346,3.134853,-1.389554,0.07108755,-0.05160528,-0.1427264,-0.8882047,-2.201786,1.16703
19.00023,4.455549,0.3286516,0.05870218,0.0220759,-1.402953,3.133755,-1.393149,0.07216304,-0.04841752,-0.1395224,-0.8894516,-2.203018,1.167023
18.80022,4.46666,0.3205646,0.1248019,0.02325433,-1.403721,3.130643,-1.395994,0.0722076,-0.04525407,-0.1309847,-0.8903486,-2.204098,1.166855
18.60022,4.477772,0.2835127,0.1879067,0.007693592,-1.404088,3.127,-1.397563,0.07646483,-0.04952241,-0.128885,-0.891286,-2.205481,1.167009
18.40022,4.488883,0.2516366,0.2158104,-0.001554612,-1.404309,3.12392,-1.399071,0.07224961,-0.05488057,-0.1214266,-0.8920599,-2.206957,1.16719
18.20022,4.499994,0.2240698,0.2458279,-0.006576866,-1.404939,3.120427,-1.400251,0.0722284,-0.05593304,-0.1256934,-0.8931923,-2.208525,1.167385
18.00022,4.511106,0.2134191,0.2544212,-0.01285246,-1.405022,3.117274,-1.401979,0.0764806,-0.05059375,-0.1278232,-0.8944024,-2.20972,1.167089
17.80022,4.522217,0.2067617,0.2555511,-0.03835847,-1.404446,3.114181,-1.403582,0.07867008,-0.04852431,-0.1139657,-0.8949324,-2.210754,1.166952
17.60022,4.533328,0.2022315,0.2395985,-0.05324518,-1.403783,3.111869,-1.405153,0.0628174,-0.08483489,-0.09378753,-0.8946783,-2.213163,1.168162
17.40022,4.544439,0.2018658,0.204452,-0.06711071,-1.402905,3.110344,-1.407109,0.05111776,-0.1050874,-0.09274402,-0.8949244,-2.215664,1.169469
17.20022,4.555551,0.2035689,0.1575833,-0.08099902,-1.401914,3.109457,-1.409504,0.04363399,-0.1071946,-0.09803872,-0.8956365,-2.217571,1.170361
17.00022,4.566662,0.2021951,0.1160469,-0.08527051,-1.400887,3.109105,-1.411661,0.06479695,-0.07192461,-0.1225045,-0.8974938,-2.218343,1.169483
16.80022,4.577773,0.1910479,0.05327249,-0.09478692,-1.399405,3.109865,-1.413655,0.08386798,-0.05266432,-0.140635,-0.899333,-2.219456,1.168709
16.60022,4.588884,0.1886145,0.007479811,-0.09585402,-1.398113,3.110965,-1.415865,0.09765486,-0.04409003,-0.1513247,-0.9010395,-2.220756,1.168094
16.40022,4.599996,0.2000243,-0.05226075,-0.08854883,-1.397012,3.113016,-1.418713,0.1008965,-0.06329656,-0.1428926,-0.9017053,-2.222825,1.168392
16.20021,4.611107,0.2127328,-0.07471325,-0.08230489,-1.396028,3.114205,-1.421692,0.1063862,-0.07939127,-0.1120839,-0.9015429,-2.224397,1.168168
16.00021,4.622218,0.2441348,-0.1654505,-0.07947783,-1.394822,3.117909,-1.425699,0.1118686,-0.09228805,-0.08340089,-0.9011839,-2.226089,1.16783
15.80021,4.633329,0.2666861,-0.1582379,-0.06052043,-1.394269,3.118945,-1.429087,0.1034359,-0.1030191,-0.06634567,-0.9008755,-2.22787,1.168111
15.60021,4.644441,0.2763491,-0.1731148,-0.04997472,-1.393988,3.121442,-1.43313,0.07251529,-0.103018,-0.07151327,-0.9012877,-2.229688,1.169265
15.40021,4.655552,0.2774273,-0.1720643,-0.04998638,-1.393113,3.123206,-1.436541,0.05220571,-0.07955605,-0.08302285,-0.9022539,-2.230644,1.169738
15.20021,4.666663,0.277444,-0.1614038,-0.05530987,-1.392146,3.124517,-1.439902,0.04788432,-0.03585602,-0.08921537,-0.9036766,-2.230156,1.169003
15.00021,4.677774,0.2808263,-0.1390565,-0.05106234,-1.391711,3.125366,-1.443283,0.05856805,0.004588127,-0.07846725,-0.9048207,-2.229194,1.167375
14.80021,4.688886,0.2843034,-0.1113779,-0.04150362,-1.391365,3.125735,-1.446674,0.05016864,0.002360187,-0.05499163,-0.9046454,-2.229138,1.166994
14.60021,4.699997,0.2835511,-0.07834113,-0.0318772,-1.391439,3.125632,-1.449814,0.02450428,-0.02101602,-0.07625993,-0.9055717,-2.231112,1.168725
14.40022,4.711108,0.2804694,-0.0612883,-0.03288405,-1.391115,3.126082,-1.453152,0.01383218,-0.02526015,-0.08154614,-0.9064133,-2.232057,1.169363
14.20022,4.722219,0.2813999,-0.06874692,-0.04142083,-1.390294,3.126963,-1.456441,0.0264931,-0.02090231,-0.1039648,-0.9079685,-2.232995,1.169323
14.00022,4.733331,0.2876181,-0.08795734,-0.04683148,-1.389336,3.128398,-1.460107,0.04023452,-0.01760352,-0.1263916,-0.9098125,-2.234055,1.16896
13.80022,4.744442,0.2970792,-0.1146527,-0.04268283,-1.388746,3.130414,-1.464037,0.05084346,-0.02822962,-0.1339371,-0.9109311,-2.235681,1.169342
13.60022,4.755553,0.3045092,-0.1477312,-0.02679247,-1.388794,3.132961,-1.468353,0.05935527,-0.03246957,-0.1372073,-0.9123681,-2.237012,1.169274
13.40022,4.766665,0.3055316,-0.1733117,-0.01509945,-1.388733,3.135632,-1.472272,0.06044313,-0.03355138,-0.132956,-0.9134632,-2.238156,1.169269
13.20022,4.777776,0.3097577,-0.192516,-0.006633228,-1.38859,3.138195,-1.476279,0.05520951,-0.04748218,-0.1159327,-0.91368,-2.239647,1.169808
13.00022,4.788887,0.3151425,-0.1914941,-0.001365299,-1.388442,3.140349,-1.480291,0.04667217,-0.05812342,-0.1201932,-0.9146568,-2.241482,1.170666
12.80022,4.799998,0.3107634,-0.2053169,-0.004510174,-1.388147,-3.140092,-1.484133,0.04240106,-0.0581181,-0.1233672,-0.9157865,-2.243041,1.171189
12.60022,4.81111,0.3074785,-0.2116945,-0.008745881,-1.387636,-3.137466,-1.487855,0.05521472,-0.06026244,-0.1181138,-0.9165482,-2.244427,1.171005
12.40022,4.822221,0.3074282,-0.2180872,-0.01086469,-1.38736,-3.134835,-1.49191,0.04772352,-0.07514694,-0.126658,-0.9175698,-2.246735,1.172089
12.20022,4.833332,0.3116974,-0.2127807,-0.0119871,-1.386951,-3.132773,-1.495711,0.0455811,-0.08471289,-0.132014,-0.9186206,-2.248922,1.172883
12.00022,4.844443,0.3171329,-0.2032347,-0.007777181,-1.386844,-3.130717,-1.499804,0.05090936,-0.1038791,-0.1342466,-0.9193648,-2.251613,1.173794
11.80022,4.855555,0.3214943,-0.1979314,-0.002482998,-1.386935,-3.128683,-1.504021,0.04766655,-0.09849782,-0.1448638,-0.9208199,-2.253455,1.174307
11.60022,4.866666,0.3291199,-0.1830745,0.004895978,-1.386979,-3.12698,-1.508181,0.05080291,-0.08247754,-0.1544028,-0.9224503,-2.254967,1.174573
11.40022,4.877777,0.323766,-0.1798529,-0.0003645662,-1.386782,-3.124917,-1.512091,0.07109094,-0.05800687,-0.1437496,-0.923613,-2.255489,1.1734
11.20022,4.888888,0.3322288,-0.1862945,-0.002593273,-1.386439,-3.122648,-1.516487,0.0797594,-0.06130539,-0.1161043,-0.9237515,-2.256564,1.172896
11.00022,4.9,0.349374,-0.199194,0.01534975,-1.387084,-3.120036,-1.521241,0.07138951,-0.0731371,-0.08841755,-0.9236056,-2.258063,1.173217
10.80022,4.911111,0.3611194,-0.2067323,0.02268417,-1.38738,-3.117448,-1.526,0.07254303,-0.08916973,-0.07463723,-0.9234799,-2.259892,1.173398
10.60022,4.922222,0.3592745,-0.3004651,0.005613101,-1.38668,-3.111523,-1.530855,0.0586157,-0.09763588,-0.09058547,-0.9244365,-2.262159,1.174527
10.40022,4.933333,0.3744209,-0.2920459,0.02358614,-1.387331,-3.108622,-1.535898,0.05838155,-0.06231925,-0.1319877,-0.9269324,-2.2631,1.174458
10.20022,4.944445,0.3745275,-0.2973819,0.03742717,-1.387958,-3.1051,-1.54068,0.06352016,-0.04193752,-0.1660219,-0.9295178,-2.264362,1.174374
10.00022,4.955556,0.3735514,-0.2803217,0.03533168,-1.388268,-3.102506,-1.545227,0.06350562,-0.03660434,-0.1681289,-0.9310305,-2.265685,1.174484
9.80022,4.966667,0.3758713,-0.2281338,0.02147741,-1.388039,-3.10131,-1.549677,0.06677294,-0.02920561,-0.1532012,-0.9321916,-2.266462,1.174122
9.60022,4.977778,0.3770742,-0.2036494,0.02146929,-1.388155,-3.09953,-1.553998,0.0733087,-0.03037934,-0.1266082,-0.9325895,-2.267309,1.173556
9.40022,4.98889,0.3815878,-0.1717306,0.02676071,-1.388539,-3.098282,-1.558521,0.06801252,-0.03573464,-0.1223549,-0.933716,-2.268795,1.173781
9.20022,5.000001,0.3851245,-0.1408696,0.04165504,-1.389451,-3.097445,-1.562976,0.07657013,-0.03149797,-0.1149242,-0.9346294,-2.269595,1.17317
9.00022,5.011112,0.3832253,-0.1153103,0.04807501,-1.390059,-3.096573,-1.567365,0.08403616,-0.03149879,-0.1128372,-0.9356899,-2.270543,1.172621
8.80022,5.022223,0.374923,-0.08436403,0.05030728,-1.390708,-3.096504,-1.571336,0.08292405,-0.04317451,-0.1235321,-0.9369283,-2.272277,1.172758
8.600221,5.033335,0.364357,-0.060859,0.04403572,-1.390972,-3.09632,-1.575118,0.07654917,-0.0580927,-0.1235644,-0.9378108,-2.274194,1.173137
8.400221,5.044446,0.3621655,-0.06190775,0.03873069,-1.391263,-3.095609,-1.579208,0.08396241,-0.07188818,-0.1343054,-0.938972,-2.276181,1.173169
8.200221,5.055557,0.3631212,-0.06191126,0.02806838,-1.391317,-3.094852,-1.583453,0.08926001,-0.07718569,-0.1396851,-0.9402381,-2.278087,1.173221
8.000221,5.066669,0.3662637,-0.06619526,0.0259079,-1.391649,-3.093971,-1.587705,0.09140335,-0.0771894,-0.1375605,-0.9412102,-2.27964,1.17307
7.800221,5.07778,0.3628656,-0.07575487,0.01208783,-1.391458,-3.092871,-1.591857,0.09358899,-0.07936315,-0.1269244,-0.9417982,-2.281238,1.172924
7.600222,5.088891,0.3584079,-0.09809449,0.006792634,-1.391417,-3.091217,-1.596045,0.1042421,-0.06976187,-0.1269526,-0.9431201,-2.282481,1.172131
7.400222,5.100002,0.3561799,-0.1119366,0.004696598,-1.391629,-3.089425,-1.600464,0.1053168,-0.06763923,-0.1248189,-0.9440842,-2.283916,1.171762
7.200222,5.111114,0.3550583,-0.1215246,0.005773466,-1.39183,-3.087819,-1.6046,0.09783129,-0.06442498,-0.1301028,-0.9454131,-2.28545,1.171783
7.000222,5.122225,0.3218238,-0.2278154,-0.05254642,-1.389943,-3.082691,-1.60825,0.1042263,-0.06122905,-0.1290572,-0.9464874,-2.286801,1.171248
6.800222,5.133336,0.3274472,-0.3141372,-0.07499508,-1.388911,-3.076885,-1.613252,0.1106501,-0.06870364,-0.1248645,-0.9473248,-2.288618,1.17081
6.600223,5.144447,0.3513995,-0.3260373,-0.01665248,-1.39054,-3.07314,-1.618479,0.1138363,-0.08252659,-0.1302613,-0.9482483,-2.290802,1.170626
6.400223,5.155559,0.3590691,-0.3292855,0.006717186,-1.391513,-3.069636,-1.623194,0.1158084,-0.07921688,-0.1590194,-0.9502159,-2.292922,1.170649
6.200223,5.16667,0.3540586,-0.3036939,0.02168388,-1.392177,-3.066912,-1.627441,0.1168359,-0.07810964,-0.1675454,-0.9518372,-2.294768,1.170323
6.000223,5.177781,0.3424415,-0.2578103,0.002654996,-1.391782,-3.065216,-1.631242,0.115839,-0.09094153,-0.1558741,-0.9526436,-2.29696,1.170338
5.800223,5.188892,0.3352473,-0.2183592,0.003828205,-1.391959,-3.063606,-1.635083,0.1084568,-0.1101797,-0.1410026,-0.9530697,-2.299431,1.170933
5.600224,5.200004,0.3085981,-0.3247047,-0.03536776,-1.390974,-3.056906,-1.639023,0.09986226,-0.1079986,-0.1547989,-0.9545329,-2.301732,1.171377
5.400224,5.211115,0.3044206,-0.3182932,-0.03212914,-1.39094,-3.053423,-1.643088,0.09982187,-0.09625687,-0.160072,-0.9559896,-2.303383,1.171295
5.200224,5.222226,0.3230602,-0.2896627,0.001786023,-1.392115,-3.051188,-1.647668,0.1115662,-0.07922897,-0.1536689,-0.9571188,-2.30453,1.170326
5.000224,5.233337,0.3154235,-0.2917458,-0.0151738,-1.39182,-3.04766,-1.651665,0.111541,-0.07708412,-0.157917,-0.9584578,-2.306405,1.170219
4.800224,5.244449,0.3147173,-0.2459349,-0.008754283,-1.392022,-3.04623,-1.655395,0.1073193,-0.07924804,-0.150447,-0.9594362,-2.308187,1.170187
4.600224,5.25556,0.307668,-0.2107332,0.008387215,-1.392807,-3.045032,-1.65891,0.1084507,-0.06119776,-0.1343977,-0.9602752,-2.308791,1.169362
4.400225,5.266671,0.3071985,-0.1606798,0.03507961,-1.394271,-3.044466,-1.662467,0.109595,-0.05166826,-0.1194468,-0.9609947,-2.30951,1.168385
4.200225,5.277782,0.310838,-0.1117024,0.04784515,-1.395156,-3.044656,-1.665971,0.1054258,-0.05388837,-0.1013169,-0.9611865,-2.31074,1.168054
4.000225,5.288894,0.3057808,-0.0807841,0.05536936,-1.395985,-3.044569,-1.66917,0.1033783,-0.05821423,-0.08534193,-0.9613212,-2.31183,1.16761
3.800225,5.300005,0.2965038,-0.03385653,0.05549216,-1.396636,-3.045421,-1.672174,0.1118984,-0.06672303,-0.08755726,-0.9619572,-2.313495,1.167057
3.600225,5.311116,0.2891732,-0.01358625,0.05557049,-1.397156,-3.045546,-1.675163,0.1150586,-0.06881572,-0.09610644,-0.9629,-2.315047,1.16649
3.400225,5.322227,0.2765169,0.007801737,0.05464013,-1.397668,-3.046295,-1.677749,0.1171219,-0.06556624,-0.1088875,-0.9640946,-2.316501,1.165974
3.200225,5.333339,0.2618147,0.03024291,0.06119118,-1.398458,-3.047013,-1.680173,0.1213422,-0.06445614,-0.1184931,-0.9652728,-2.317971,1.165251
3.000225,5.34445,0.2544582,0.04413927,0.06233575,-1.399091,-3.047979,-1.682614,0.1202743,-0.06871365,-0.1195704,-0.9661799,-2.319607,1.164875
2.800225,5.355561,0.2429046,0.05380123,0.07310469,-1.400027,-3.048958,-1.684813,0.112909,-0.0943259,-0.1057872,-0.966337,-2.321623,1.164926
2.600225,5.366673,0.2386516,0.05169133,0.0752703,-1.400735,-3.049497,-1.687278,0.1044293,-0.1199286,-0.1005126,-0.9663306,-2.324344,1.165534
2.400225,5.377784,0.2363779,0.0378627,0.06995854,-1.401328,-3.04968,-1.689826,0.09573711,-0.1410926,-0.1367756,-0.9677507,-2.327941,1.166773
2.200225,5.388895,0.2330589,0.02403298,0.06679326,-1.40201,-3.049601,-1.692293,0.09137037,-0.1442032,-0.1580699,-0.9692836,-2.330862,1.167503
2.000225,5.400006,0.2402109,-0.01116846,0.0592498,-1.402554,-3.048578,-1.695293,0.09016136,-0.1142742,-0.1824538,-0.9717699,-2.332755,1.167556
1.800225,5.411118,0.240052,-0.03355271,0.05605304,-1.40332,-3.047568,-1.698375,0.09874565,-0.08876544,-0.1674712,-0.9727665,-2.333735,1.166752
1.600224,5.422229,0.2335232,-0.0548169,0.05611131,-1.404106,-3.046423,-1.700973,0.1031288,-0.06117824,-0.1396825,-0.9735297,-2.334008,1.165634
1.400224,5.43334,0.2227931,-0.06541102,0.05514412,-1.404754,-3.045472,-1.703324,0.09902383,-0.04853432,-0.107656,-0.9737838,-2.334631,1.164974
1.200224,5.444451,0.2164273,-0.06643617,0.0584041,-1.405581,-3.044777,-1.705679,0.09476992,-0.04321955,-0.1054821,-0.9746823,-2.335534,1.164543
1.000224,5.455563,0.2154179,-0.06111065,0.06054786,-1.406401,-3.044321,-1.708142,0.09688525,-0.03787217,-0.1086701,-0.9759197,-2.336509,1.163885
0.8002244,5.466674,0.2049807,-0.03441577,0.06491756,-1.407093,-3.044767,-1.710057,0.09697031,-0.04432856,-0.09271609,-0.9761673,-2.337521,1.163361
0.6002244,5.477785,0.1976085,-0.02265427,0.06500745,-1.407941,-3.044868,-1.712172,0.08105446,-0.05824211,-0.082046,-0.9763511,-2.339175,1.163841
0.4002244,5.488896,0.1913742,-0.003442612,0.06826431,-1.408593,-3.045428,-1.714046,0.07359272,-0.06038138,-0.08307882,-0.9769204,-2.340522,1.163964
0.2002244,5.500008,0.1860566,0.01151402,0.05980869,-1.409059,-3.046059,-1.715843,0.08003456,-0.0625467,-0.07353251,-0.9771484,-2.341631,1.163542
0.00022435,5.511119,0.1871034,0.01790133,0.05340959,-1.409457,-3.046449,-1.717975,0.08427751,-0.05932844,-0.07674327,-0.9778984,-2.342646,1.163048
-0.1997757,5.52223,0.1668595,0.02229425,0.05041961,-1.409866,-3.046911,-1.7192,0.08752613,-0.05723916,-0.06609806,-0.9780789,-2.343489,1.16245
-0.1997757,5.533341,0.1456798,0.03840964,0.05277196,-1.410445,-3.047855,-1.720103,0.08120424,-0.04879211,-0.05111246,-0.9780155,-2.344065,1.162039
