loc,t,aDotS,bDotS,gDotS,aS,bS,gS,xS,yS,zS,qE,qDotE,emgA,emgB,aDotSH,bDotSH,gDotSH,aSH,bSH,gSH,xSH,ySH,zSH,aDotUB,bDotUB,gDotUB,aUB,bUB,gUB,xUB,yUB,zUB,xHand,yHand,zHand,aHand,bHand,gHand,enable
0,0,0.217264,0.01580042,0.08897147,-1.538274,1.488355,-2.931095,0.3538862,1.173843,0.4514709,-1.526173,0.05981706,11.48541,14.87037,-0.06085961,0.1759267,-0.1560765,-0.7983816,-3.713898,-0.4672284,0.3137116,1.378247,0.3968327,0.0675718,0.1280865,0.1221859,-0.9434029,0.5480141,-0.3880289,0.4567322,1.491955,0.2531826,0.05524707,1.125387,0.3951353,281.3334,288.168,336.6297,True
0,0.01111111,0.2108858,0.005113764,0.08475892,-1.538936,1.488966,-2.933332,0.3539109,1.173456,0.4515822,-1.526548,-0.03506908,11.48541,14.84894,-0.0511515,0.139724,-0.1529787,-0.7997526,-3.714396,-0.4667525,0.3133396,1.377763,0.3969889,0.06218988,0.1270227,0.1158401,-0.9429646,0.5500886,-0.3898074,0.4562841,1.491932,0.2536502,0.05569132,1.123093,0.3930427,282.9288,292.8454,330.494,True
0,0.02222222,0.2066308,-0.0002261791,0.08265635,-1.539747,1.489297,-2.935527,0.3538761,1.173036,0.4516304,-1.525527,0.09363333,11.53846,14.80608,-0.05439919,0.1226959,-0.1678967,-0.8023422,-3.714831,-0.4657291,0.3127686,1.377335,0.3972957,0.05697018,0.1355442,0.1276102,-0.9419164,0.5530539,-0.3919744,0.4557618,1.491905,0.2541134,0.05602693,1.119682,0.3895763,284.0078,291.2511,330.6469,True
0,0.03333334,0.2045238,-0.008750838,0.08483355,-1.540818,1.490056,-2.937889,0.3538265,1.172539,0.4516478,-1.525194,0.02958781,11.61804,14.78466,-0.05023858,0.1269868,-0.1849497,-0.8052291,-3.714518,-0.4657933,0.3123623,1.376777,0.3976159,0.05927898,0.1398071,0.1467625,-0.9404538,0.5560989,-0.3944903,0.455219,1.491958,0.2546346,0.05628442,1.115874,0.3856111,285.1426,288.1492,332.2773,True
0,0.04444445,0.213058,-0.02044706,0.08805361,-1.541734,1.490843,-2.940454,0.353797,1.1722,0.4516747,-1.525104,0.0080329,11.67109,14.78466,-0.04613224,0.1504443,-0.1987949,-0.8086902,-3.713176,-0.4663041,0.3118319,1.376349,0.397893,0.06276405,0.1504596,0.1776307,-0.9383755,0.5598592,-0.3975689,0.4546801,1.491887,0.2551465,0.05641223,1.11221,0.3818884,286.2378,285.589,333.4752,True
0,0.05555556,0.2173448,-0.02788668,0.09446875,-1.542865,1.491792,-2.943142,0.3536786,1.171879,0.451709,-1.525231,-0.01162573,11.75066,14.82751,-0.0578647,0.1717091,-0.1933677,-0.8116361,-3.71124,-0.466674,0.3113824,1.375906,0.3980138,0.05958815,0.1589813,0.1797886,-0.9373139,0.5631992,-0.4000715,0.4542656,1.491803,0.2556508,0.056441,1.10909,0.3789519,287.144,283.9034,334.099,True
0,0.06666667,0.2109632,-0.03745704,0.1009041,-1.544048,1.492704,-2.945122,0.3536507,1.171571,0.4517784,-1.525419,-0.01712569,11.80371,14.87037,-0.0746861,0.1652343,-0.1634217,-0.8128548,-3.709695,-0.4665701,0.3108697,1.375731,0.3981421,0.05822891,0.1525892,0.1478459,-0.9373326,0.5651788,-0.4019277,0.4539422,1.491849,0.2561538,0.05629128,1.107596,0.3776288,287.1186,281.8263,335.9421,True
0,0.07777778,0.2013865,-0.04599889,0.09774958,-1.544829,1.493593,-2.94719,0.3534872,1.171153,0.4518752,-1.525509,-0.008138162,11.83024,14.93465,-0.08516476,0.1566523,-0.1388577,-0.8141571,-3.708297,-0.466136,0.310462,1.375385,0.3983417,0.05160984,0.1568474,0.1234112,-0.9374647,0.5676832,-0.4037909,0.4536066,1.491744,0.2566667,0.05633283,1.10712,0.3775924,287.1135,282.1334,335.6945,True
0,0.08888889,0.196055,-0.04921931,0.09244324,-1.545557,1.494433,-2.949237,0.3533266,1.170838,0.4519405,-1.524774,0.06725583,11.85676,14.99893,-0.08712976,0.1566185,-0.1175244,-0.8153331,-3.706444,-0.4667541,0.3100446,1.375021,0.3986297,0.04182711,0.1664378,0.1021929,-0.9379909,0.570505,-0.4056423,0.4532546,1.491751,0.2572138,0.05657383,1.106906,0.3781712,287.2498,284.216,333.7119,True
0,0.1,0.1853999,-0.05777245,0.08609449,-1.546032,1.495371,-2.950995,0.3531764,1.170529,0.4519026,-1.524784,-0.001511215,11.77719,15.06321,-0.0850123,0.1725974,-0.1121892,-0.8174493,-3.703975,-0.4674686,0.3095357,1.374719,0.3988554,0.0418485,0.1675012,0.1043252,-0.9375488,0.573253,-0.4077734,0.4528483,1.491734,0.2577281,0.05680956,1.1068,0.379107,287.174,285.3048,332.9715,True
0,0.1111111,0.1726154,-0.06740148,0.07869256,-1.546467,1.496555,-2.952527,0.3529844,1.170263,0.4519739,-1.5248,-0.001433031,11.72414,15.10606,-0.08295837,0.1800794,-0.1260267,-0.8200065,-3.702366,-0.4681486,0.3091202,1.374374,0.399137,0.04304415,0.161112,0.1181614,-0.9365517,0.5759673,-0.4099255,0.4524095,1.491774,0.2582045,0.05694387,1.106676,0.3801668,287.0142,285.9669,332.7294,True
0,0.1222222,0.1544997,-0.07489025,0.07448328,-1.546911,1.49763,-2.953625,0.3528893,1.170018,0.4520218,-1.524545,0.0234285,11.64456,15.10606,-0.08615987,0.1864686,-0.1238663,-0.8222856,-3.700197,-0.4684916,0.308712,1.37403,0.3993919,0.04535702,0.1611091,0.1373216,-0.9351711,0.5791031,-0.4124275,0.4520645,1.491817,0.2586994,0.05698243,1.106427,0.3811168,286.9,286.5711,332.5314,True
0,0.1333333,0.1353205,-0.07811958,0.07133089,-1.547414,1.498696,-2.954491,0.3526677,1.169744,0.4520538,-1.524338,0.01870445,11.56498,15.08464,-0.1021597,0.2023993,-0.1226802,-0.8247266,-3.697757,-0.4686689,0.3085596,1.373695,0.3994572,0.04765621,0.1557857,0.155409,-0.933619,0.5821469,-0.4148577,0.4517709,1.491863,0.2591071,0.05703994,1.106133,0.3815486,287.0161,288.2653,330.9089,True
0,0.1444445,0.1033835,-0.08558702,0.07886603,-1.548311,1.50003,-2.954575,0.3524186,1.169555,0.4521844,-1.523975,0.03314094,11.53846,14.99893,-0.1095681,0.2044974,-0.1130396,-0.8266037,-3.695452,-0.4686564,0.3084066,1.373529,0.3996756,0.05077492,0.1461998,0.1479255,-0.9328723,0.5843799,-0.4167621,0.4515696,1.49183,0.2595162,0.05711322,1.105919,0.3815106,286.9651,288.5919,330.638,True
0,0.1555556,0.06184185,-0.08880626,0.0853386,-1.549247,1.501221,-2.953811,0.3522751,1.169556,0.4522665,-1.523825,0.01356153,11.56498,14.87037,-0.09965216,0.1725119,-0.07479613,-0.8264987,-3.694173,-0.4688024,0.3083403,1.37352,0.3997085,0.04296728,0.120627,0.110706,-0.9331796,0.584727,-0.4171085,0.4515004,1.491861,0.2598937,0.05719605,1.105847,0.3812863,286.7908,287.9367,331.3219,True
0,0.1666667,0.006431807,-0.07395777,0.08644938,-1.550206,1.501749,-2.95213,0.3519864,1.169648,0.452395,-1.523187,0.05834324,11.61804,14.69895,-0.07267635,0.1267257,-0.03987576,-0.8257136,-3.693887,-0.4691267,0.3084379,1.373507,0.3999429,0.03081229,0.07694577,0.06394428,-0.9337389,0.5835966,-0.4163663,0.4514897,1.491853,0.260175,0.05722899,1.10581,0.3810446,286.6472,287.2782,332.0021,True
0,0.1777778,-0.03832016,-0.06335719,0.08755175,-1.551055,1.502284,-2.950319,0.3516331,1.169637,0.452523,-1.522499,0.06256825,11.69761,14.46325,-0.05219563,0.05539452,-0.03158225,-0.8251038,-3.696009,-0.4678103,0.3084536,1.373586,0.400121,0.02409618,0.05138361,0.02991974,-0.9343072,0.5830706,-0.4160529,0.4513335,1.491865,0.2603967,0.05718089,1.105803,0.3808505,286.615,286.8423,332.4436,True
0,0.1888889,-0.1033435,-0.048571,0.07376416,-1.551406,1.502403,-2.946971,0.3513249,1.169831,0.4526811,-1.521836,0.06037923,11.80371,14.1847,-0.03290109,0.02773482,-0.02321703,-0.824871,-3.696609,-0.467556,0.3084462,1.373537,0.4003489,0.02413876,0.04179659,0.03418064,-0.9338518,0.5835825,-0.4166524,0.45122,1.491932,0.2606432,0.05704125,1.105863,0.3807044,286.6994,286.5369,332.746,True
0,0.2,-0.1641373,-0.02634518,0.05354966,-1.551399,1.501984,-2.943054,0.3509923,1.17005,0.4528689,-1.522006,-0.01573017,11.83024,13.90615,8.730218E-05,0.01292428,-0.03410172,-0.8254175,-3.697325,-0.4681656,0.3084563,1.373723,0.4006605,0.02435673,0.02582095,0.05762168,-0.9323344,0.5841423,-0.4172843,0.4510628,1.492006,0.2607846,0.05660887,1.105992,0.3806078,286.7735,286.3238,332.9582,True
0,0.2111111,-0.2153346,-0.005174453,0.03225861,-1.551237,1.50132,-2.938992,0.3505641,1.170441,0.4531245,-1.520917,0.1000317,11.80371,13.6276,0.01593249,0.02683484,-0.04909793,-0.8267352,-3.696949,-0.4690761,0.3086059,1.374006,0.400928,0.01372519,0.01197423,0.05985289,-0.9315705,0.584239,-0.4171493,0.4509665,1.492178,0.2609246,0.05587599,1.106118,0.3804224,286.9016,286.6998,332.4826,True
0,0.2222222,-0.245209,0.01073152,0.02053488,-1.551235,1.500619,-2.935208,0.3500665,1.170748,0.453409,-1.52071,0.01839945,11.77719,13.37047,0.03202163,0.04602386,-0.02360907,-0.8268119,-3.695057,-0.4711542,0.3086755,1.374342,0.4012432,0.001947902,-0.03702875,0.05357404,-0.9303764,0.5821678,-0.4155104,0.4508316,1.492264,0.2610605,0.05502259,1.106336,0.3799886,287.136,287.1438,331.7258,True
0,0.2333333,-0.2889498,0.03832177,0.003472309,-1.551098,1.499102,-2.930449,0.3494945,1.171366,0.4538579,-1.521075,-0.03311284,11.75066,13.13477,0.04300364,0.04811729,0.02852584,-0.825238,-3.693013,-0.4733276,0.3089194,1.3747,0.401454,-0.01626982,-0.06792313,0.04202192,-0.9296419,0.5801685,-0.41357,0.4508485,1.49227,0.2611103,0.0541799,1.10687,0.3795496,287.2734,286.6993,331.8609,True
0,0.2444444,-0.3550924,0.07223085,-0.02529842,-1.550277,1.496943,-2.924197,0.3489098,1.171933,0.4543462,-1.52187,-0.07201539,11.72414,12.94193,0.04850488,0.04170514,0.05405185,-0.8241099,-3.691894,-0.4746728,0.3091324,1.374932,0.4016554,-0.02386571,-0.07325216,0.02717789,-0.9294182,0.5789603,-0.4123372,0.4508826,1.492354,0.2611995,0.05333716,1.107877,0.3792889,287.2816,286.2362,332.0547,True
0,0.2555556,-0.4457755,0.1145728,-0.0711019,-1.548605,1.493891,-2.916223,0.3483443,1.172521,0.4548895,-1.521427,0.04142665,11.77719,12.77051,0.07315718,0.02789858,0.0719847,-0.822822,-3.691208,-0.4767695,0.3093483,1.37532,0.4018967,-0.01768657,-0.0721865,0.004754545,-0.9297037,0.5779415,-0.4117234,0.4510415,1.492406,0.2611344,0.05248385,1.109389,0.3793276,287.1254,286.0913,332.0005,True
0,0.2666667,-0.5428804,0.1632482,-0.1297022,-1.54611,1.489907,-2.906931,0.3476419,1.17308,0.4554875,-1.520352,0.09816269,11.80371,12.66338,0.09130491,0.05455439,0.08894527,-0.8221908,-3.688425,-0.4802151,0.3096379,1.375843,0.4022315,-0.01583034,-0.104148,-0.02509637,-0.9300142,0.5746948,-0.4097521,0.4512159,1.492394,0.2610066,0.05151646,1.111406,0.3797833,286.8503,286.0992,331.8671,True
0,0.2777778,-0.6058286,0.2014043,-0.162751,-1.544122,1.485896,-2.898185,0.3469549,1.173792,0.4561572,-1.519119,0.1122907,11.85676,12.57767,0.09781003,0.03857807,0.1006006,-0.8208347,-3.687543,-0.4820641,0.3098634,1.376418,0.402524,-0.02769462,-0.1435644,-0.04096141,-0.9296967,0.5709092,-0.4067912,0.4513958,1.492465,0.2609503,0.05037689,1.113898,0.380739,286.4275,286.1358,331.8096,True
0,0.2888889,-0.7114698,0.2649813,-0.2224505,-1.54109,1.480011,-2.886761,0.3459505,1.174886,0.4571223,-1.518416,0.06394653,11.90981,12.53482,0.08851755,0.02145458,0.1400516,-0.8181812,-3.686347,-0.4834665,0.3101889,1.377131,0.4028747,-0.03422119,-0.1584781,-0.05581728,-0.9298709,0.5678876,-0.4044644,0.4515455,1.492511,0.2608986,0.04902514,1.116844,0.38225,285.8769,286.1591,331.8787,True
0,0.3,-0.7584297,0.2967793,-0.2523084,-1.538581,1.474948,-2.876803,0.3450847,1.175851,0.4579906,-1.519659,-0.1135646,11.90981,12.49196,0.0844463,0.01821026,0.1688438,-0.8156309,-3.684324,-0.4855851,0.3105114,1.377804,0.4032221,-0.04403718,-0.1680676,-0.08022806,-0.9306384,0.5644642,-0.401597,0.4518169,1.492616,0.2608225,0.04745394,1.120226,0.3843293,285.2491,286.2845,331.9735,True
0,0.3111111,-0.8288712,0.3529795,-0.2939357,-1.535597,1.468504,-2.865255,0.3440369,1.176951,0.4588609,-1.517954,0.1574969,11.90981,12.47054,0.105023,0.003285576,0.2145006,-0.8119616,-3.682401,-0.4888091,0.3109596,1.378616,0.4035857,-0.05366682,-0.1638078,-0.0843986,-0.9309532,0.5620866,-0.3992395,0.452116,1.492757,0.2606726,0.0457744,1.124002,0.3869143,284.5757,286.6319,331.9546,True
0,0.3222222,-0.8779657,0.3879813,-0.3206047,-1.532959,1.462179,-2.853833,0.3431405,1.178259,0.4598932,-1.519957,-0.1840063,11.85676,12.49196,0.1181356,-0.03082125,0.2516574,-0.8076292,-3.6817,-0.491081,0.3114684,1.379478,0.4039581,-0.0602393,-0.1925708,-0.1035145,-0.9314118,0.557717,-0.3957391,0.4525432,1.492872,0.2604382,0.04383625,1.128198,0.389993,283.9189,286.9102,332.0832,True
0,0.3333333,-0.9537326,0.436747,-0.3621931,-1.529617,1.454275,-2.84027,0.3419284,1.179709,0.4611599,-1.519387,0.05429952,11.80371,12.57767,0.1454679,-0.1118046,0.3270139,-0.8004525,-3.682533,-0.4929793,0.3119773,1.380724,0.4043407,-0.06694941,-0.2437035,-0.137538,-0.9321303,0.5515792,-0.3911145,0.4529002,1.492961,0.2602532,0.04193838,1.13274,0.3934059,283.1275,287.5193,332.0217,True
0,0.3444445,-1.032702,0.472695,-0.4133162,-1.525673,1.446319,-2.82596,0.3408903,1.181291,0.462553,-1.520092,-0.06465035,11.75066,12.70623,0.1618686,-0.1491128,0.3769294,-0.7938856,-3.68224,-0.4955293,0.3125124,1.38179,0.4048176,-0.07779016,-0.2767287,-0.1576769,-0.9327999,0.5456198,-0.3863424,0.4532614,1.493062,0.2600965,0.0400369,1.137547,0.3970233,282.3072,288.2723,331.8621,True
0,0.3555556,-1.107367,0.4990942,-0.4548294,-1.521642,1.438269,-2.811047,0.3395291,1.182907,0.4640501,-1.518798,0.1195334,11.75066,12.89908,0.1751406,-0.2098584,0.4279033,-0.7862823,-3.683136,-0.4972167,0.3131201,1.382972,0.4052575,-0.09195596,-0.2991014,-0.1916346,-0.9342076,0.5396287,-0.3813364,0.4536865,1.49316,0.2598808,0.03819113,1.142569,0.4007429,281.4789,288.9667,331.71,True
0,0.3666667,-1.177762,0.5223253,-0.4878193,-1.517732,1.429971,-2.795346,0.3380873,1.184565,0.465625,-1.518659,0.01205946,11.75066,13.11335,0.1862392,-0.2865794,0.4660875,-0.777961,-3.685903,-0.4976559,0.3138008,1.384201,0.4057798,-0.09644389,-0.30869,-0.2160977,-0.9357762,0.5339426,-0.3767755,0.454119,1.493293,0.2597702,0.03617238,1.14783,0.4045964,280.6704,289.2383,331.8868,True
0,0.3777778,-1.212964,0.5360758,-0.5048518,-1.514129,1.421831,-2.780364,0.3369642,1.186286,0.4671485,-1.518868,-0.01860341,11.80371,13.37047,0.203638,-0.3515519,0.4957194,-0.7694719,-3.688952,-0.4982266,0.3145651,1.385606,0.4063263,-0.1041102,-0.3321308,-0.2384033,-0.9372495,0.5272177,-0.3713669,0.4547887,1.493422,0.2595382,0.03408362,1.153376,0.408599,279.8406,289.1887,332.358,True
0,0.3888889,-1.280169,0.5646413,-0.5378602,-1.510246,1.412537,-2.76344,0.3353822,1.188269,0.4690564,-1.518916,-0.003667282,11.85676,13.67045,0.2168115,-0.4016594,0.5317913,-0.7603623,-3.691677,-0.4995755,0.3153107,1.386996,0.4071419,-0.124664,-0.3715474,-0.2723014,-0.9391355,0.5192361,-0.3646754,0.4552795,1.493549,0.259382,0.03185485,1.159243,0.41275,278.949,289.2128,332.7811,True
0,0.4,-1.307918,0.5837417,-0.5506644,-1.506844,1.403472,-2.747455,0.3340929,1.190196,0.4707553,-1.520374,-0.132678,11.93634,13.97043,0.2224119,-0.4389616,0.5604688,-0.751184,-3.694401,-0.5001372,0.3160649,1.388442,0.4077227,-0.1407548,-0.3928531,-0.28387,-0.9406631,0.5118267,-0.3581691,0.4557683,1.493679,0.2592247,0.02964415,1.165424,0.417001,278.0139,289.5273,332.9624,True
0,0.4111111,-1.348473,0.5995635,-0.5804748,-1.502857,1.393941,-2.73042,0.3326196,1.19216,0.4726243,-1.51935,0.09521388,11.98939,14.24898,0.2228167,-0.4880201,0.5998402,-0.7405761,-3.697829,-0.5003504,0.3165396,1.390028,0.4081593,-0.1664253,-0.3928517,-0.2953524,-0.9426402,0.5053014,-0.3516928,0.4562572,1.493748,0.2590876,0.02765945,1.171852,0.4212794,277.0146,289.991,332.9909,True
0,0.4222222,-1.369823,0.6101133,-0.6039222,-1.498751,1.38431,-2.713844,0.3311162,1.194254,0.4744387,-1.520798,-0.1328461,12.01592,14.48468,0.2273953,-0.5029814,0.6423993,-0.7301908,-3.699784,-0.501583,0.3170534,1.39165,0.4088216,-0.1782206,-0.3939179,-0.3037608,-0.9445226,0.4986641,-0.3454487,0.4566789,1.493797,0.2590256,0.02562604,1.178571,0.4256576,276.019,290.1896,333.2319,True
0,0.4333333,-1.380536,0.6238462,-0.6369864,-1.49438,1.374031,-2.697442,0.3295,1.196622,0.4764855,-1.520566,0.02281354,11.98939,14.69895,0.2285834,-0.4848975,0.6701089,-0.720621,-3.700039,-0.5038333,0.3176892,1.393093,0.4094491,-0.1740407,-0.3949862,-0.3123321,-0.9466845,0.4918725,-0.3397384,0.4571166,1.493896,0.2589395,0.02377117,1.185506,0.4301022,274.9406,290.6549,333.2439,True
0,0.4444444,-1.382707,0.6355058,-0.6519372,-1.490677,1.363977,-2.681152,0.3280496,1.198694,0.4784195,-1.521537,-0.08878399,11.93634,14.87037,0.2211528,-0.4572312,0.6829921,-0.7113932,-3.699685,-0.5064837,0.3182497,1.394356,0.4098704,-0.1783699,-0.3885942,-0.3197508,-0.9489482,0.4854806,-0.3339394,0.4574817,1.493968,0.2589338,0.02197031,1.192608,0.4346223,273.8156,290.9928,333.4027,True
0,0.4555556,-1.385954,0.6514659,-0.6573142,-1.487447,1.353442,-2.664424,0.3267024,1.200869,0.4803429,-1.522352,-0.07336929,11.88329,15.02035,0.2190378,-0.4540362,0.6893982,-0.7021616,-3.700446,-0.5080944,0.3188508,1.395741,0.4105511,-0.1858912,-0.3896672,-0.3260644,-0.9510388,0.4787569,-0.3276197,0.4577664,1.494102,0.2589085,0.02020752,1.199823,0.4392068,272.688,290.7552,334.139,True
0,0.4666667,-1.397707,0.6812572,-0.6585118,-1.484472,1.342316,-2.647355,0.3254051,1.202616,0.4820485,-1.522904,-0.0496897,11.83024,15.14892,0.2095155,-0.4657592,0.6969244,-0.6923628,-3.701916,-0.5089633,0.319357,1.397075,0.4112859,-0.1945073,-0.380084,-0.3355688,-0.9536284,0.4725657,-0.3215621,0.4580472,1.494149,0.2588823,0.01848743,1.207088,0.4438907,271.5627,288.9669,336.408,True
0,0.4777778,-1.394497,0.6919545,-0.6521683,-1.48218,1.331791,-2.63121,0.3240201,1.204585,0.4840651,-1.522876,0.003143918,11.80371,15.27748,0.2084191,-0.4892026,0.6819684,-0.6831775,-3.704891,-0.5089756,0.319832,1.398371,0.4120169,-0.1933751,-0.3822179,-0.3281187,-0.9554293,0.4661846,-0.3157289,0.4583794,1.494299,0.2589548,0.01698828,1.214263,0.4486364,270.4379,284.4458,341.4538,True
0,0.4888889,-1.351871,0.6792297,-0.653252,-1.479353,1.321958,-2.616694,0.3227081,1.206519,0.4864581,-1.522872,0.0004705586,11.80371,15.36319,0.22113,-0.5104426,0.6626896,-0.674216,-3.708313,-0.509177,0.3202527,1.399535,0.4126825,-0.1954901,-0.3811516,-0.3259638,-0.9574367,0.4600018,-0.3098801,0.458602,1.494437,0.2590382,0.01571584,1.221288,0.4534136,270.6665,113.4269,153.0613,True
0,0.5,-1.309277,0.6739931,-0.644788,-1.476956,1.311808,-2.601998,0.3216761,1.2087,0.488493,-1.524001,-0.103001,11.83024,15.44889,0.2382051,-0.5380906,0.6561493,-0.6646163,-3.71239,-0.5092204,0.3205549,1.400764,0.4135077,-0.1966126,-0.3843482,-0.3323472,-0.9598736,0.4534202,-0.3039146,0.4588909,1.49453,0.2591872,0.01462235,1.228113,0.4581861,271.7427,111.4271,155.6756,True
0,0.5111111,-1.286914,0.675071,-0.6490908,-1.474563,1.301455,-2.587363,0.3204323,1.210642,0.4905705,-1.525825,-0.1658321,11.90981,15.53461,0.244557,-0.5700116,0.637958,-0.6553187,-3.717812,-0.5078273,0.3208128,1.401939,0.4141974,-0.1975579,-0.3822181,-0.3184852,-0.9615327,0.4474342,-0.2981457,0.4591619,1.494589,0.2592237,0.01360815,1.234756,0.4629523,272.743,111.5259,156.1161,True
0,0.5222223,-1.249626,0.6665531,-0.6608499,-1.471767,1.291224,-2.573625,0.3190726,1.212413,0.4926636,-1.525847,-0.0007021434,11.98939,15.57746,0.2242452,-0.5892114,0.6199581,-0.6463178,-3.723007,-0.5054552,0.3210625,1.403153,0.4149733,-0.2081011,-0.3683691,-0.3066682,-0.963366,0.4421148,-0.2924372,0.459228,1.49465,0.2594903,0.01274824,1.241126,0.4676966,273.686,112.2044,155.9253,True
0,0.5333334,-1.215545,0.6633736,-0.6683537,-1.469249,1.280867,-2.560146,0.3179152,1.214261,0.4947217,-1.525831,0.001268446,12.06897,15.59888,0.1984789,-0.5338693,0.611678,-0.6384966,-3.723628,-0.506305,0.3211185,1.404293,0.4157829,-0.2240217,-0.34174,-0.3001335,-0.9656126,0.4374857,-0.2867796,0.4593589,1.494607,0.2598298,0.01202441,1.247238,0.4723974,274.5231,112.9436,155.7198,True
0,0.5444446,-1.143125,0.6634611,-0.6705861,-1.467137,1.270407,-2.548521,0.316891,1.215828,0.4968688,-1.526614,-0.07169701,12.14854,15.59888,0.1960921,-0.4592982,0.6032649,-0.631443,-3.722433,-0.5093203,0.3210422,1.405346,0.4167254,-0.2260946,-0.3193693,-0.2937212,-0.9677858,0.4330671,-0.2816596,0.4593213,1.494748,0.2602537,0.01126533,1.253136,0.4770682,275.3772,113.6996,155.5267,True
0,0.5555557,-1.103706,0.6624479,-0.6695842,-1.465111,1.260076,-2.536403,0.3157464,1.217566,0.4989579,-1.526818,-0.01820423,12.14854,15.55603,0.2044657,-0.409196,0.5990058,-0.6243813,-3.72138,-0.5128077,0.3209001,1.406377,0.4175451,-0.2185408,-0.2969967,-0.2831311,-0.9697203,0.4290637,-0.2771789,0.4591685,1.494854,0.2607348,0.01047043,1.258774,0.4816838,276.2382,114.4516,155.3247,True
0,0.5666668,-1.045101,0.6614732,-0.6632911,-1.463434,1.250053,-2.52568,0.314682,1.219203,0.5009384,-1.528449,-0.1491976,12.12201,15.49175,0.1904008,-0.3495656,0.5895852,-0.6181405,-3.71896,-0.5163185,0.3206221,1.407334,0.4183769,-0.2078381,-0.2874098,-0.2779059,-0.9717513,0.4247287,-0.2727942,0.4590431,1.494969,0.2610679,0.00975439,1.264109,0.4862303,277.0192,115.2518,155.0223,True
0,0.577778,-0.9993699,0.6679479,-0.6612467,-1.462,1.239255,-2.514292,0.3141231,1.2215,0.5029755,-1.527795,0.06088387,12.09549,15.44889,0.1658152,-0.3368303,0.581234,-0.611302,-3.718774,-0.5174423,0.3202822,1.408335,0.4192579,-0.1938407,-0.2810157,-0.2620554,-0.9732592,0.4206382,-0.2688163,0.4587801,1.495154,0.2616124,0.009194043,1.269065,0.4907408,277.7713,115.89,154.8467,True
0,0.5888891,-0.9407506,0.6616691,-0.6496073,-1.460693,1.229504,-2.504975,0.3131471,1.22299,0.5049725,-1.528683,-0.08223521,12.06897,15.38461,0.1498977,-0.3251662,0.5962688,-0.6035773,-3.717551,-0.5195457,0.3198285,1.409335,0.4200938,-0.1872103,-0.2767531,-0.2365522,-0.9741929,0.4166601,-0.2647129,0.4585492,1.495211,0.2620878,0.008618937,1.27373,0.495261,278.3973,116.4865,154.7493,True
0,0.6000003,-0.8746666,0.6724781,-0.6359154,-1.460063,1.219141,-2.496432,0.3120441,1.224154,0.5070088,-1.527828,0.07874312,12.06897,15.36319,0.1477929,-0.3187847,0.6026822,-0.5959893,-3.716492,-0.5220187,0.3194225,1.410286,0.4210339,-0.1838443,-0.2735575,-0.2184729,-0.9751814,0.4126857,-0.2605562,0.4582052,1.495307,0.2627144,0.008112483,1.27814,0.4997587,278.8687,117.1835,154.558,True
0,0.6111114,-0.8139151,0.6662048,-0.6232139,-1.459228,1.209465,-2.48843,0.3110725,1.22546,0.5089986,-1.529264,-0.1324152,12.09549,15.34176,0.1508393,-0.3272702,0.5760161,-0.5893096,-3.717771,-0.5227945,0.3189347,1.411173,0.4220135,-0.1910812,-0.2703618,-0.194973,-0.9758056,0.4088661,-0.2560312,0.4578885,1.495306,0.2633755,0.007717139,1.282475,0.5042697,279.2233,118.2034,154.0367,True
0,0.6222225,-0.7702217,0.644981,-0.6199812,-1.458054,1.200177,-2.480057,0.3101237,1.226501,0.5111451,-1.529787,-0.04699556,12.12201,15.36319,0.1368027,-0.3230086,0.5484163,-0.5831875,-3.718688,-0.5231277,0.3182642,1.412102,0.4230847,-0.2047005,-0.2639717,-0.1703394,-0.9760683,0.4053828,-0.2513409,0.4573522,1.495349,0.2641954,0.007414385,1.286674,0.5087791,279.8241,118.5939,154.1846,True
0,0.6333337,-0.7275702,0.6248219,-0.6114631,-1.456775,1.19117,-2.472327,0.3090654,1.227761,0.5132117,-1.529728,0.005392293,12.14854,15.40604,0.1250039,-0.2942686,0.5474617,-0.5767725,-3.716493,-0.5259402,0.3176351,1.412843,0.4240839,-0.2109712,-0.2543909,-0.1574988,-0.9768155,0.4018938,-0.2468649,0.4569189,1.495443,0.2649772,0.007120449,1.290597,0.5133113,280.5311,118.4731,154.8433,True
0,0.6444448,-0.6454457,0.5749146,-0.5922639,-1.454988,1.18391,-2.467165,0.3079689,1.228975,0.5151706,-1.52875,0.08878417,12.17507,15.49175,0.1139433,-0.2367203,0.508191,-0.5728321,-3.713576,-0.5292255,0.3167757,1.413629,0.4252334,-0.2075668,-0.2320187,-0.1351593,-0.9770472,0.3996294,-0.2434454,0.4562691,1.495499,0.2659132,0.006819386,1.29413,0.5178312,281.1581,118.5029,155.3553,True
0,0.655556,-0.5995736,0.5494699,-0.5730798,-1.453836,1.17633,-2.461274,0.3069734,1.23015,0.517168,-1.528765,-0.002447389,12.12201,15.57746,0.09771059,-0.1962473,0.4849116,-0.5685737,-3.710479,-0.5323241,0.3160359,1.414455,0.4263983,-0.2086361,-0.2064502,-0.1351491,-0.9782307,0.3974887,-0.2399045,0.4556084,1.495614,0.2667835,0.006432393,1.297274,0.522323,281.635,118.8646,155.5203,True
0,0.6666671,-0.5313048,0.5284185,-0.5209092,-1.454078,1.169916,-2.456829,0.3062026,1.231225,0.5190716,-1.530633,-0.1710469,12.04244,15.64174,0.07804014,-0.1514813,0.4265028,-0.5664538,-3.707987,-0.5345084,0.3151777,1.415134,0.4276888,-0.2096321,-0.1872745,-0.1276832,-0.9790185,0.3955433,-0.2364607,0.4549693,1.495712,0.2677577,0.005890534,1.30014,0.5267359,281.9409,119.3937,155.5491,True
0,0.6777782,-0.505721,0.5221683,-0.4910598,-1.45453,1.162687,-2.45085,0.3054597,1.232239,0.5211773,-1.529555,0.09958718,11.93634,15.66317,0.08302703,-0.1418085,0.3774807,-0.563682,-3.7075,-0.5360571,0.3142114,1.415764,0.4290285,-0.2043121,-0.17556,-0.1277293,-0.9799863,0.3932492,-0.2330729,0.4542327,1.49579,0.2688172,0.005303911,1.302654,0.5309058,282.2054,119.8782,155.6136,True
0,0.6888894,-0.4534138,0.492572,-0.4537384,-1.45477,1.156604,-2.446964,0.3044675,1.23348,0.5238366,-1.530107,-0.05197012,11.83024,15.64174,0.09584828,-0.1556224,0.3773824,-0.5588856,-3.706936,-0.5380352,0.3133479,1.416495,0.430299,-0.1938304,-0.1702341,-0.1459414,-0.9818228,0.3906221,-0.2298212,0.4534303,1.495855,0.2699196,0.004683645,1.304858,0.5348016,282.3612,120.3001,155.621,True
0,0.7000005,-0.4139546,0.4660373,-0.4409204,-1.45415,1.150416,-2.442952,0.3035229,1.234472,0.5258,-1.52819,0.1755036,11.75066,15.57746,0.1203492,-0.1853679,0.3654711,-0.5541527,-3.708239,-0.5390925,0.3123385,1.417239,0.4317443,-0.1821771,-0.1659712,-0.1524394,-0.9832619,0.3881037,-0.2267399,0.4524661,1.495985,0.271096,0.004142059,1.306789,0.5384129,282.4667,120.538,155.6836,True
0,0.7111117,-0.3392728,0.4310927,-0.4004666,-1.453954,1.145774,-2.441116,0.3024371,1.235097,0.5275738,-1.529421,-0.1145606,11.75066,15.47032,0.1255488,-0.2119539,0.3366426,-0.550109,-3.710712,-0.5384089,0.3113802,1.417839,0.4331422,-0.1832257,-0.1499913,-0.15137,-0.9846063,0.3863456,-0.2238073,0.451484,1.496151,0.2723117,0.003495473,1.308685,0.5419331,282.5361,121.0547,155.3177,True
0,0.7222228,-0.3061844,0.4120187,-0.3834233,-1.453625,1.140258,-2.438159,0.3014843,1.235887,0.5294614,-1.528976,0.04146859,11.75066,15.36319,0.112626,-0.2140897,0.314352,-0.5465206,-3.712106,-0.5380722,0.3102541,1.418468,0.4346745,-0.1895567,-0.1435987,-0.1449167,-0.9856311,0.3843698,-0.2203904,0.4505086,1.496295,0.273526,0.002716487,1.31066,0.5455065,282.6815,121.5663,154.9467,True
0,0.7333339,-0.2613674,0.391908,-0.3546917,-1.453445,1.135686,-2.436186,0.3003859,1.236436,0.5310745,-1.530353,-0.1267471,11.77719,15.25605,0.09755969,-0.1928035,0.2995645,-0.5433434,-3.711527,-0.539096,0.3091799,1.419044,0.4361196,-0.1989433,-0.128685,-0.1235238,-0.9860641,0.3831323,-0.2171818,0.4493459,1.496529,0.2748923,0.002006141,1.312553,0.549028,282.9021,121.8182,155.0324,True
0,0.7444451,-0.2346371,0.3803706,-0.3110248,-1.454381,1.131418,-2.433944,0.2992683,1.236902,0.5327864,-1.528926,0.1312514,11.83024,15.14892,0.09305467,-0.154439,0.2772733,-0.541076,-3.709881,-0.5414217,0.3080153,1.419433,0.4376805,-0.1762116,-0.1286842,-0.08538537,-0.9854047,0.3815525,-0.2151967,0.4481574,1.496643,0.276274,0.001420557,1.314165,0.5523549,283.1964,121.7024,155.5558,True
0,0.7555562,-0.2121902,0.3901536,-0.2631665,-1.456335,1.126895,-2.431785,0.2981905,1.237438,0.5344584,-1.529081,-0.01577697,11.85676,15.06321,0.1171801,-0.1202317,0.2324158,-0.5400209,-3.709098,-0.5442694,0.3067852,1.41978,0.4392567,-0.1579485,-0.1329416,-0.06958381,-0.9853792,0.3795818,-0.2130742,0.4469184,1.496851,0.277626,0.0008003386,1.31551,0.5555113,283.4071,121.7434,155.8669,True
0,0.7666674,-0.1854977,0.378544,-0.2312312,-1.457342,1.1232,-2.430026,0.2969463,1.237803,0.5361626,-1.528333,0.06823308,11.83024,15.04178,0.09977926,-0.09039021,0.1899518,-0.5394377,-3.708535,-0.545258,0.3053431,1.420135,0.440871,-0.134278,-0.1446584,-0.04423737,-0.9846463,0.377294,-0.2110478,0.4454571,1.497106,0.2790937,9.008357E-05,1.31658,0.5584703,283.5584,121.7634,156.1488,True
0,0.7777785,-0.1555967,0.3520087,-0.2141521,-1.45783,1.119663,-2.428941,0.2957704,1.238251,0.5379007,-1.527927,0.03623572,11.77719,15.02035,0.07072006,-0.03823067,0.165708,-0.5391463,-3.70508,-0.5479363,0.304038,1.420466,0.4425118,-0.1105286,-0.125478,-0.01036722,-0.9834766,0.3767759,-0.2102808,0.4440019,1.497224,0.2806664,-0.0007969798,1.317463,0.5612904,283.5905,121.6683,156.4381,True
0,0.7888896,-0.117133,0.3159617,-0.1746756,-1.458817,1.117701,-2.428726,0.2944828,1.238498,0.5397487,-1.527815,0.009705829,11.69761,15.02035,0.03412559,0.02776201,0.1351314,-0.5401365,-3.700303,-0.551053,0.3026121,1.420766,0.4442737,-0.06866077,-0.0999096,0.0233246,-0.9821477,0.3768125,-0.2109783,0.4424184,1.497421,0.2822614,-0.001851975,1.318265,0.5640396,283.5556,121.5694,156.693,True
0,0.8000008,-0.09143504,0.2874086,-0.1234863,-1.460522,1.116184,-2.428437,0.2932633,1.238642,0.5414,-1.528096,-0.02595945,11.64456,15.02035,0.04245717,0.03421464,0.1084472,-0.540244,-3.698989,-0.5529729,0.3012055,1.421058,0.4460504,-0.0173365,-0.09990805,0.04308878,-0.98079,0.3757786,-0.2119245,0.4408498,1.497685,0.2838976,-0.003016158,1.318986,0.5667061,283.5536,121.6341,156.7955,True
0,0.8111119,-0.07538122,0.2843627,-0.08089724,-1.46272,1.114278,-2.427806,0.292021,1.238733,0.5430276,-1.528433,-0.03090632,11.59151,14.99893,0.05831023,0.00233335,0.07634711,-0.5397477,-3.700994,-0.5524267,0.2997902,1.421312,0.4478908,0.01881508,-0.1137533,0.03529067,-0.9803804,0.3737904,-0.212189,0.4391924,1.49809,0.2856317,-0.004199517,1.319592,0.5692768,283.577,121.7763,156.7869,True
0,0.8222231,-0.0700044,0.2791181,-0.05852333,-1.464559,1.111991,-2.426922,0.2908087,1.238789,0.5446641,-1.527942,0.04483843,11.53846,14.93465,0.06559175,-0.007196724,0.04539389,-0.5399809,-3.702179,-0.5523604,0.2983678,1.421566,0.4497371,0.02295359,-0.1244081,0.02246851,-0.9802164,0.3716673,-0.2112867,0.4376138,1.498406,0.2872765,-0.005351684,1.320016,0.5717191,283.61,121.5107,157.1652,True
0,0.8333342,-0.05609177,0.2685828,-0.02974772,-1.466818,1.110445,-2.426622,0.2894023,1.238763,0.5462682,-1.527222,0.06517336,11.48541,14.87037,0.07085358,-0.005041331,0.03684052,-0.539868,-3.70187,-0.5535088,0.2969763,1.421705,0.4516134,0.01552865,-0.1350641,0.02574101,-0.9793056,0.3695776,-0.20999,0.4358969,1.498512,0.2890573,-0.00648257,1.320245,0.5740018,283.5928,120.9943,157.7979,True
0,0.8444453,-0.03792571,0.2527257,0.002232149,-1.469046,1.109497,-2.42642,0.2880437,1.238807,0.5479565,-1.526647,0.05178989,11.45889,14.80608,0.07818966,0.00459154,0.02188776,-0.5403581,-3.701317,-0.5550909,0.2953915,1.421795,0.4535043,0.01581763,-0.131867,0.05663314,-0.9774259,0.3683591,-0.2094805,0.4341132,1.498688,0.290844,-0.007668091,1.320367,0.5761775,283.5347,120.6238,158.2544,True
0,0.8555565,-0.02295825,0.2346944,0.01931366,-1.470981,1.108526,-2.426602,0.2865433,1.238792,0.5496137,-1.526862,-0.02019934,11.45889,14.7418,0.09511479,-0.0006724447,0.001527127,-0.5407666,-3.702451,-0.5557173,0.2938107,1.421759,0.4553483,0.04384352,-0.09778135,0.09152369,-0.9752933,0.3688581,-0.211186,0.4322583,1.498997,0.2925494,-0.008926233,1.320469,0.5783153,283.4669,120.4538,158.4784,True
0,0.8666676,-0.004785538,0.2038604,0.03109873,-1.472138,1.108042,-2.427121,0.2847955,1.238655,0.5513113,-1.526707,0.0142522,11.43236,14.69895,0.0915671,0.00471212,-0.05064195,-0.5427991,-3.704376,-0.5549711,0.2921005,1.421587,0.4571085,0.07259785,-0.07967181,0.09018676,-0.974375,0.3687104,-0.2129235,0.4304488,1.499239,0.2941957,-0.01026037,1.320597,0.5804402,283.4125,120.0945,158.8863,True
0,0.8777788,0.001633838,0.180418,0.02690624,-1.472986,1.107197,-2.427334,0.283218,1.238473,0.5529048,-1.526849,-0.01325807,11.40584,14.65609,0.06785558,0.02386489,-0.08562151,-0.5450154,-3.70519,-0.5542669,0.2904284,1.421544,0.4588809,0.1193953,-0.05197011,0.08228695,-0.9739121,0.3692886,-0.2160583,0.4285486,1.499491,0.2960036,-0.01164772,1.320754,0.5825368,283.3692,119.6167,159.4219,True
0,0.8888899,0.002734007,0.1548561,0.02805898,-1.473795,1.106785,-2.427372,0.281595,1.238325,0.5544598,-1.526926,-0.007084555,11.37931,14.61324,0.04755499,0.05150599,-0.08332622,-0.5464284,-3.703602,-0.555463,0.2886835,1.421572,0.4607179,0.1332576,-0.04131733,0.08321968,-0.9729582,0.3693523,-0.2180381,0.4266593,1.499791,0.2978058,-0.01311867,1.32091,0.5845941,283.4034,119.1879,159.9401,True
0,0.900001,0.01449318,0.1367942,0.0366272,-1.47503,1.106452,-2.427905,0.28014,1.238178,0.5559938,-1.52644,0.04433686,11.35279,14.52753,0.02303718,0.1025557,-0.06499238,-0.5480178,-3.698869,-0.5588894,0.2869051,1.421619,0.462431,0.1312472,-0.01361834,0.09602612,-0.9715675,0.3706612,-0.220146,0.4247164,1.499997,0.2996237,-0.01469112,1.320965,0.5865765,283.4984,118.8707,160.3489,True
0,0.9111122,0.03263994,0.1198025,0.04517743,-1.476132,1.106382,-2.428872,0.2785624,1.238098,0.5574656,-1.525987,0.04095728,11.37931,14.4204,0.02519348,0.1344954,-0.04792063,-0.5492977,-3.694793,-0.5627241,0.2850841,1.421679,0.4642844,0.1164871,0.008750752,0.1121372,-0.9700676,0.3720915,-0.2217913,0.4227777,1.500287,0.3013937,-0.01629365,1.320837,0.5884531,283.5374,118.698,160.5784,True
0,0.9222233,0.04757931,0.104916,0.04733438,-1.477111,1.106165,-2.429912,0.2768663,1.237937,0.5589318,-1.526282,-0.02742435,11.40584,14.24898,0.03157402,0.1259954,-0.05330145,-0.550591,-3.693877,-0.5641483,0.2831998,1.421665,0.4660203,0.1197209,0.02579719,0.1163684,-0.9688218,0.3735533,-0.2239985,0.4206935,1.500691,0.3031671,-0.01791903,1.320563,0.5902213,283.4695,118.5486,160.7472,True
0,0.9333345,0.04757472,0.1070428,0.04626163,-1.47828,1.105536,-2.430381,0.2752187,1.237874,0.5603838,-1.526569,-0.02606773,11.43236,14.07757,0.01452655,0.1163682,-0.05746392,-0.5517505,-3.693281,-0.5642349,0.281338,1.42164,0.4676888,0.1324667,0.01834214,0.1119868,-0.9678226,0.3737054,-0.226039,0.4186874,1.50104,0.3050339,-0.0195126,1.320185,0.5918835,283.3361,118.349,160.9436,True
0,0.9444456,0.04334788,0.1060224,0.0611899,-1.479934,1.105406,-2.43076,0.2734305,1.237734,0.5618865,-1.5265,0.006266273,11.48541,13.88472,0.01142041,0.1216665,-0.04145729,-0.5525143,-3.690728,-0.5664328,0.2795525,1.421584,0.4694042,0.1476194,0.008755654,0.1374137,-0.9654497,0.3741022,-0.228442,0.416644,1.501254,0.3068092,-0.02115171,1.319779,0.5934687,283.2221,118.1439,161.16,True
0,0.9555568,0.03591125,0.1071314,0.07505072,-1.48183,1.105278,-2.430866,0.2716552,1.237611,0.5633783,-1.525792,0.06463555,11.53846,13.67045,0.01251025,0.1269923,-0.03613548,-0.5536147,-3.688284,-0.5687996,0.2777306,1.421279,0.4710469,0.1533728,0.008754082,0.1831753,-0.9619253,0.3751812,-0.2308971,0.4144167,1.501405,0.3085918,-0.02289194,1.31937,0.5950181,283.1437,117.9972,161.2999,True
0,0.9666679,0.02526622,0.1124659,0.08144242,-1.483606,1.104921,-2.430809,0.2699052,1.237462,0.5648189,-1.525465,0.02926602,11.56498,13.49904,0.01130851,0.1419216,-0.05102318,-0.555693,-3.686136,-0.5707034,0.2761085,1.420986,0.4727216,0.1620637,0.02047322,0.2012045,-0.9592695,0.3767417,-0.2338996,0.4124271,1.501599,0.3102932,-0.02473782,1.319018,0.596594,283.0441,117.8575,161.3992,True
0,0.977779,-0.02054749,0.1294798,0.08785275,-1.485804,1.104049,-2.429055,0.2682142,1.237162,0.5661414,-1.525106,0.0325638,11.59151,13.32762,0.01560768,0.1578964,-0.03824689,-0.5569351,-3.682487,-0.5740766,0.2744676,1.420775,0.4743383,0.1802941,0.04603933,0.2138159,-0.9569169,0.3791846,-0.2379833,0.4104138,1.501719,0.3119786,-0.02665905,1.318761,0.5982208,282.9431,117.5176,161.7005,True
0,0.9888902,-0.04612221,0.1369081,0.08893658,-1.487737,1.103401,-2.427668,0.266561,1.236939,0.5674729,-1.524906,0.01801679,11.61804,13.13477,0.02296998,0.1621942,-0.05107189,-0.5587946,-3.680264,-0.5764567,0.2728818,1.420688,0.4759173,0.1949928,0.05242737,0.1902345,-0.9559656,0.3804139,-0.2414499,0.4085018,1.502015,0.313633,-0.02857364,1.318604,0.5998796,282.8474,117.0856,162.1235,True
0,1.000001,-0.0706353,0.1368607,0.08258612,-1.489282,1.102637,-2.426024,0.2649842,1.236688,0.5687408,-1.523291,0.1475263,11.59151,12.9205,0.0303906,0.1356026,-0.06713364,-0.5602476,-3.680638,-0.5767105,0.2712556,1.420542,0.4775023,0.1853031,0.03325497,0.179677,-0.9542176,0.3805912,-0.2432111,0.4066391,1.502245,0.3151963,-0.03038643,1.318524,0.6015435,282.7961,116.699,162.5298,True
0,1.011112,-0.07912418,0.1198264,0.08800903,-1.490875,1.102961,-2.425035,0.2634977,1.236703,0.5706615,-1.523607,-0.02999747,11.53846,12.68481,0.02614664,0.1015165,-0.07780167,-0.5612553,-3.682027,-0.5756351,0.2697678,1.420502,0.4790571,0.1777447,0.031124,0.1680214,-0.9529381,0.3813262,-0.2454367,0.40486,1.502367,0.3166771,-0.03206236,1.318579,0.6032154,282.75,116.2774,162.9937,True
0,1.022224,-0.0780516,0.1134627,0.09441577,-1.492494,1.10293,-2.424057,0.2620703,1.236672,0.5718913,-1.523597,0.001479811,11.45889,12.42768,0.04009423,0.07810553,-0.07259716,-0.5618039,-3.682611,-0.5760894,0.2684435,1.420394,0.4804614,0.1787843,0.03645519,0.1658851,-0.9513413,0.3826562,-0.2481376,0.403142,1.502483,0.3180866,-0.03355978,1.31881,0.6048616,282.7577,115.8776,163.4653,True
0,1.033335,-0.0715819,0.0730139,0.100932,-1.49311,1.104066,-2.423823,0.2604548,1.236584,0.5730772,-1.524308,-0.06495709,11.43236,12.14913,0.05300174,0.05575588,-0.06206197,-0.5621544,-3.683066,-0.576715,0.2669739,1.420246,0.4817679,0.1788232,0.03539515,0.1690845,-0.9494723,0.3837792,-0.2508975,0.401413,1.502668,0.3196218,-0.03489321,1.319228,0.6064756,282.8203,115.5951,163.7711,True
0,1.044446,-0.05982625,0.04212793,0.1010142,-1.493503,1.105233,-2.423595,0.2589025,1.236468,0.5741856,-1.52453,-0.01969099,11.40584,11.89201,0.04987879,0.03976047,-0.05673014,-0.5624601,-3.683527,-0.5766769,0.26544,1.420047,0.4831274,0.1714562,0.02793813,0.1787416,-0.9472672,0.3845679,-0.2529939,0.3998044,1.502791,0.3209808,-0.03610827,1.319853,0.6081029,282.9285,115.158,164.1849,True
0,1.055557,-0.0331387,-0.009002656,0.09262459,-1.492918,1.107048,-2.424328,0.2572699,1.236336,0.57535,-1.525242,-0.06496324,11.40584,11.65631,0.02525131,0.03226543,-0.07895051,-0.56387,-3.685155,-0.5747752,0.2638507,1.419912,0.484412,0.1607668,0.03326935,0.1745788,-0.9456651,0.3858465,-0.2552512,0.3981356,1.502898,0.3223886,-0.03717494,1.320569,0.6096285,283.1032,114.5175,164.9576,True
0,1.066668,-0.01500152,-0.03243226,0.09161439,-1.492891,1.108707,-2.424872,0.2558028,1.236168,0.5765758,-1.525316,-0.00624112,11.45889,11.46347,-0.008924589,0.05348992,-0.08402072,-0.565379,-3.683951,-0.5745839,0.2623583,1.419795,0.4855998,0.152105,0.05137867,0.1597443,-0.9447452,0.3876694,-0.2576939,0.3965653,1.503038,0.3237231,-0.03821219,1.321241,0.6109074,283.374,113.9416,165.7382,True
0,1.077779,0.001013682,-0.05370392,0.09592194,-1.492936,1.110488,-2.425581,0.2544,1.236024,0.5775185,-1.526163,-0.07744563,11.51194,11.3349,-0.02385116,0.05025522,-0.08712502,-0.5665103,-3.684471,-0.5734185,0.2607827,1.419689,0.4867015,0.1445616,0.07374862,0.1512915,-0.943852,0.3899869,-0.2603328,0.3950403,1.503276,0.3250399,-0.03933798,1.321742,0.6118525,283.6542,113.5666,166.2421,True
0,1.08889,0.003140354,-0.04303782,0.1022731,-1.49381,1.111586,-2.425683,0.2530677,1.235823,0.5783472,-1.525971,0.01815751,11.56498,11.29205,-0.03657326,0.05340374,-0.0763809,-0.5671926,-3.683874,-0.573161,0.2592859,1.419565,0.4877563,0.123158,0.08440153,0.1408366,-0.9430045,0.3918527,-0.262066,0.3936135,1.503458,0.326226,-0.04064528,1.321947,0.6124484,283.8947,113.4784,166.2892,True
0,1.100002,0.006304113,-0.0174831,0.1000447,-1.494877,1.111838,-2.425909,0.2517417,1.235647,0.5791149,-1.525966,8.546747E-05,11.59151,11.29205,-0.04621455,0.09810618,-0.06666657,-0.5688352,-3.68013,-0.5754526,0.2579188,1.419519,0.488658,0.09852135,0.09611931,0.1272172,-0.942441,0.3938743,-0.2634412,0.3922293,1.503568,0.3273458,-0.04213389,1.321807,0.6127802,283.9825,113.44,166.127,True
0,1.111113,0.01482531,-0.007862229,0.106388,-1.496108,1.112583,-2.42643,0.2503928,1.235485,0.5798607,-1.525318,0.05923952,11.59151,11.35633,-0.04302647,0.116216,-0.06027424,-0.5703021,-3.67764,-0.5771952,0.256463,1.419455,0.4896786,0.07604463,0.1003774,0.1157052,-0.9419041,0.3956183,-0.2646415,0.3908458,1.503733,0.3283978,-0.04375548,1.321347,0.6129211,283.9076,113.4146,165.9095,True
0,1.122224,0.030783,-0.006801744,0.09569962,-1.496612,1.112899,-2.427335,0.2491236,1.235291,0.5804591,-1.525371,-0.005431115,11.51194,11.42061,-0.06225403,0.1225614,-0.06546597,-0.5717897,-3.676352,-0.5769517,0.2551919,1.419384,0.4903657,0.05688684,0.09824333,0.1169516,-0.9407968,0.3972194,-0.2657776,0.3894585,1.50391,0.3294475,-0.04548238,1.320707,0.6130102,283.7051,113.4314,165.6278,True
0,1.133335,0.05738127,-0.004704625,0.07753937,-1.496756,1.113113,-2.428895,0.2478626,1.235143,0.5810397,-1.52559,-0.02000778,11.45889,11.52775,-0.07717188,0.1203927,-0.06643658,-0.5730952,-3.67523,-0.576479,0.2537621,1.419317,0.4912202,0.04303873,0.09398176,0.1170809,-0.9397635,0.3987334,-0.2666935,0.3880795,1.504069,0.3304799,-0.047252,1.320037,0.6131908,283.4599,113.5036,165.3076,True
0,1.144446,0.07867079,-0.006849199,0.06792154,-1.496912,1.113629,-2.430442,0.2467063,1.234927,0.5816152,-1.525954,-0.0330887,11.40584,11.69916,-0.09832357,0.1203081,-0.0417926,-0.5734569,-3.672647,-0.5767522,0.2523764,1.419282,0.4919841,0.03241336,0.09291546,0.1203761,-0.9386279,0.400416,-0.2676733,0.386798,1.504126,0.3314857,-0.04895763,1.319409,0.6135104,283.2414,113.4622,165.1816,True
0,1.155557,0.08932721,-0.008944631,0.07216692,-1.497523,1.114247,-2.431682,0.2455728,1.234839,0.5820892,-1.526529,-0.05247368,11.40584,11.91343,-0.1025365,0.1192223,-0.03537372,-0.5742851,-3.670822,-0.5771078,0.2510337,1.419183,0.4926925,0.02080786,0.09397727,0.132206,-0.9370242,0.4022814,-0.2686485,0.3855402,1.504304,0.3323555,-0.05049799,1.318811,0.6139512,283.0909,113.4915,165.0855,True
0,1.166668,0.101095,-0.03339399,0.08288566,-1.497745,1.115921,-2.433285,0.2443499,1.234664,0.5825958,-1.52639,0.01310439,11.45889,12.14913,-0.09831719,0.110722,-0.04500239,-0.5755288,-3.670273,-0.5766156,0.2497255,1.419112,0.4934006,0.02189925,0.0961035,0.1353915,-0.9358103,0.404084,-0.2699766,0.3842902,1.504455,0.3332283,-0.05184873,1.318218,0.6145024,283.0073,113.523,165.0427,True
0,1.17778,0.1160656,-0.07386053,0.08406624,-1.496961,1.118287,-2.435226,0.2430525,1.234454,0.5831845,-1.525891,0.04534565,11.51194,12.40626,-0.09298679,0.09689565,-0.05038798,-0.5765818,-3.670173,-0.5759001,0.2483126,1.418966,0.4941001,0.02086766,0.09930189,0.139661,-0.9345245,0.4061093,-0.2712874,0.3830745,1.504528,0.3340974,-0.0530271,1.317607,0.6151363,282.9305,113.3356,165.2563,True
0,1.188891,0.1353388,-0.150537,0.08430316,-1.494892,1.122167,-2.437698,0.2418773,1.234207,0.583647,-1.525991,-0.009666474,11.56498,12.68481,-0.09744492,0.09266526,-0.08232604,-0.578788,-3.670784,-0.5741272,0.2469761,1.41873,0.4946382,0.01979539,0.1195422,0.1386038,-0.9336393,0.409012,-0.2732164,0.3818839,1.504663,0.3348739,-0.05413759,1.317045,0.6158114,282.8295,112.911,165.7694,True
0,1.200002,0.1609812,-0.2026834,0.08870112,-1.493255,1.125729,-2.440579,0.2407121,1.233812,0.5840442,-1.526171,-0.01645071,11.59151,12.98479,-0.1030348,0.1097347,-0.1163575,-0.5818672,-3.670537,-0.5729898,0.2456324,1.418537,0.4952223,0.02082223,0.1365876,0.134333,-0.9329144,0.4120136,-0.2752918,0.3807118,1.504802,0.3356607,-0.05525943,1.316509,0.6163973,282.7833,112.4533,166.3633,True
0,1.211113,0.1748769,-0.22821,0.0972949,-1.492159,1.12929,-2.443257,0.2396092,1.233412,0.5845551,-1.526454,-0.02581432,11.59151,13.28477,-0.1160674,0.1438224,-0.1407372,-0.5855375,-3.668612,-0.5727727,0.2442695,1.418278,0.4956238,0.01853594,0.144044,0.1173046,-0.9327903,0.4144315,-0.2768918,0.3795759,1.505007,0.3363962,-0.05643386,1.315893,0.6167219,282.79,112.1779,166.7652,True
0,1.222224,0.2047513,-0.2494207,0.1122349,-1.491394,1.133043,-2.446744,0.2386301,1.232989,0.5847456,-1.526731,-0.02523475,11.51194,13.58474,-0.1245821,0.1448615,-0.1396187,-0.5876409,-3.667722,-0.5719173,0.2429861,1.41802,0.4960701,0.0110357,0.1355241,0.1131154,-0.9320414,0.4162526,-0.2777509,0.378433,1.505143,0.3370554,-0.05763014,1.31504,0.6165776,282.798,112.1243,166.8591,True
0,1.233335,0.2324606,-0.2482942,0.118566,-1.490734,1.135936,-2.450486,0.2375043,1.232422,0.5848858,-1.526356,0.03431644,11.40584,13.82044,-0.1446781,0.1543616,-0.1128413,-0.5889293,-3.664971,-0.5718385,0.241578,1.417889,0.4962888,0.009017721,0.1259366,0.1248487,-0.9306496,0.4181231,-0.278976,0.3772445,1.505297,0.3376765,-0.05892542,1.313904,0.6159684,282.7642,112.2171,166.6057,True
0,1.244446,0.2526826,-0.2280138,0.1237858,-1.49072,1.138391,-2.45409,0.2364921,1.23184,0.5848374,-1.526903,-0.05043038,11.35279,13.99186,-0.1489155,0.1745765,-0.1010701,-0.5909139,-3.661654,-0.5727924,0.2402257,1.41761,0.4965558,0.007072553,0.1323255,0.1451094,-0.928909,0.4208752,-0.2805861,0.3760594,1.505437,0.3382604,-0.06036041,1.312524,0.6150181,282.6131,112.3109,166.1838,True
0,1.255558,0.2611696,-0.2056413,0.120493,-1.490624,1.140335,-2.457374,0.2354486,1.231345,0.5847416,-1.527067,-0.01470934,11.29973,14.09899,-0.1521029,0.1937324,-0.09250233,-0.5931051,-3.658248,-0.5739053,0.2388465,1.417255,0.4968219,0.001952797,0.1355229,0.1675285,-0.9268962,0.4237261,-0.282123,0.3749023,1.505487,0.3388655,-0.06187392,1.310915,0.6138122,282.3967,112.4485,165.6791,True
0,1.266669,0.2814069,-0.2013566,0.1225747,-1.490297,1.143041,-2.46134,0.2344394,1.230705,0.5846126,-1.526733,0.03044204,11.37931,14.16327,-0.1714578,0.20969,-0.1136653,-0.5962988,-3.655884,-0.5732907,0.2374022,1.416777,0.4970677,0.0064926,0.1419147,0.1973142,-0.9244061,0.4269206,-0.2842725,0.3736939,1.505533,0.3394678,-0.06349643,1.309119,0.6125223,282.1618,112.7196,165.02,True
0,1.27778,0.2995082,-0.187463,0.1267483,-1.490414,1.145187,-2.465497,0.2333169,1.230087,0.584491,-1.526205,0.04776072,11.51194,14.16327,-0.1865489,0.2267196,-0.1337843,-0.5998024,-3.653318,-0.5727786,0.2358969,1.416288,0.4973228,0.01845321,0.1589618,0.2238411,-0.9217904,0.4309358,-0.2872315,0.3725599,1.505489,0.3400443,-0.0651685,1.307194,0.6112968,281.8574,112.958,164.4076,True
0,1.288891,0.3240041,-0.1756968,0.1319917,-1.490724,1.1475,-2.470145,0.2323657,1.229255,0.5842655,-1.526591,-0.03573729,11.69761,14.16327,-0.2102057,0.2299001,-0.1666502,-0.6037759,-3.652059,-0.5706677,0.2343615,1.415679,0.4973786,0.01528391,0.166418,0.2259998,-0.919932,0.4343348,-0.2894102,0.3713634,1.505562,0.3405445,-0.06684676,1.305238,0.6102491,281.5048,113.2091,163.8532,True
0,1.300002,0.3325034,-0.1554415,0.1318937,-1.491064,1.149111,-2.47428,0.231445,1.228382,0.5839446,-1.526688,-0.008648462,11.88329,14.1847,-0.2369197,0.2500782,-0.1717817,-0.6074276,-3.649011,-0.5696901,0.232908,1.415018,0.4974949,0.01307487,0.1738736,0.2175022,-0.9184763,0.4377036,-0.2915424,0.370241,1.505548,0.3410792,-0.06842567,1.303255,0.6093745,281.1832,113.3241,163.524,True
0,1.311113,0.3367512,-0.1362382,0.1382104,-1.491924,1.15087,-2.478334,0.2304955,1.227484,0.5836756,-1.526956,-0.02461442,12.04244,14.20613,-0.2476093,0.2766747,-0.1663477,-0.610869,-3.644607,-0.5702206,0.2313827,1.414397,0.4975197,0.01412016,0.1781347,0.2153616,-0.9168646,0.4411281,-0.29381,0.3691044,1.505506,0.3415983,-0.06990704,1.301264,0.6086947,280.9015,113.2184,163.4861,True
0,1.322224,0.3484702,-0.1095138,0.1583275,-1.493593,1.152462,-2.482688,0.2295687,1.2264,0.5832343,-1.526316,0.05854791,12.09549,14.29184,-0.2432893,0.2937116,-0.1503731,-0.6138629,-3.640074,-0.5713732,0.2300198,1.413722,0.4975817,0.02379128,0.1781215,0.2237958,-0.9146861,0.4443067,-0.296445,0.3680041,1.505342,0.3420258,-0.071181,1.299173,0.6081479,280.6651,112.9002,163.7361,True
0,1.333336,0.3548702,-0.09454723,0.1689118,-1.494913,1.154224,-2.487113,0.2286601,1.225315,0.5828066,-1.525976,0.03049311,12.12201,14.4204,-0.2283628,0.290566,-0.1504818,-0.6171652,-3.636909,-0.5719557,0.2287012,1.412986,0.497606,0.03352326,0.1738624,0.239686,-0.9121918,0.4476932,-0.299163,0.3669128,1.505191,0.3424349,-0.07233355,1.297013,0.6077344,280.4167,112.5287,164.0881,True
0,1.344447,0.3548513,-0.07749987,0.1709836,-1.49625,1.15574,-2.49116,0.2277866,1.224268,0.5824752,-1.526122,-0.01372785,12.09549,14.57039,-0.2294703,0.2799209,-0.1611379,-0.6204398,-3.634941,-0.5709362,0.2274095,1.412268,0.4976461,0.03786752,0.1759926,0.2481644,-0.9099435,0.4512708,-0.3019623,0.36581,1.50511,0.342891,-0.07343903,1.294842,0.607436,280.149,111.9017,164.7295,True
0,1.355558,0.3345863,-0.05087708,0.1741151,-1.498044,1.156642,-2.494325,0.2269608,1.223119,0.5819547,-1.52607,0.004797786,12.06897,14.76323,-0.2338478,0.2554466,-0.1877714,-0.6241043,-3.634779,-0.5681551,0.226112,1.411551,0.4977295,0.04855549,0.1802476,0.2523288,-0.9077209,0.4549493,-0.3050702,0.3647689,1.504994,0.3432412,-0.07449111,1.292644,0.607174,279.8976,110.9473,165.7497,True
0,1.366669,0.3143236,-0.03919939,0.1698471,-1.499423,1.157739,-2.497257,0.2262002,1.221998,0.5813735,-1.525586,0.04414678,12.04244,14.95607,-0.2318071,0.2533358,-0.2016436,-0.6279137,-3.633358,-0.5666802,0.2248887,1.410826,0.4977379,0.05155802,0.1855705,0.2320609,-0.9065384,0.4583611,-0.3077757,0.3637494,1.504894,0.3435423,-0.07553396,1.290413,0.6068746,279.6539,110.0685,166.6927,True
0,1.37778,0.3089958,-0.02959995,0.1762119,-1.501014,1.159142,-2.500633,0.2254329,1.2208,0.5808332,-1.524638,0.08621264,12.06897,15.12749,-0.2200642,0.2597597,-0.1953258,-0.6313577,-3.630515,-0.5669222,0.2236485,1.410112,0.497719,0.05464697,0.1802447,0.2213777,-0.9051115,0.4613822,-0.3102287,0.362785,1.504806,0.3438158,-0.0766058,1.288178,0.6065217,279.3934,109.3315,167.441,True
0,1.388891,0.3121977,-0.02424318,0.1836446,-1.502796,1.160573,-2.504277,0.224789,1.219741,0.5801613,-1.524316,0.02878551,12.12201,15.25605,-0.2073168,0.2576704,-0.201801,-0.6348838,-3.628731,-0.5665047,0.2224455,1.409419,0.4975882,0.05674949,0.16959,0.2181582,-0.9033709,0.4640564,-0.3125909,0.361764,1.504727,0.3440998,-0.07767434,1.285987,0.6061026,279.108,108.5499,168.2231,True
0,1.400002,0.3260414,-0.01670918,0.1974688,-1.505354,1.162179,-2.508228,0.2243307,1.218612,0.5795243,-1.524774,-0.04195692,12.20159,15.36319,-0.1956189,0.2502506,-0.2072123,-0.6383176,-3.627402,-0.5657417,0.2213046,1.408756,0.4974837,0.0503151,0.1642632,0.2139546,-0.9017708,0.466896,-0.3146594,0.3607926,1.504668,0.3443239,-0.07868549,1.283886,0.6055727,278.8333,107.8154,168.9575,True
0,1.411114,0.3473671,-0.02518576,0.202789,-1.506991,1.164064,-2.512908,0.223748,1.217669,0.5787985,-1.525131,-0.03220702,12.25464,15.44889,-0.1914818,0.2492318,-0.227494,-0.6427007,-3.626401,-0.5645744,0.2202339,1.40813,0.4972177,0.04506832,0.1717204,0.2225208,-0.8998662,0.4705419,-0.3172307,0.3598045,1.504667,0.3444753,-0.07960047,1.28188,0.6048973,278.6041,106.9362,169.8125,True
0,1.422225,0.359087,-0.01876835,0.2048724,-1.508825,1.165383,-2.517414,0.2231236,1.216923,0.5780087,-1.525446,-0.02865058,12.25464,15.53461,-0.1893999,0.2694741,-0.2264159,-0.6467391,-3.623446,-0.5648469,0.2191476,1.407629,0.4970348,0.0569382,0.1866322,0.23839,-0.897677,0.4748653,-0.3209804,0.3587981,1.50465,0.3445716,-0.08036786,1.279952,0.6040524,278.3948,105.8842,170.8014,True
0,1.433336,0.3590864,-0.01344408,0.2059156,-1.510617,1.166754,-2.521471,0.2225561,1.216255,0.5773053,-1.526126,-0.06198727,12.22811,15.55603,-0.1850602,0.2694703,-0.2136676,-0.6500126,-3.620981,-0.5648426,0.2180852,1.40708,0.4967797,0.06439704,0.182375,0.2393886,-0.895676,0.4782751,-0.3239767,0.357801,1.504681,0.3446927,-0.08098575,1.278083,0.6030608,278.2235,104.6234,171.9753,True
0,1.444447,0.361196,-0.007076118,0.1984325,-1.512295,1.167797,-2.525618,0.2220033,1.215554,0.576561,-1.525953,0.0162364,12.20159,15.53461,-0.1763142,0.256672,-0.1839162,-0.6522071,-3.61867,-0.5649846,0.2171132,1.40677,0.4965377,0.05461782,0.1557386,0.219239,-0.8942991,0.4799193,-0.3252559,0.3569164,1.50472,0.3447993,-0.08161268,1.276279,0.6019607,278.0802,103.5912,172.934,True
0,1.455558,0.3558718,-0.02416801,0.1857138,-1.513115,1.169342,-2.529515,0.2213715,1.214944,0.5758488,-1.52537,0.05304838,12.14854,15.44889,-0.1547848,0.253498,-0.1510373,-0.6542023,-3.615288,-0.5667036,0.2161506,1.406312,0.4962366,0.03957832,0.1354915,0.2055321,-0.8927944,0.4816213,-0.3262708,0.3559694,1.504686,0.3448606,-0.08236035,1.274553,0.6008314,277.9053,102.717,173.6966,True
0,1.466669,0.3398776,-0.03703584,0.1676765,-1.513676,1.170769,-2.532848,0.220805,1.214366,0.5751729,-1.525355,0.0008773005,12.12201,15.29891,-0.1461942,0.2417888,-0.1457805,-0.656661,-3.613531,-0.56684,0.2151972,1.405795,0.4958429,0.03640381,0.1418848,0.2076913,-0.8911033,0.484823,-0.3286306,0.3550988,1.504762,0.3448982,-0.08320341,1.2729,0.5997326,277.699,101.8682,174.3987,True
0,1.47778,0.3238773,-0.04029976,0.1517429,-1.514515,1.171843,-2.536017,0.2202086,1.213618,0.5746152,-1.525046,0.02825552,12.12201,15.10606,-0.1430133,0.2258281,-0.1543419,-0.659411,-3.612584,-0.5660429,0.2142131,1.405309,0.4955292,0.04800065,0.1599945,0.1947988,-0.8901733,0.4885101,-0.3318405,0.3541857,1.504758,0.3448853,-0.08407135,1.271282,0.5986936,277.5051,101.0754,175.0692,True
0,1.488891,0.2887003,-0.04145843,0.137958,-1.51511,1.172855,-2.538051,0.2196095,1.213053,0.5740178,-1.524458,0.05353899,12.14854,14.82751,-0.1387101,0.2247642,-0.1479836,-0.6620405,-3.610456,-0.5662221,0.2132455,1.404953,0.4952478,0.05651233,0.1546683,0.1936534,-0.8886889,0.4912524,-0.3344712,0.3533271,1.504785,0.3448949,-0.08494563,1.269675,0.5977018,277.3092,100.445,175.6171,True
0,1.500003,0.2588531,-0.04154398,0.1230878,-1.515576,1.173602,-2.540034,0.2190208,1.212512,0.5734797,-1.524305,0.0135406,12.22811,14.46325,-0.1321847,0.2141033,-0.130991,-0.6638685,-3.60846,-0.566497,0.212309,1.404603,0.4949467,0.05649598,0.1429573,0.1925897,-0.8870825,0.4936255,-0.3365096,0.352515,1.504753,0.3448365,-0.08579419,1.268079,0.5967567,277.108,99.96987,175.9994,True
0,1.511114,0.2343432,-0.0383943,0.1199267,-1.516418,1.174649,-2.541928,0.2183986,1.21208,0.5730543,-1.523278,0.09395971,12.33422,14.01328,-0.1310402,0.2130243,-0.1192849,-0.6659575,-3.606195,-0.5668621,0.2113703,1.404301,0.4947083,0.03611527,0.1397574,0.1778566,-0.8862505,0.4959783,-0.3376606,0.3517197,1.504738,0.3447216,-0.08661705,1.26651,0.5959055,276.9231,99.38593,176.48,True
0,1.522225,0.2236664,-0.03203336,0.1156732,-1.517416,1.175523,-2.544052,0.2179332,1.211442,0.5726283,-1.523307,-0.003358566,12.41379,13.52046,-0.1223308,0.1970395,-0.09591793,-0.667034,-3.604102,-0.5673859,0.2105213,1.403944,0.4944131,0.0232629,0.1354957,0.170519,-0.8851527,0.4983172,-0.3389605,0.3509234,1.504761,0.3446677,-0.0874525,1.265063,0.5951732,276.6912,98.7028,177.0967,True
0,1.533336,0.2086994,-0.01400492,0.09752278,-1.518079,1.17541,-2.545916,0.2173615,1.211133,0.5721161,-1.523425,-0.01048945,12.46684,13.0705,-0.1169164,0.1885059,-0.0853149,-0.6684971,-3.602388,-0.5675609,0.2096295,1.403629,0.4940026,0.01911251,0.1365621,0.1822775,-0.8833418,0.5013202,-0.3410093,0.3501762,1.504796,0.3446057,-0.08827047,1.263809,0.5945579,276.4626,98.07219,177.6804,True
0,1.544447,0.203343,-0.007665623,0.0857913,-1.518577,1.175694,-2.548005,0.21678,1.210692,0.5716345,-1.523863,-0.03985225,12.44032,12.68481,-0.1254522,0.1820938,-0.0895339,-0.670496,-3.60104,-0.5669193,0.2087196,1.403393,0.493659,0.01289622,0.1418893,0.2004409,-0.8812981,0.5046551,-0.3431246,0.3494124,1.504824,0.3444531,-0.08901007,1.262773,0.5940343,276.2975,97.24811,178.468,True
0,1.555558,0.1915983,-0.005608834,0.06875198,-1.518694,1.175726,-2.549824,0.2161227,1.210412,0.5712132,-1.52386,0.0007675554,12.38727,12.3634,-0.1380472,0.1969299,-0.05427307,-0.6713856,-3.596818,-0.568244,0.2078403,1.403114,0.493382,-0.00312385,0.1280405,0.1963314,-0.8797002,0.5067722,-0.3439105,0.3486282,1.504795,0.3443785,-0.08958998,1.261894,0.5935646,276.2265,96.41769,179.2884,True
0,1.566669,0.1745541,-0.01951873,0.06137253,-1.518561,1.176744,-2.551251,0.2155208,1.210088,0.570775,-1.524189,-0.03006181,12.30769,12.08485,-0.1335889,0.2001028,-0.02234733,-0.6721211,-3.592942,-0.5699332,0.2070687,1.402795,0.4930229,-0.01704885,0.1131268,0.1879345,-0.8782844,0.5084996,-0.3443912,0.3479886,1.50467,0.3443196,-0.09013037,1.261197,0.5931874,276.1902,95.92255,179.8152,True
0,1.577781,0.1521933,-0.03874315,0.05509166,-1.518393,1.177863,-2.552255,0.2148607,1.20977,0.5704541,-1.524086,0.009814175,12.14854,11.91343,-0.1175369,0.1905476,-0.01500567,-0.6730181,-3.590433,-0.5711077,0.2063971,1.402508,0.492738,-0.02462864,0.1131273,0.1752235,-0.8772431,0.5107564,-0.3452972,0.3472955,1.504539,0.3442612,-0.09064481,1.260608,0.5928742,276.2125,95.61926,180.1735,True
0,1.588892,0.1341012,-0.05154378,0.05729743,-1.518413,1.179073,-2.553209,0.214274,1.209398,0.5700872,-1.523748,0.03086689,12.01592,11.82773,-0.1068853,0.1660823,-0.02469414,-0.6741121,-3.589745,-0.5707724,0.205655,1.402282,0.4924245,-0.02167812,0.1354995,0.1485595,-0.8773747,0.5138713,-0.3472011,0.3467899,1.504484,0.3442285,-0.09119753,1.260083,0.5926017,276.239,95.37109,180.4912,True
0,1.600003,0.1010707,-0.05907222,0.04779005,-1.518087,1.179847,-2.553248,0.2136316,1.209205,0.5697956,-1.523437,0.02823247,11.90981,11.78487,-0.105784,0.1309407,-0.03326575,-0.6747811,-3.590048,-0.5694121,0.2049949,1.402044,0.4921622,-0.02301297,0.1450889,0.1187386,-0.8777417,0.5164381,-0.348669,0.3461996,1.504472,0.3441455,-0.09176425,1.259557,0.5922673,276.2524,95.03254,180.902,True
0,1.611114,0.07657968,-0.07189775,0.04468112,-1.517763,1.181075,-2.553335,0.2130794,1.208952,0.569489,-1.523532,-0.008764512,11.83024,11.78487,-0.1035622,0.1192144,-0.02370867,-0.6752983,-3.588744,-0.5692999,0.2044113,1.401865,0.4919152,-0.03603736,0.1248399,0.09329233,-0.8777204,0.5172692,-0.3483473,0.345729,1.504429,0.3440115,-0.09238382,1.259025,0.591823,276.2399,94.70174,181.2608,True
0,1.622225,0.06700119,-0.0761741,0.04258166,-1.517633,1.182045,-2.554028,0.2124398,1.208745,0.5691686,-1.522861,0.06161705,11.80371,11.72059,-0.1035256,0.1170789,-0.01944947,-0.6760402,-3.586984,-0.5695764,0.2036541,1.401713,0.491534,-0.0402629,0.1088603,0.09652255,-0.8769102,0.5186022,-0.3486866,0.3452202,1.504373,0.3438864,-0.09303625,1.25848,0.591242,276.198,94.44637,181.4874,True
0,1.633336,0.07340218,-0.08042436,0.04257855,-1.517412,1.183067,-2.555231,0.2118609,1.208568,0.5687823,-1.523046,-0.0173256,11.85676,11.63488,-0.09911174,0.105346,0.0007471889,-0.6758533,-3.585335,-0.5697937,0.2030515,1.40147,0.491179,-0.04007907,0.09820987,0.1167598,-0.8752697,0.5204243,-0.3493593,0.3447297,1.504306,0.3437736,-0.0937708,1.258004,0.5905747,276.0978,94.4746,181.3726,True
0,1.644447,0.0744517,-0.07084295,0.0404123,-1.517457,1.183649,-2.556141,0.2113947,1.208382,0.5683911,-1.523915,-0.07901167,11.90981,11.52775,-0.09911128,0.1074709,0.001811959,-0.6764978,-3.583702,-0.5699711,0.2025366,1.401212,0.4908843,-0.04322239,0.09715027,0.1221154,-0.8742327,0.5225042,-0.3501415,0.3442217,1.504255,0.3437228,-0.09449482,1.257623,0.5898213,276.0063,94.58462,181.1471,True
0,1.655559,0.07122557,-0.06234335,0.03507116,-1.51754,1.184222,-2.556731,0.2110758,1.208047,0.5680404,-1.524658,-0.06713985,11.93634,11.39919,-0.09268527,0.1053556,0.007093907,-0.6769654,-3.581877,-0.5704787,0.2020734,1.401073,0.4905574,-0.04216816,0.1078046,0.1210403,-0.8735392,0.5250816,-0.3513362,0.3439273,1.504172,0.3436296,-0.09519133,1.257336,0.5890169,275.9698,94.69901,180.9151,True
0,1.66667,0.05949209,-0.04743652,0.03716912,-1.51791,1.184505,-2.557029,0.2106874,1.207775,0.5676506,-1.524532,0.01199273,11.93634,11.2492,-0.08950668,0.1064304,0.004941794,-0.6776776,-3.580285,-0.5708163,0.2015905,1.400955,0.4904089,-0.04139604,0.1110017,0.08906867,-0.8740702,0.5267512,-0.3520374,0.3435993,1.504139,0.3435507,-0.09579369,1.257069,0.5881735,275.9795,94.89079,180.606,True
0,1.677781,0.05841176,-0.03784749,0.037136,-1.51819,1.184803,-2.557631,0.2103317,1.207511,0.5672846,-1.524253,0.02545303,11.88329,11.12063,-0.08840693,0.09152036,0.004917714,-0.6779684,-3.579459,-0.5704033,0.2012594,1.400816,0.4900899,-0.04060887,0.1077997,0.06029484,-0.8747035,0.5278409,-0.3521777,0.3433472,1.504025,0.3434908,-0.09627003,1.256766,0.587348,276.003,95.12624,180.2357,True
0,1.688892,0.0541566,-0.02822761,0.04776233,-1.518963,1.185298,-2.558101,0.2100162,1.207257,0.5669043,-1.524039,0.01941727,11.80371,11.0135,-0.07345301,0.080893,0.005873975,-0.6780589,-3.578879,-0.5706217,0.2008241,1.400602,0.48982,-0.03445333,0.1035389,0.03466721,-0.8755856,0.5288227,-0.3526779,0.3430519,1.503973,0.343365,-0.09662407,1.256406,0.5866045,276.0235,95.24763,179.988,True
0,1.700003,0.05097555,-0.02714451,0.05309087,-1.519478,1.185934,-2.558718,0.209692,1.20693,0.566539,-1.524421,-0.03507696,11.72414,10.90636,-0.05749382,0.06603451,-0.003844435,-0.6786283,-3.578979,-0.5705016,0.2004101,1.400325,0.4894841,-0.0365805,0.1003367,0.03469332,-0.8753566,0.5302091,-0.3531346,0.3426199,1.503906,0.3432498,-0.0969656,1.256046,0.5860153,276.0129,95.10078,180.0605,True
0,1.711114,0.04564512,-0.02395858,0.05309144,-1.519845,1.186451,-2.559062,0.2095161,1.206617,0.5662022,-1.524409,0.00154102,11.64456,10.79923,-0.05752555,0.07136022,-0.008091516,-0.6792414,-3.57787,-0.5708579,0.2000473,1.400056,0.4891541,-0.03113368,0.09714106,0.04742511,-0.8747419,0.5318717,-0.3540747,0.3422576,1.503882,0.3430593,-0.09728846,1.25569,0.5855777,275.9892,94.76213,180.3797,True
0,1.722225,0.0275445,-0.01435928,0.06160851,-1.520744,1.186767,-2.558861,0.2094535,1.206396,0.5657957,-1.52461,-0.01835559,11.59151,10.71352,-0.04579153,0.08629647,-0.001741947,-0.6797085,-3.575447,-0.5727969,0.2000726,1.399842,0.488775,-0.01620018,0.07477046,0.05047915,-0.8741539,0.5322195,-0.3544947,0.3418994,1.503927,0.3428109,-0.09758099,1.255342,0.58525,275.9697,94.06785,181.1071,True
0,1.733337,0.02010977,-0.01006241,0.07331911,-1.521731,1.187316,-2.558978,0.2092586,1.206128,0.5653536,-1.524428,0.01685858,11.61804,10.60639,-0.02551591,0.08102509,0.001319893,-0.6799865,-3.574259,-0.5741442,0.1998168,1.399585,0.4885731,-0.007551007,0.05666554,0.06425646,-0.8729821,0.532894,-0.3550952,0.3415328,1.503762,0.3426049,-0.09781957,1.254969,0.5849606,275.9712,93.47178,181.7611,True
0,1.744448,0.02972287,-0.0003854698,0.09563974,-1.523388,1.188062,-2.559639,0.209283,1.205676,0.5648975,-1.523951,0.04350061,11.67109,10.49925,0.01501431,0.05556316,-0.003224121,-0.6798528,-3.574807,-0.5755001,0.199787,1.399245,0.4883442,-0.007511087,0.04814326,0.06851774,-0.872197,0.5335652,-0.3554415,0.3411938,1.503665,0.3424001,-0.09796634,1.254564,0.5846617,275.94,92.90159,182.366,True
0,1.755559,0.04038168,-0.002508327,0.0934988,-1.524131,1.188652,-2.560545,0.2090714,1.205356,0.5644803,-1.524309,-0.03303323,11.69761,10.37069,0.04256055,0.04182468,-0.03217908,-0.6809809,-3.575879,-0.5760252,0.1996727,1.398983,0.4881086,-0.006457701,0.03109762,0.06744709,-0.8714044,0.5335349,-0.3553157,0.3408484,1.503593,0.3422887,-0.09805486,1.254212,0.5843467,275.8738,92.00698,183.2935,True
0,1.76667,0.05525461,0.01131037,0.07957566,-1.524799,1.188411,-2.561625,0.2090509,1.20495,0.5640223,-1.524966,-0.05972777,11.72414,10.24212,0.03822374,0.009880047,-0.05880953,-0.6815951,-3.578455,-0.5745062,0.1994699,1.39863,0.4879377,-0.002292976,0.01937811,0.05675109,-0.8711604,0.5333342,-0.3553461,0.3405993,1.503484,0.3421354,-0.09809808,1.253939,0.5839753,275.86,91.01543,184.3263,True
0,1.777781,0.05629399,0.02300528,0.07100882,-1.525588,1.188047,-2.562265,0.2090829,1.2046,0.5636241,-1.525305,-0.0304522,11.67109,10.11356,0.02331068,-0.008254126,-0.06512265,-0.6819466,-3.579948,-0.5729538,0.1992115,1.398288,0.4877691,0.01250573,0.0364248,0.04489621,-0.8713863,0.5346689,-0.3567691,0.3402655,1.503408,0.3419824,-0.0980468,1.253683,0.5834967,275.929,90.06492,185.3051,True
0,1.788892,0.05624562,0.04533498,0.05921171,-1.526494,1.187109,-2.562848,0.209107,1.204206,0.5631585,-1.525515,-0.01898384,11.61804,10.02785,-0.001429316,-0.005081953,-0.102235,-0.683887,-3.581872,-0.5707362,0.1989508,1.397993,0.4875708,0.01775488,0.05133832,0.03632006,-0.8716627,0.5360004,-0.3580303,0.3399832,1.503321,0.3418026,-0.09805372,1.253419,0.5829428,276.0229,89.85656,185.5098,True
0,1.800003,0.05828667,0.07087806,0.04738158,-1.527394,1.185526,-2.562902,0.2094737,1.204187,0.5626073,-1.525058,0.04185705,11.56498,10.02785,-0.01336374,0.01196938,-0.1287731,-0.686335,-3.582738,-0.5695455,0.1986915,1.397763,0.4874008,0.01557776,0.06199166,0.03208139,-0.8717826,0.5374296,-0.3589129,0.3396319,1.503304,0.3416493,-0.09805784,1.253056,0.5823665,276.0867,90.05811,185.2295,True
0,1.811115,0.06999411,0.08472269,0.04198899,-1.528441,1.184614,-2.564267,0.2093154,1.203705,0.5622973,-1.524954,0.009084637,11.53846,10.09213,-0.02301652,0.04602826,-0.1254724,-0.6881821,-3.581627,-0.5699285,0.1985139,1.397552,0.4870903,0.0145245,0.05772851,0.03315131,-0.8716074,0.5380802,-0.3594825,0.3394989,1.503366,0.3414426,-0.09807902,1.252601,0.5818705,276.0847,90.00809,185.1763,True
0,1.822226,0.07530202,0.09537448,0.03980879,-1.529486,1.18362,-2.565218,0.2093063,1.203423,0.5617452,-1.524464,0.04477672,11.53846,10.2207,-0.02298402,0.07583104,-0.1105113,-0.6895771,-3.579768,-0.5712978,0.1982499,1.39741,0.4868584,0.0155751,0.04601234,0.03100602,-0.8714588,0.5383189,-0.3599217,0.3392147,1.503385,0.3412657,-0.09807748,1.252086,0.5815223,275.9919,89.54285,185.5778,True
0,1.833337,0.08595577,0.0964607,0.03980212,-1.530715,1.182987,-2.566536,0.2093418,1.203119,0.5615418,-1.5257,-0.1134442,11.61804,10.43497,-0.01737899,0.08218767,-0.06472592,-0.6895313,-3.577551,-0.5730385,0.1980751,1.397429,0.4865909,0.0135058,0.03429517,0.03848378,-0.8708079,0.5386778,-0.3600993,0.3390116,1.503359,0.3410776,-0.09801239,1.25162,0.5813732,275.845,88.98727,186.1367,True
0,1.844448,0.09767248,0.08685765,0.03129543,-1.531123,1.182514,-2.568007,0.2093032,1.203057,0.5613022,-1.525399,0.02860022,11.72414,10.71352,-0.01609735,0.0736248,-0.037034,-0.6892192,-3.576462,-0.5739514,0.1978453,1.397374,0.4863598,0.01562651,0.0289687,0.03739887,-0.8704915,0.5390052,-0.3605686,0.338733,1.503359,0.3409286,-0.0979814,1.251188,0.5814366,275.8586,88.3908,186.8302,True
0,1.855559,0.09977196,0.07298063,0.01854569,-1.531121,1.181826,-2.568763,0.2094684,1.203268,0.5608766,-1.525632,-0.02177266,11.83024,11.07778,-0.01281566,0.05871098,-0.02962015,-0.689526,-3.576435,-0.5739064,0.1976701,1.397223,0.4861653,0.01343822,0.03215919,0.03103001,-0.8705043,0.5396101,-0.3610698,0.3383649,1.503298,0.3407459,-0.09794145,1.250736,0.5816145,275.8806,87.42321,187.9488,True
0,1.86667,0.08911012,0.07081045,0.01217752,-1.531405,1.181196,-2.569367,0.209371,1.203124,0.5605476,-1.525736,-0.009310985,11.88329,11.48489,-0.007431984,0.06084005,-0.02218172,-0.6897342,-3.575437,-0.5749775,0.1974638,1.397109,0.4859924,0.01228482,0.02789775,0.02145145,-0.8706614,0.5397392,-0.3612666,0.338165,1.503234,0.340621,-0.09790698,1.250253,0.5818629,275.8698,86.40179,189.1006,True
0,1.877781,0.07312689,0.0686373,0.005818974,-1.531673,1.180504,-2.569678,0.209139,1.202907,0.5603666,-1.524974,0.06968743,11.88329,11.89201,-0.008556411,0.0661746,-0.02962277,-0.6907686,-3.574626,-0.575507,0.1973044,1.396935,0.4858601,0.01651464,0.02789852,0.01821726,-0.8706571,0.5401884,-0.3618722,0.3379389,1.503161,0.3404741,-0.0978957,1.249762,0.5821101,275.7687,85.41336,190.2406,True
0,1.888893,0.04541583,0.07070687,-0.0005339161,-1.531919,1.179668,-2.569182,0.2089635,1.202721,0.560147,-1.524719,0.02275786,11.83024,12.23484,-0.005459674,0.07471225,-0.04347209,-0.6920288,-3.574056,-0.5761768,0.1971594,1.396798,0.4857452,0.01966297,0.03322358,0.01285699,-0.8709331,0.5408315,-0.3626392,0.3377606,1.503162,0.3403473,-0.09787578,1.249328,0.5822819,275.6113,84.6471,191.1615,True
0,1.900004,0.02303793,0.0781175,-0.004788242,-1.532293,1.178609,-2.568802,0.2087306,1.202422,0.5601542,-1.524446,0.02486374,11.75066,12.51339,-0.003274739,0.05341415,-0.04351206,-0.6923574,-3.574632,-0.5757432,0.1970014,1.396665,0.4856551,0.02712778,0.02150077,0.01385349,-0.8706619,0.5406784,-0.3630536,0.3376591,1.503089,0.3402159,-0.09794688,1.248994,0.5823854,275.5666,84.32352,191.5903,True
0,1.911115,0.01238762,0.07170108,-0.007943347,-1.532435,1.178022,-2.568538,0.2085408,1.20232,0.5600288,-1.523698,0.06816303,11.69761,12.72766,0.003321197,0.01506302,-0.02761538,-0.6914807,-3.575804,-0.5751195,0.1968803,1.396634,0.485486,0.03145149,0.002327668,0.02020342,-0.8700702,0.5401229,-0.3632435,0.3374347,1.503104,0.3400931,-0.09815252,1.248752,0.582442,275.5941,84.24137,191.7148,True
0,1.922226,0.002791124,0.05992132,-0.02172501,-1.532081,1.177516,-2.568291,0.2083413,1.202243,0.5600193,-1.523872,-0.01637981,11.64456,12.87765,0.01747009,-0.02116422,0.00208994,-0.6896442,-3.576807,-0.5751954,0.1967812,1.396705,0.4854436,0.02931063,-0.0232411,0.01916289,-0.8694294,0.5387618,-0.3625665,0.3371162,1.503133,0.33991,-0.09844556,1.248597,0.5824695,275.609,84.35262,191.59,True
0,1.933337,-0.0004071782,0.05350091,-0.02915626,-1.5318,1.176851,-2.56823,0.2081643,1.202274,0.5599442,-1.524136,-0.02379096,11.67109,12.94193,0.02821736,-0.03712411,0.01052337,-0.6888863,-3.577618,-0.575209,0.1965385,1.39676,0.4853516,0.01977906,-0.03175955,0.02458187,-0.8687801,0.5383663,-0.3622842,0.3367536,1.503069,0.3397112,-0.09829103,1.248518,0.5826408,275.8284,83.39854,192.4742,True
0,1.944448,-0.000391235,0.03750307,-0.03442809,-1.531277,1.176641,-2.568295,0.2080292,1.202426,0.5598984,-1.524288,-0.01362225,11.72414,12.96336,0.04315286,-0.03709164,0.01150665,-0.6882679,-3.577988,-0.5761365,0.196357,1.396703,0.4852509,0.01342963,-0.02856242,0.02889987,-0.8683077,0.5383074,-0.3621928,0.3365126,1.502995,0.3395698,-0.09864809,1.248459,0.582863,275.6696,84.41397,191.6092,True
0,1.955559,-0.0004107417,0.03320038,-0.04825309,-1.530789,1.175887,-2.56826,0.2078916,1.202357,0.559895,-1.524579,-0.02643507,11.83024,12.94193,0.03664746,-0.01685192,0.00197502,-0.6889885,-3.577616,-0.5765821,0.1960943,1.396639,0.4851961,0.01226509,-0.01258783,0.01826082,-0.868534,0.5386744,-0.3625641,0.3362425,1.502914,0.3395276,-0.09902218,1.248506,0.5829884,275.5981,84.76951,191.2979,True
0,1.966671,-0.01108671,0.03847956,-0.05784135,-1.530312,1.174866,-2.567757,0.207723,1.202356,0.5599031,-1.524774,-0.01756937,11.93634,12.89908,0.01316313,0.002261141,3.437698E-05,-0.6892639,-3.576713,-0.5768633,0.1958933,1.396593,0.4850893,0.01325216,0.000198273,0.009728191,-0.8688622,0.5391768,-0.3630988,0.3360184,1.502881,0.3394477,-0.09929904,1.248625,0.5830367,275.5735,84.89339,191.1764,True
0,1.977782,-0.0313327,0.04271522,-0.05782193,-1.5301,1.173986,-2.566731,0.2075494,1.20235,0.5599625,-1.52475,0.002320915,12.01592,12.87765,0.004735903,0.003288478,0.01500519,-0.6886828,-3.576015,-0.5771883,0.1957308,1.39666,0.4850347,0.01955885,-0.004066324,0.001151507,-0.868949,0.5387618,-0.3631963,0.3358132,1.502835,0.3393712,-0.09948206,1.248652,0.5829732,275.5173,85.18903,190.8394,True
0,1.988893,-0.04198292,0.04484368,-0.05461545,-1.529998,1.17323,-2.565878,0.2073826,1.202332,0.5600073,-1.524333,0.0381754,12.04244,12.89908,0.0197628,0.0001043323,0.0287657,-0.6876889,-3.575505,-0.5785696,0.1956524,1.396635,0.4850075,0.02268538,-0.0157837,-0.006333838,-0.8690577,0.5379159,-0.3630131,0.3355884,1.502826,0.3393164,-0.09995232,1.247043,0.5833899,274.5066,92.53703,183.8754,True
0,2.000004,-0.05156323,0.05122873,-0.05356729,-1.529932,1.172171,-2.565153,0.2071368,1.202478,0.5599747,-1.523843,0.04451406,12.04244,12.85623,0.03681588,-0.01369675,0.02332604,-0.6871392,-3.57621,-0.5792032,0.1955359,1.396644,0.4850576,0.01844374,-0.02217604,-0.004155545,-0.868721,0.5373846,-0.3627036,0.3353343,1.50282,0.3392038,-0.1004145,1.245866,0.5839357,274.0063,87.37685,189.132,True
0,2.011115,-0.05796388,0.05547606,-0.05677234,-1.529696,1.171024,-2.564312,0.2070766,1.202479,0.5600238,-1.52408,-0.02191226,12.04244,12.72766,0.04008379,-0.03925485,0.02433784,-0.6861789,-3.5776,-0.5786375,0.1954039,1.396619,0.4851053,0.02172061,-0.03176232,0.004335679,-0.8681617,0.5367491,-0.3626621,0.3350741,1.5028,0.3391447,-0.1006106,1.24561,0.5842686,273.8708,83.66214,192.8809,True
0,2.022226,-0.05795984,0.05441379,-0.05675924,-1.529604,1.170243,-2.563697,0.206989,1.202764,0.5606055,-1.524366,-0.02585807,12.04244,12.51339,0.04738393,-0.04453064,-0.002347147,-0.6865139,-3.579289,-0.5781262,0.1952752,1.39653,0.4850457,0.02391857,-0.03070003,0.01177102,-0.8677143,0.5365195,-0.3628269,0.3348767,1.502794,0.3390768,-0.10093,1.245652,0.5844392,274.1609,78.85683,197.3337,True
0,2.033337,-0.05264599,0.06399222,-0.06106286,-1.529451,1.168979,-2.563327,0.2069446,1.202823,0.5607316,-1.524371,-0.0001757475,12.04244,12.21341,0.04407042,-0.03386617,-0.01615593,-0.686981,-3.579686,-0.5781837,0.1952318,1.396546,0.4850838,0.02392725,-0.02963808,0.01283554,-0.8674645,0.5361354,-0.3628072,0.3346788,1.502775,0.3390138,-0.1011324,1.246283,0.5845289,274.4561,79.9987,196.1993,True
0,2.044448,-0.05371481,0.06718422,-0.06107146,-1.529326,1.16794,-2.562658,0.2068453,1.202929,0.5608392,-1.524648,-0.02535096,12.06897,11.89201,0.04934637,-0.03065126,-0.02257997,-0.6872282,-3.580429,-0.5783089,0.1950938,1.396541,0.4850659,0.03034832,-0.02005015,0.0159714,-0.8672429,0.5364111,-0.3635444,0.334432,1.502779,0.3389559,-0.1011283,1.247234,0.5845683,274.6327,82.6998,193.3696,True
0,2.055559,-0.05371499,0.06823141,-0.06534329,-1.528912,1.166795,-2.562138,0.206736,1.203017,0.5609834,-1.524987,-0.03067999,12.12201,11.61346,0.06009669,-0.01573499,-0.001324246,-0.6868122,-3.579375,-0.5801313,0.1949382,1.396594,0.4851308,0.03992112,-0.01152517,0.01481788,-0.8671955,0.5367879,-0.3644866,0.3342625,1.502709,0.3388631,-0.1010083,1.2483,0.5847195,274.8406,85.31076,190.612,True
0,2.06667,-0.05051845,0.0607571,-0.07064863,-1.528329,1.16595,-2.561648,0.2066599,1.203142,0.5611346,-1.524735,0.02325145,12.17507,11.39919,0.06124738,-0.01575336,0.01039384,-0.6861528,-3.579199,-0.5811158,0.1948486,1.396744,0.4852264,0.0388129,-0.03176831,0.01057529,-0.8667226,0.5354827,-0.3639609,0.3340328,1.5027,0.3387835,-0.1007622,1.249379,0.5850324,275.2082,87.16342,188.7811,True
0,2.077781,-0.04197834,0.04798498,-0.07062064,-1.527723,1.165438,-2.561451,0.2065882,1.203248,0.5613189,-1.524876,-0.01313443,12.22811,11.22777,0.05714265,-0.02537526,0.03065018,-0.6850199,-3.579154,-0.5816274,0.1948056,1.396802,0.4852467,0.02058519,-0.05840157,-0.002038166,-0.8666022,0.5334081,-0.3622727,0.333862,1.502645,0.3387287,-0.1004621,1.250532,0.5855418,275.6576,88.49767,187.6025,True
0,2.088892,-0.03770576,0.04053638,-0.06953573,-1.527233,1.164879,-2.561156,0.2065363,1.203339,0.5614765,-1.524932,-0.004915565,12.25464,11.20634,0.06248623,-0.03175459,0.02954869,-0.6843722,-3.579602,-0.5822775,0.1947726,1.396828,0.4853005,0.01523236,-0.05627145,-0.005188924,-0.8666347,0.5326683,-0.3618256,0.3336744,1.502636,0.3386765,-0.1001281,1.251681,0.586174,276.0891,89.46169,186.8178,True
0,2.100003,-0.03237263,0.03626617,-0.07272705,-1.526561,1.164193,-2.561049,0.2065343,1.203366,0.561671,-1.525217,-0.02602917,12.25464,11.29205,0.07514289,-0.023173,0.01456756,-0.6847136,-3.57966,-0.5833636,0.1946853,1.396852,0.4853237,0.03124377,-0.02750983,-0.001075477,-0.8666747,0.5335541,-0.3631561,0.3334729,1.502656,0.3385894,-0.09981424,1.252619,0.5868384,276.3847,90.87069,185.6152,True
0,2.111114,-0.03770217,0.03517896,-0.07590838,-1.525958,1.163443,-2.560417,0.2065154,1.203427,0.5618432,-1.525137,0.007473576,12.20159,11.48489,0.08561262,-0.01991742,-0.01211933,-0.6853938,-3.580573,-0.5839492,0.1945241,1.396864,0.4854362,0.04506011,-0.01579176,-0.004398027,-0.8668541,0.5337674,-0.3642586,0.3331528,1.50269,0.3385155,-0.09956007,1.25325,0.5874622,276.5877,91.66614,184.9979,True
0,2.122225,-0.03024629,0.03734686,-0.06952421,-1.525988,1.162781,-2.560144,0.2066845,1.203388,0.5619392,-1.525294,-0.01446944,12.09549,11.74202,0.08132254,-0.02737575,-0.01955754,-0.6854891,-3.581753,-0.5837907,0.1944585,1.396919,0.4854813,0.04616545,-0.03283634,-0.000146396,-0.8663838,0.5327002,-0.3641143,0.3329662,1.502761,0.3384109,-0.09940158,1.253545,0.5880014,276.6804,91.97531,184.8158,True
0,2.133336,-0.01746193,0.03842454,-0.07061876,-1.525509,1.161901,-2.560381,0.2067338,1.203547,0.5619614,-1.524778,0.04732009,11.98939,11.95629,0.0781112,-0.03803189,-0.02488317,-0.685422,-3.583151,-0.583419,0.1944838,1.396894,0.4854896,0.03244191,-0.05946634,0.01382422,-0.86535,0.5310141,-0.3627881,0.3328651,1.502792,0.3383474,-0.09934951,1.253518,0.5884477,276.6683,92.23454,184.6273,True
0,2.144447,0.005969001,0.04485053,-0.06961276,-1.52533,1.160901,-2.561197,0.2068688,1.203773,0.5621037,-1.525072,-0.02733422,11.88329,12.10628,0.0739214,-0.03060396,-0.01099395,-0.6850971,-3.583108,-0.5840517,0.1944503,1.39705,0.4855235,0.01868791,-0.06798542,0.02353652,-0.8645436,0.5300959,-0.3620096,0.3326318,1.502873,0.3382845,-0.09939695,1.253259,0.5888152,276.5399,92.21952,184.6679,True
0,2.155558,0.02940537,0.04271924,-0.07711352,-1.524433,1.159912,-2.562361,0.2069588,1.203942,0.5621505,-1.525616,-0.04940145,11.83024,12.21341,0.07715228,-0.02633984,-0.002479078,-0.6847435,-3.582932,-0.5849801,0.1943776,1.397092,0.4855399,0.01561822,-0.06372806,0.03741544,-0.8635124,0.5297752,-0.361861,0.3324685,1.50291,0.3382812,-0.09944025,1.25286,0.5890914,276.3481,91.8196,185.0854,True
0,2.166669,0.04430111,0.04163432,-0.0888513,-1.523568,1.158794,-2.56327,0.2071153,1.204169,0.5622697,-1.526181,-0.05137218,11.80371,12.27769,0.07271285,-0.01353896,-0.02479877,-0.6856979,-3.58339,-0.5852858,0.1941879,1.397203,0.4856186,0.02421279,-0.04987552,0.04478997,-0.8628647,0.5301117,-0.3627326,0.332274,1.503024,0.3382504,-0.09952066,1.252456,0.5893121,276.1207,91.58956,185.3246,True
0,2.17778,0.05282662,0.0384371,-0.09205548,-1.522777,1.157849,-2.56406,0.2072525,1.204235,0.5623922,-1.526449,-0.02419543,11.83024,12.29912,0.05875303,0.03223142,-0.02358591,-0.686891,-3.581194,-0.5871841,0.1941595,1.397236,0.4856391,0.02739151,-0.04242212,0.0426331,-0.8623667,0.5300501,-0.3631596,0.3321185,1.502983,0.3382576,-0.09958237,1.252104,0.5895224,275.9287,91.61864,185.2784,True
0,2.188891,0.05282972,0.03844198,-0.0909856,-1.522216,1.157024,-2.564628,0.2073868,1.204368,0.5626087,-1.526066,0.0350645,11.93634,12.32055,0.05555236,0.04074356,-0.02036081,-0.6873624,-3.580355,-0.5883008,0.194106,1.397357,0.4857235,0.02521307,-0.05094726,0.03732717,-0.861816,0.5290392,-0.3627087,0.331951,1.503056,0.3381803,-0.09959228,1.251791,0.5897442,275.8046,92.0836,184.8057,True
0,2.200002,0.0379351,0.03631945,-0.08349796,-1.521823,1.156365,-2.564546,0.2075058,1.204382,0.5627832,-1.52576,0.02762005,12.04244,12.32055,0.04596487,0.03539497,-0.02243613,-0.6877619,-3.580344,-0.5884917,0.1941679,1.397419,0.4857879,0.02076397,-0.06373148,0.01712742,-0.8618442,0.5274616,-0.361779,0.3318557,1.503098,0.3381283,-0.09955095,1.251508,0.5900361,275.7065,92.98444,183.9146,True
0,2.211113,0.03262471,0.03420594,-0.07602307,-1.521488,1.155837,-2.564705,0.2076292,1.204465,0.5629599,-1.52541,0.03174725,12.14854,12.32055,0.04917248,0.02582591,-0.02459654,-0.6880085,-3.580574,-0.5890118,0.194166,1.397488,0.4859202,0.02708373,-0.05520546,0.009611974,-0.8618506,0.5271239,-0.3620426,0.3316656,1.503183,0.3380971,-0.09945082,1.25126,0.5904053,275.6599,93.08828,183.8116,True
0,2.222224,0.01023266,0.05020637,-0.06431008,-1.522057,1.154775,-2.56372,0.2079295,1.204442,0.5631068,-1.524677,0.06675263,12.22811,12.32055,0.06306651,0.005618934,-0.02683722,-0.6879216,-3.58185,-0.5893117,0.1944069,1.397611,0.4860249,0.04421671,-0.04348649,0.01904022,-0.8613068,0.527244,-0.3631968,0.331596,1.503224,0.338033,-0.09933463,1.251065,0.5908622,275.6211,93.10286,183.8344,True
0,2.233335,-0.01109458,0.06618453,-0.05792794,-1.52251,1.153519,-2.562696,0.2081816,1.204593,0.5632167,-1.524842,-0.01572333,12.25464,12.29912,0.06524611,0.005624555,-0.01940295,-0.6881161,-3.581596,-0.5903051,0.1945662,1.39779,0.4860663,0.04848259,-0.0317704,0.02006119,-0.8610879,0.5273861,-0.3638906,0.3315181,1.503253,0.3378325,-0.09920946,1.250942,0.5913728,275.5808,92.96597,184.0561,True
0,2.244446,-0.05053484,0.08851407,-0.05580916,-1.52301,1.151754,-2.560775,0.2084292,1.204869,0.5633559,-1.52381,0.09462582,12.17507,12.29912,0.07271083,-0.0007490516,-0.02158629,-0.68818,-3.582168,-0.5910212,0.1949025,1.397987,0.4861677,0.0516326,-0.05627096,0.01470252,-0.8606697,0.5255879,-0.3634056,0.3315989,1.503375,0.3377209,-0.09903463,1.250895,0.5918843,275.5471,92.7923,184.3147,True
