loc,t,aDotS,bDotS,gDotS,aS,bS,gS,aDotSH,bDotSH,gDotSH,aSH,bSH,gSH,aDotUB,bDotUB,gDotUB,aUB,bUB,gUB,xHand,yHand,zHand,aHand,bHand,gHand
2,0,-0.2487282,-0.3265326,0.1136695,-1.282418,-0.4218639,-1.501674,-0.4658752,0.04366133,0.1233744,-0.4075595,-0.8601313,1.698585,-0.3641364,0.1913134,-0.3643245,-0.8601131,-2.338334,1.546356,-0.6815236,1.086575,-0.2952905,297.4954,229.6804,347.6719
2,0.01111111,-0.1922362,-0.3445694,0.1073947,-1.282879,-0.4173264,-1.502687,-0.4170675,0.04021326,0.1058242,-0.4069438,-0.8595864,1.701069,-0.3553283,0.1775082,-0.3527673,-0.8636551,-2.336469,1.548772,-0.6811607,1.086116,-0.2965456,297.6841,230.0409,347.231
2,0.02222222,-0.1421526,-0.3445144,0.1042318,-1.283651,-0.4131394,-1.504071,-0.363982,0.06552297,0.0712795,-0.4071499,-0.8566377,1.700709,-0.3408989,0.1668977,-0.3178184,-0.8660344,-2.334297,1.550601,-0.6807668,1.086182,-0.2972056,297.8094,230.5977,346.6506
2,0.03333334,-0.102767,-0.3231923,0.09457108,-1.284151,-0.410163,-1.504998,-0.3408251,0.07188156,0.03911354,-0.4075494,-0.8540187,1.701413,-0.3343873,0.1690536,-0.3072433,-0.8691007,-2.331838,1.552472,-0.6804324,1.086143,-0.2981685,297.9765,230.8543,346.2404
2,0.04444445,-0.06557044,-0.2624846,0.07832742,-1.284302,-0.4093385,-1.505816,-0.3173363,0.08345717,0.03678817,-0.4070929,-0.850831,1.701221,-0.3124768,0.1584765,-0.2681282,-0.870728,-2.329951,1.55402,-0.6802703,1.08639,-0.298872,298.0699,231.168,345.8183
2,0.05555556,-0.0636141,-0.149607,0.06498832,-1.284396,-0.4117875,-1.504392,-0.2916387,0.0949997,0.04297128,-0.4060293,-0.8471132,1.700367,-0.2910286,0.1544483,-0.2631078,-0.8736814,-2.327754,1.555083,-0.6801265,1.086755,-0.299425,298.0024,231.5523,345.3465
2,0.06666667,-0.06167516,-0.02924179,0.06122945,-1.285267,-0.4154845,-1.502701,-0.2317965,0.06892289,0.07742953,-0.4040164,-0.8479888,1.701695,-0.2500823,0.1302702,-0.2456189,-0.8758743,-2.326985,1.555952,-0.680068,1.087198,-0.3000748,297.916,231.8833,344.9841
2,0.07777778,-0.05224742,0.06981892,0.05862616,-1.285957,-0.4193477,-1.501345,-0.187829,0.03864677,0.1258749,-0.4013059,-0.8500075,1.704486,-0.2526155,0.1003784,-0.2212231,-0.8776314,-2.326643,1.558579,-0.6801443,1.088441,-0.3001802,297.6763,232.1842,344.7441
2,0.08888889,0.02441902,0.09022997,0.06603855,-1.286891,-0.4209744,-1.503724,-0.16216,0.01281939,0.152156,-0.3988206,-0.8526904,1.707929,-0.2249182,0.066641,-0.2462081,-0.8812112,-2.32716,1.560545,-0.6800879,1.089316,-0.3005256,297.5484,232.3786,344.5048
2,0.1,0.05744343,0.09984203,0.06069021,-1.287466,-0.4222463,-1.505318,-0.1121269,-0.03874334,0.1823561,-0.3962123,-0.8590788,1.713724,-0.2075819,0.01361263,-0.2658251,-0.8850079,-2.329203,1.563465,-0.6803164,1.090597,-0.3008016,297.4423,232.6354,344.2186
2,0.1111111,0.07015683,0.1392781,0.05944279,-1.288188,-0.4252605,-1.505465,-0.06340743,-0.07738169,0.1785159,-0.3949249,-0.8643726,1.71779,-0.1988583,-0.01504916,-0.2713678,-0.8882121,-2.330708,1.566337,-0.6804453,1.091685,-0.3010622,297.3173,233.1204,343.7096
2,0.1222222,0.06799112,0.1742751,0.02943987,-1.287606,-0.4283524,-1.505241,-0.02234514,-0.1255235,0.1608814,-0.3941734,-0.8725272,1.724215,-0.1860307,-0.04677802,-0.2929688,-0.8921904,-2.332508,1.569166,-0.6808675,1.093503,-0.3011461,297.1579,233.9291,343.0794
2,0.1333333,0.06795168,0.20505,0.003735716,-1.28712,-0.4318422,-1.504822,-0.0066531,-0.1415207,0.1425523,-0.3934746,-0.8772884,1.728296,-0.1486557,-0.06128899,-0.2988431,-0.8957409,-2.333772,1.570334,-0.6811309,1.095159,-0.3012568,297.0019,234.5633,342.638
2,0.1444445,0.06687883,0.218823,-0.0133776,-1.28664,-0.4349443,-1.504663,0.002845809,-0.1468894,0.1371104,-0.3924221,-0.8825173,1.732793,-0.1202355,-0.09629516,-0.2684408,-0.8977751,-2.336687,1.572559,-0.6816344,1.097153,-0.3013135,296.7797,235.3381,342.1447
2,0.1555556,0.07967128,0.2176937,-0.02934274,-1.285942,-0.4373539,-1.505221,0.02762698,-0.1385999,0.1592698,-0.3899805,-0.8866606,1.735535,-0.1166337,-0.1027274,-0.2429543,-0.8996723,-2.33821,1.574708,-0.6822931,1.099292,-0.3013799,296.5069,236.1518,341.4889
2,0.1666667,0.09668995,0.2379225,-0.0390058,-1.285538,-0.4409049,-1.505798,0.05359286,-0.1100794,0.1804189,-0.3873051,-0.8885483,1.735819,-0.09799059,-0.1090885,-0.2059273,-0.900688,-2.34008,1.576387,-0.6831046,1.101526,-0.3014808,296.2013,236.6031,341.1016
2,0.1777778,0.09557889,0.266635,-0.04767236,-1.284874,-0.4449103,-1.505606,0.07906009,-0.1112707,0.1716355,-0.3859325,-0.8922176,1.737618,-0.09026919,-0.1165108,-0.1922154,-0.9025453,-2.341933,1.578227,-0.6840029,1.104077,-0.3014464,295.9314,236.9412,340.7374
2,0.1888889,0.09978263,0.3102041,-0.0723739,-1.283663,-0.4501765,-1.505229,0.0852339,-0.1283174,0.1608579,-0.3848657,-0.898158,1.741951,-0.08041474,-0.1334969,-0.1838823,-0.9042982,-2.344519,1.580402,-0.6848249,1.106615,-0.3015172,295.6751,237.4904,340.236
2,0.2,0.1210837,0.3271663,-0.09480755,-1.282118,-0.4544343,-1.506207,0.08836736,-0.1528693,0.1692705,-0.3830163,-0.9059893,1.74806,-0.06789155,-0.1375002,-0.2117902,-0.9076484,-2.346558,1.581845,-0.6856984,1.109658,-0.3015686,295.3937,238.4593,339.3665
2,0.2111111,0.155157,0.3463046,-0.1161696,-1.280485,-0.4592089,-1.50769,0.09595814,-0.1422945,0.1766901,-0.3810451,-0.910098,1.750751,-0.06503625,-0.1267416,-0.2309603,-0.9108394,-2.347808,1.583217,-0.686657,1.112975,-0.3014685,295.0833,239.6978,338.2996
2,0.2222222,0.1689312,0.3921165,-0.118508,-1.279465,-0.4652356,-1.508268,0.1344132,-0.1126826,0.1678872,-0.3795899,-0.91142,1.749262,-0.06788532,-0.1278909,-0.2075146,-0.9122775,-2.349406,1.584941,-0.6875331,1.116689,-0.3013958,294.8265,241.1176,337.0766
2,0.2333333,0.182729,0.42837,-0.1186599,-1.278723,-0.4715841,-1.508923,0.1858098,-0.08213854,0.174938,-0.3774488,-0.9120006,1.746305,-0.06710811,-0.145113,-0.1596688,-0.9124171,-2.352128,1.587179,-0.6883541,1.120503,-0.3012609,294.5797,242.4355,335.9754
2,0.2444444,0.1997463,0.4517488,-0.1368627,-1.277035,-0.4776017,-1.509893,0.2264683,-0.07285431,0.1862809,-0.3751531,-0.9144789,1.744787,-0.06703424,-0.1377054,-0.1479194,-0.9136672,-2.353755,1.588902,-0.6893688,1.125048,-0.301183,294.2348,244.4056,334.3349
2,0.2555556,0.2060974,0.4889387,-0.1583389,-1.275003,-0.4844354,-1.510441,0.2717451,-0.0605219,0.2306059,-0.371348,-0.9170851,1.742756,-0.05075683,-0.1195922,-0.1107686,-0.9139639,-2.354599,1.58941,-0.6907077,1.129819,-0.3009403,293.8025,246.613,332.4056
2,0.2666667,0.2049573,0.5357873,-0.1649478,-1.273541,-0.4924254,-1.510254,0.3019102,-0.07151425,0.2707453,-0.3673016,-0.9223219,1.743344,-0.0373894,-0.1154267,-0.05977601,-0.9129828,-2.356043,1.590272,-0.6919249,1.134778,-0.3007764,293.4395,248.4573,330.7402
2,0.2777778,0.2027284,0.6039184,-0.1737949,-1.271896,-0.501894,-1.509725,0.32442,-0.08239317,0.2907166,-0.3638368,-0.9279098,1.744249,-0.02632724,-0.1052236,0.06903893,-0.9080197,-2.357235,1.590896,-0.6936311,1.141308,-0.3003852,293.1377,249.73,329.4657
2,0.2888889,0.2101166,0.6570805,-0.1974709,-1.269584,-0.5113072,-1.509512,0.3661102,-0.09659511,0.3136823,-0.3598905,-0.9343008,1.744711,-0.06009007,-0.0929165,0.1057269,-0.9055376,-2.358079,1.593177,-0.6949931,1.146763,-0.3001953,292.8215,251.3257,327.9978
2,0.3,0.1994217,0.7037294,-0.23925,-1.266172,-0.5210294,-1.508485,0.4057971,-0.08626634,0.3346236,-0.3558186,-0.9376372,1.74225,-0.06754419,-0.09404163,0.1047516,-0.9047887,-2.359441,1.594978,-0.697,1.154426,-0.2998893,292.3414,252.9849,326.3903
2,0.3111111,0.189807,0.7355362,-0.2724226,-1.262841,-0.5311238,-1.507161,0.4201116,-0.08118129,0.3781739,-0.3504891,-0.9420474,1.741496,-0.01500909,-0.1244594,0.1082418,-0.9034833,-2.362545,1.595269,-0.6988124,1.161382,-0.2996224,291.8927,254.9153,324.5712
2,0.3222222,0.1652846,0.7756845,-0.3333574,-1.257695,-0.5418921,-1.504849,0.4377172,-0.08256292,0.4344553,-0.3441188,-0.9482409,1.741862,0.03212607,-0.1899365,0.0775454,-0.9037879,-2.368005,1.596296,-0.7012846,1.170235,-0.2989106,291.2892,256.7389,322.8435
2,0.3333333,0.1216352,0.795478,-0.4112658,-1.251235,-0.5522949,-1.501494,0.4650655,-0.1043448,0.5193267,-0.3362342,-0.9577947,1.744865,0.02894633,-0.2653322,0.01863404,-0.9056751,-2.374614,1.60012,-0.7035055,1.178497,-0.2984181,290.8873,258.7314,320.9997
2,0.3444445,0.09183919,0.8089047,-0.4923186,-1.243903,-0.5630423,-1.498083,0.4868246,-0.1206636,0.5744463,-0.3284274,-0.967984,1.74831,0.05380705,-0.3094133,-0.07561414,-0.9097614,-2.380735,1.602454,-0.706165,1.18809,-0.2979397,290.4397,261.5637,318.4149
2,0.3555556,0.05033109,0.8297405,-0.5755449,-1.235624,-0.5741733,-1.493772,0.5222852,-0.1583619,0.6293483,-0.320414,-0.9816098,1.754296,0.08008011,-0.3674133,-0.1518294,-0.9140533,-2.387943,1.605144,-0.7089469,1.198079,-0.2972085,289.9773,265.0167,315.1819
2,0.3666667,-0.005033374,0.8569059,-0.6705071,-1.226411,-0.5861256,-1.488008,0.5488207,-0.2279043,0.6639841,-0.3129022,-1.002153,1.766722,0.1097876,-0.4318408,-0.2131993,-0.9185749,-2.396386,1.608122,-0.7121242,1.208787,-0.2966007,289.446,268.4522,311.8924
2,0.3777778,-0.05405027,0.8927792,-0.7261125,-1.217557,-0.5987526,-1.481539,0.5561645,-0.2812992,0.6871554,-0.3057096,-1.023355,1.78055,0.1353848,-0.452886,-0.2231291,-0.9210058,-2.40309,1.60996,-0.7157267,1.219954,-0.2958282,288.7209,271.7069,308.65
2,0.3888889,-0.1638442,0.9742377,-0.8107517,-1.207175,-0.6145303,-1.470692,0.5528165,-0.334612,0.706171,-0.2985175,-1.04827,1.798232,0.1573913,-0.487972,-0.1926517,-0.9224663,-2.411418,1.612453,-0.7191666,1.231154,-0.2949508,288.0433,274.9127,305.4407
2,0.4,-0.2821755,1.065271,-0.8933061,-1.196156,-0.6320219,-1.457322,0.547248,-0.3878421,0.7166868,-0.2919677,-1.073254,1.81626,0.1675801,-0.5359046,-0.1769595,-0.9240194,-2.420633,1.61595,-0.723655,1.243956,-0.2939921,286.9982,278.169,302.1399
2,0.4111111,-0.3365295,1.110704,-0.9564,-1.185481,-0.6483039,-1.445937,0.5442073,-0.4146073,0.7485744,-0.2846536,-1.101568,1.837279,0.1750129,-0.5475166,-0.1866557,-0.9267113,-2.428276,1.618381,-0.7275922,1.255569,-0.2930091,286.2276,281.8136,298.5459
2,0.4222222,-0.4334702,1.163343,-1.052617,-1.172501,-0.6661264,-1.431079,0.5261025,-0.4636093,0.7805391,-0.2771339,-1.134894,1.86401,0.1995342,-0.5398623,-0.1794671,-0.9287369,-2.435375,1.619603,-0.7321594,1.268579,-0.2919675,285.272,285.8722,294.5773
2,0.4333333,-0.5485182,1.214858,-1.154145,-1.159262,-0.6843317,-1.41428,0.5099955,-0.5083246,0.7965332,-0.2704621,-1.171249,1.893869,0.2187938,-0.5524564,-0.1808197,-0.9310943,-2.443165,1.621224,-0.7364651,1.281804,-0.2905924,284.3884,290.6306,290.0192
2,0.4444444,-0.6284211,1.253806,-1.22577,-1.146063,-0.7035853,-1.396701,0.4970456,-0.5871964,0.8304683,-0.2638676,-1.217046,1.933015,0.2227813,-0.6032967,-0.2418066,-0.9362577,-2.453385,1.624672,-0.7408351,1.294819,-0.2894176,283.6343,295.9888,284.8699
2,0.4555556,-0.7488678,1.337384,-1.311427,-1.132909,-0.7258562,-1.375244,0.488377,-0.6597254,0.8611661,-0.2580092,-1.267429,1.976422,0.2214705,-0.6148551,-0.2738333,-0.9407222,-2.461692,1.627149,-0.7450498,1.308865,-0.287694,283.0703,302.4851,278.6446
2,0.4666667,-0.8736336,1.411524,-1.369302,-1.120765,-0.7493891,-1.351136,0.4582261,-0.7362949,0.8782359,-0.2532544,-1.322246,2.025383,0.2259228,-0.6382414,-0.2761173,-0.944309,-2.471129,1.630022,-0.7492223,1.323029,-0.2861502,282.9278,310.2431,271.113
2,0.4777778,-0.9599332,1.448407,-1.423878,-1.107905,-0.7720658,-1.327926,0.4327533,-0.7885083,0.9209023,-0.2480846,-1.380422,2.077763,0.2143779,-0.662806,-0.2835525,-0.947982,-2.480811,1.633634,-0.7534404,1.337075,-0.284792,282.9972,317.9326,263.6075
2,0.4888889,-1.065518,1.516235,-1.464695,-1.09611,-0.7976359,-1.301136,0.3922435,-0.8213372,0.9393008,-0.2437757,-1.440599,2.133143,0.1929221,-0.64384,-0.2810798,-0.9514921,-2.488631,1.636731,-0.7577547,1.351995,-0.2828926,283.1219,326.2107,255.4055
2,0.5,-1.146544,1.570338,-1.486318,-1.084902,-0.8242883,-1.273335,0.3666857,-0.8190424,0.9385021,-0.2400755,-1.495875,2.183502,0.1897299,-0.6364791,-0.2713807,-0.9545973,-2.496744,1.63943,-0.7621697,1.367231,-0.2810341,283.0793,334.5372,247.133
2,0.5111111,-1.265945,1.640329,-1.52187,-1.074097,-0.8533285,-1.24159,0.3210016,-0.8134522,0.9475053,-0.236656,-1.553816,2.237924,0.1836402,-0.649384,-0.2564446,-0.9575012,-2.505987,1.642928,-0.7666521,1.381825,-0.2792593,283.2388,342.7281,239.0376
2,0.5222223,-1.355431,1.660233,-1.562516,-1.06296,-0.8814349,-1.209698,0.2148817,-0.763788,0.9562145,-0.2326255,-1.606974,2.290762,0.1678393,-0.6390035,-0.2306132,-0.959734,-2.514234,1.646361,-0.7709792,1.397343,-0.2773468,283.4088,351.5032,230.3582
2,0.5333334,-1.4023,1.6664,-1.598751,-1.05234,-0.9093992,-1.178732,0.1595389,-0.7367639,0.9440836,-0.2302777,-1.661026,2.343275,0.1611825,-0.6187972,-0.2368402,-0.9630699,-2.521521,1.648956,-0.7750961,1.41217,-0.2754344,284.1204,358.6919,223.3843
2,0.5444446,-1.484334,1.699155,-1.630924,-1.042718,-0.9394716,-1.144429,0.06040382,-0.7136773,0.9238603,-0.2288071,-1.713192,2.396679,0.1564007,-0.6144421,-0.2740496,-0.9680883,-2.529224,1.651794,-0.779028,1.426765,-0.2733175,284.9969,5.031027,217.3463
2,0.5555557,-1.58031,1.730933,-1.651198,-1.035098,-0.9700063,-1.108175,0.01651382,-0.7079789,0.8998165,-0.2286153,-1.766492,2.449651,0.1382648,-0.6049529,-0.2781343,-0.9719462,-2.536771,1.654852,-0.7828365,1.44148,-0.2708765,285.9395,9.925744,212.7544
2,0.5666668,-1.65081,1.759595,-1.653173,-1.029479,-0.9998098,-1.072297,-0.06684107,-0.6657031,0.8475437,-0.2286356,-1.809984,2.495533,0.09464729,-0.5682197,-0.2444196,-0.9739835,-2.5427,1.658659,-0.786529,1.455792,-0.2685692,287.0082,13.41737,209.3314
2,0.577778,-1.693485,1.795834,-1.635258,-1.024667,-1.031757,-1.035496,-0.1353136,-0.6128412,0.7834393,-0.2290089,-1.846903,2.535029,0.04101226,-0.5166434,-0.2285044,-0.9761657,-2.547427,1.662707,-0.7907453,1.470113,-0.2664912,288.0307,16.13589,206.557
2,0.5888891,-1.741604,1.85974,-1.614265,-1.021761,-1.065523,-0.9969027,-0.2026109,-0.536909,0.8227499,-0.2259122,-1.894528,2.586188,0.02678373,-0.4826631,-0.2335185,-0.9793072,-2.552153,1.665541,-0.7947161,1.484366,-0.2641059,289.0979,18.94312,203.7018
2,0.6000003,-1.793954,1.934349,-1.585866,-1.021292,-1.099969,-0.9573547,-0.261083,-0.4596965,0.7852597,-0.2244842,-1.928859,2.624342,0.01177171,-0.4742472,-0.2386679,-0.982765,-2.558084,1.668968,-0.7991361,1.498269,-0.2619485,290.0653,21.63677,200.8215
2,0.6111114,-1.824879,1.965335,-1.556235,-1.021512,-1.13317,-0.9188289,-0.3071738,-0.3657275,0.8031029,-0.2210003,-1.968956,2.668344,-0.02382579,-0.4564179,-0.2572702,-0.9866341,-2.563051,1.673231,-0.8038403,1.511621,-0.2597254,291.1279,24.26933,198.1213
2,0.6222225,-1.85577,1.944221,-1.502897,-1.022955,-1.163386,-0.8813018,-0.3668961,-0.2599888,0.8349915,-0.2159818,-2.010877,2.715406,-0.02805984,-0.4638751,-0.2626209,-0.9903529,-2.56916,1.677008,-0.8086793,1.524654,-0.2575372,292.2017,27.32632,195.4553
2,0.6333337,-1.815978,1.78036,-1.473549,-1.020078,-1.18776,-0.8499649,-0.4159876,-0.1848967,0.7771682,-0.2132233,-2.039501,2.749317,-0.02910188,-0.476605,-0.276561,-0.9944973,-2.575674,1.680664,-0.8131868,1.537049,-0.2550477,293.2115,30.27097,193.3311
2,0.6444448,-1.868054,1.712108,-1.459538,-1.019653,-1.214724,-0.8131866,-0.43823,-0.1634437,0.7764069,-0.2112217,-2.078506,2.793048,-0.02823749,-0.47865,-0.2946917,-0.998948,-2.581517,1.684097,-0.8181267,1.549087,-0.2528879,294.2375,32.82297,191.6718
2,0.655556,-2.023621,1.671989,-1.32312,-1.025275,-1.237682,-0.7734752,-0.4146468,-0.2362641,0.8366216,-0.2125746,-2.139746,2.856472,-0.03391171,-0.4700663,-0.3191276,-1.003761,-2.586825,1.687459,-0.8232828,1.560422,-0.2507934,295.3601,35.37224,190.3434
2,0.6666671,-2.058581,1.618868,-1.271974,-1.027992,-1.260725,-0.7384919,-0.4029353,-0.3384626,0.7956421,-0.2176527,-2.181694,2.901387,-0.05250344,-0.4488329,-0.3422506,-1.008745,-2.591132,1.69093,-0.8285562,1.571211,-0.2489237,296.4015,37.8194,189.0234
2,0.6777782,-2.07659,1.518009,-1.190574,-1.031281,-1.279923,-0.7054458,-0.4079948,-0.4096741,0.7623994,-0.2226211,-2.219439,2.942861,-0.05734399,-0.3891719,-0.3462693,-1.013049,-2.593279,1.692866,-0.8340707,1.580638,-0.2473838,296.9421,40.02875,188.0316
2,0.6888894,-2.092503,1.456437,-1.137067,-1.03528,-1.299753,-0.671981,-0.4388476,-0.4945301,0.7155218,-0.2298042,-2.253218,2.981583,-0.0597887,-0.3434284,-0.3364523,-1.016632,-2.595359,1.694672,-0.8394021,1.590356,-0.2458812,297.6276,41.72531,187.1729
2,0.7000005,-2.108367,1.334287,-1.049164,-1.038782,-1.315244,-0.6401994,-0.4739848,-0.5633142,0.6559468,-0.2370735,-2.280018,3.014045,-0.064365,-0.333827,-0.3534071,-1.021608,-2.599021,1.697427,-0.8452945,1.598816,-0.2451077,298.044,42.99613,186.7941
2,0.7111117,-2.11254,1.26416,-1.009438,-1.042637,-1.33265,-0.6078894,-0.4945163,-0.571619,0.6326859,-0.2430204,-2.3088,3.048214,-0.0687795,-0.3147019,-0.3511403,-1.025771,-2.601765,1.699746,-0.8508493,1.607516,-0.2441725,298.4662,43.96511,186.6238
2,0.7222228,-2.117692,1.135469,-0.9609214,-1.044639,-1.346532,-0.5772647,-0.5254315,-0.4902428,0.5778917,-0.2449139,-2.328208,3.073701,-0.06794542,-0.2658491,-0.3264012,-1.028722,-2.603173,1.701391,-0.8570246,1.613904,-0.2446415,298.3158,43.19772,187.7246
2,0.7333339,-2.116466,1.03548,-0.9327874,-1.046515,-1.360697,-0.5467758,-0.5410902,-0.4251213,0.5686836,-0.2471243,-2.352619,3.103883,-0.0701136,-0.2520525,-0.3188588,-1.032251,-2.605322,1.703351,-0.8629216,1.621372,-0.2444414,298.4364,43.13232,188.2727
2,0.7444451,-2.115168,0.8578768,-0.8659189,-1.046146,-1.37001,-0.5186591,-0.5396296,-0.3259673,0.5445342,-0.247128,-2.373937,3.130521,-0.0651508,-0.2221768,-0.3252031,-1.036445,-2.606898,1.704796,-0.8690416,1.627192,-0.2451361,298.2443,42.44843,189.2752
2,0.7555562,-2.091573,0.7378297,-0.8067566,-1.046871,-1.379786,-0.491284,-0.5270707,-0.2981942,0.5050858,-0.249633,-2.391074,-3.130629,-0.07054561,-0.2138688,-0.3186432,-1.040117,-2.609604,1.707244,-0.8752374,1.632724,-0.2458057,298.075,42.11203,190.0314
2,0.7666674,-2.061624,0.639009,-0.7604795,-1.047362,-1.389094,-0.4645698,-0.5319054,-0.3182445,0.4613805,-0.2539793,-2.405488,-3.110616,-0.1005482,-0.2162131,-0.3342624,-1.044664,-2.61176,1.710456,-0.8812926,1.637566,-0.2468887,297.7613,42.34032,190.4094
2,0.7777785,-2.002805,0.4678902,-0.6967888,-1.044725,-1.3946,-0.4413503,-0.566019,-0.3158824,0.4553481,-0.2578734,-2.424654,-3.084909,-0.1198321,-0.1918643,-0.3307757,-1.048436,-2.612761,1.712852,-0.8873323,1.642233,-0.2477415,297.3503,43.65728,189.9155
2,0.7888896,-1.965353,0.3530467,-0.6664135,-1.042241,-1.401143,-0.4178601,-0.5960867,-0.3145337,0.4311548,-0.2615389,-2.438891,-3.063613,-0.1220662,-0.155745,-0.3114228,-1.051256,-2.612911,1.714347,-0.8931318,1.646805,-0.24888,296.9976,45.04802,189.2373
2,0.8000008,-1.867957,0.08257204,-0.6768176,-1.031905,-1.406716,-0.3975918,-0.609292,-0.3110863,0.3865463,-0.2649568,-2.447574,-3.048309,-0.1178184,-0.125915,-0.2954242,-1.054132,-2.61304,1.715262,-0.8987762,1.65039,-0.2504209,296.5844,47.00008,187.9363
2,0.8111119,-1.802699,-0.09509486,-0.6514432,-1.023711,-1.410361,-0.3776224,-0.6062535,-0.3035748,0.3663015,-0.2684189,-2.458999,-3.030645,-0.1264002,-0.1100487,-0.2877958,-1.057175,-2.613352,1.7171,-0.9044328,1.654053,-0.251738,296.0219,48.83287,186.6836
2,0.8222231,-1.72256,-0.2504328,-0.6368191,-1.013857,-1.413816,-0.359522,-0.606704,-0.2461332,0.3888929,-0.2698437,-2.477858,-3.006017,-0.1336207,-0.1016665,-0.264273,-1.059582,-2.614004,1.71914,-0.9096044,1.656203,-0.2542024,294.9874,50.55188,185.129
2,0.8333342,-1.621134,-0.4119829,-0.5891188,-1.003451,-1.415614,-0.343812,-0.5990957,-0.2120517,0.3814844,-0.271521,-2.491628,-2.986423,-0.1261242,-0.09204862,-0.2547441,-1.062211,-2.614441,1.720402,-0.9147844,1.658149,-0.2559788,294.2059,51.42838,184.4239
2,0.8444453,-1.545328,-0.5521603,-0.5138394,-0.9927167,-1.415018,-0.3293324,-0.5894276,-0.192923,0.3771957,-0.2737165,-2.505453,-2.966917,-0.125091,-0.08561152,-0.2547573,-1.065188,-2.614668,1.72179,-0.9199,1.660354,-0.2580896,293.3491,52.59185,183.5586
2,0.8555565,-1.507997,-0.5913931,-0.4901976,-0.9839533,-1.417554,-0.3121837,-0.587291,-0.1865169,0.3729423,-0.2762753,-2.518892,-2.947502,-0.1325191,-0.07400092,-0.2439814,-1.067774,-2.614746,1.723544,-0.9250679,1.661592,-0.2606114,292.3618,53.59689,182.7954
2,0.8666676,-1.452538,-0.6380505,-0.467557,-0.9744171,-1.419471,-0.2967677,-0.5862938,-0.1886346,0.3675975,-0.2792431,-2.531302,-2.92898,-0.1450491,-0.07846771,-0.2257442,-1.069877,-2.615569,1.725976,-0.9300109,1.662358,-0.2630762,291.3524,54.61284,181.9751
2,0.8777788,-1.398194,-0.6676068,-0.4268993,-0.9653714,-1.42058,-0.2821353,-0.5819128,-0.1833555,0.3760881,-0.281992,-2.545476,-2.908905,-0.1726671,-0.06597368,-0.2104957,-1.071943,-2.615468,1.728795,-0.9346719,1.662472,-0.2651105,290.3345,55.54053,181.2557
2,0.8888899,-1.352284,-0.739875,-0.4030736,-0.9543528,-1.421184,-0.2682751,-0.5638347,-0.1898679,0.3769458,-0.285199,-2.558197,-2.891084,-0.1782297,-0.05531561,-0.2220991,-1.074776,-2.615239,1.730873,-0.9390253,1.662235,-0.267378,289.3073,56.25526,180.8362
2,0.900001,-1.273319,-0.8428729,-0.3610048,-0.941363,-1.420288,-0.2569593,-0.5661116,-0.2154253,0.3800507,-0.2894068,-2.569333,-2.873868,-0.1772919,-0.05833168,-0.2424333,-1.078346,-2.615193,1.732547,-0.9437481,1.661656,-0.2691779,288.3962,57.14601,180.3194
2,0.9111122,-1.216797,-0.8980163,-0.3255296,-0.9294059,-1.419343,-0.2457384,-0.5820408,-0.2206682,0.3887191,-0.2931277,-2.582791,-2.853761,-0.1813284,-0.04457162,-0.2168278,-1.080101,-2.614664,1.734318,-0.947893,1.660695,-0.2711819,287.5363,58.51243,179.487
2,0.9222233,-1.120845,-0.9764094,-0.2633129,-0.916186,-1.416162,-0.2383263,-0.5823921,-0.2280149,0.3588654,-0.2966186,-2.590136,-2.840209,-0.1908262,-0.03940912,-0.2039106,-1.081989,-2.614623,1.736744,-0.9518774,1.659525,-0.2729897,286.6958,61.07707,177.4663
2,0.9333345,-1.051542,-1.027276,-0.2289416,-0.9030108,-1.413951,-0.2302734,-0.5654718,-0.2355604,0.3522564,-0.300518,-2.598653,-2.826252,-0.2089907,-0.02462926,-0.1994314,-1.084188,-2.613664,1.739166,-0.9565012,1.658263,-0.2750742,285.8682,64.02602,174.8639
2,0.9444456,-0.9310714,-1.105729,-0.1880102,-0.8881339,-1.410258,-0.2264507,-0.5328773,-0.1559152,0.3639401,-0.3009622,-2.614236,-2.806541,-0.2187026,-0.001343668,-0.1896041,-1.085825,-2.612468,1.741396,-0.9602494,1.656532,-0.2767724,285.1518,67.26229,172.0299
2,0.9555568,-0.7765946,-1.114031,-0.1599622,-0.8752127,-1.407417,-0.2228981,-0.501941,-0.08565806,0.3234007,-0.3002943,-2.623085,-2.793461,-0.2141553,-0.001391411,-0.1662745,-1.087134,-2.612055,1.743315,-0.9635445,1.654255,-0.2782639,284.5594,69.58144,170.18
2,0.9666679,-0.716978,-1.093711,-0.1556965,-0.8635092,-1.406048,-0.2170748,-0.4958902,-0.07810017,0.2850145,-0.3015513,-2.628156,-2.783315,-0.2150003,-0.007883102,-0.1513894,-1.088358,-2.612166,1.745785,-0.9670944,1.652302,-0.2796986,283.8801,72.06142,168.2349
2,0.977779,-0.6489074,-1.029667,-0.1548797,-0.8541279,-1.405583,-0.2124457,-0.5044254,-0.06629163,0.2766214,-0.3030645,-2.636547,-2.769258,-0.2298459,0.004692405,-0.1341406,-1.08921,-2.611171,1.748372,-0.9698958,1.6493,-0.2807614,283.1074,72.79868,167.9558
2,0.9888902,-0.6032369,-0.9645609,-0.1423262,-0.8456681,-1.404447,-0.207635,-0.5123194,-0.07355806,0.2383216,-0.3045378,-2.63949,-2.76047,-0.236399,0.03120004,-0.124319,-1.090022,-2.609605,1.750497,-0.9729884,1.646524,-0.2817957,282.4367,73.64983,167.5291
2,1.000001,-0.4990281,-0.8703868,-0.0894292,-0.8393655,-1.401483,-0.2077191,-0.5268148,-0.08818147,0.1840764,-0.3061554,-2.637951,-2.755661,-0.2409129,0.06101902,-0.1220076,-1.091213,-2.607137,1.752093,-0.9762023,1.643929,-0.2825336,281.5959,73.50111,167.8107
2,1.011112,-0.4628199,-0.8755155,-0.05525109,-0.8295544,-1.397781,-0.2059822,-0.5245511,-0.04979903,0.1724747,-0.3060526,-2.643914,-2.744308,-0.2411659,0.08552606,-0.1229112,-1.092264,-2.604895,1.753736,-0.9790394,1.641528,-0.2833861,280.76,73.68726,167.7551
2,1.022224,-0.4238371,-0.6472472,-0.007291362,-0.830511,-1.395898,-0.2039033,-0.4724764,-0.013787,0.1369232,-0.3051999,-2.64629,-2.738484,-0.2402614,0.1058359,-0.1185466,-1.093173,-2.601965,1.755165,-0.9816066,1.638585,-0.2836882,279.8667,72.52084,168.8627
2,1.033335,-0.3943231,-0.4819759,0.01112722,-0.8313015,-1.395247,-0.2009179,-0.395847,0.02406448,0.1125726,-0.3049474,-2.650085,-2.732144,-0.2435347,0.1376659,-0.0959778,-1.093367,-2.598639,1.75644,-0.9837394,1.635605,-0.2843729,279.1314,71.92099,169.6074
2,1.044446,-0.3510421,-0.2591983,0.02290103,-0.8364819,-1.395848,-0.198259,-0.375671,0.05504107,0.07866,-0.302599,-2.65081,-2.728836,-0.2368977,0.1576419,-0.05008876,-1.09201,-2.596133,1.757689,-0.9857298,1.633002,-0.2846572,278.4547,70.46173,171.2548
2,1.055557,-0.2575684,-0.1055879,0.03504021,-0.839709,-1.395587,-0.1986255,-0.374715,0.06362118,0.06164101,-0.301799,-2.652695,-2.722819,-0.2269529,0.1501017,-0.0204035,-1.090994,-2.59435,1.759075,-0.9876854,1.630446,-0.2842987,277.7753,70.8755,171.0337
2,1.066668,-0.2076243,-0.04795508,0.04014344,-0.8409283,-1.394931,-0.198055,-0.3523792,0.05494656,0.0635129,-0.3018597,-2.655593,-2.71685,-0.2194857,0.1480534,-0.02155558,-1.090972,-2.592548,1.760435,-0.9891155,1.627813,-0.2843465,277.2436,70.22514,171.7174
2,1.077779,-0.1523043,-0.01053479,0.04854612,-0.8420308,-1.393861,-0.1986931,-0.3079547,0.02915537,0.04805006,-0.3023029,-2.655153,-2.715276,-0.2067101,0.1376339,-0.03135379,-1.091657,-2.59076,1.761789,-0.9906592,1.625485,-0.2843945,276.7896,68.35498,173.6395
2,1.08889,-0.1001621,0.01098619,0.07405011,-0.8432266,-1.391917,-0.2006442,-0.2846125,0.02476643,0.04140474,-0.3022768,-2.655998,-2.71207,-0.2047943,0.1357051,-0.05589015,-1.092782,-2.588864,1.763142,-0.9917229,1.623042,-0.2843589,276.3156,66.50303,175.6984
2,1.100002,-0.0650202,-0.0005136803,0.1082183,-0.843144,-1.388712,-0.2029441,-0.2537071,0.02349901,0.043214,-0.3021889,-2.658085,-2.708198,-0.1973734,0.1283948,-0.06561761,-1.093668,-2.587254,1.76462,-0.9928131,1.620841,-0.2843935,275.9434,62.91431,179.5596
2,1.111113,-0.02454592,-0.01408274,0.1519897,-0.84316,-1.384193,-0.2071524,-0.2259769,0.03292587,0.03976509,-0.3015646,-2.659949,-2.704823,-0.1853807,0.10715,-0.05628405,-1.093779,-2.58653,1.766312,-0.9935107,1.61885,-0.2844948,275.6964,59.64903,183.0212
2,1.122224,0.005318552,-0.02789979,0.1467505,-0.8427568,-1.382304,-0.2094869,-0.2081669,0.03185037,0.01081569,-0.3009015,-2.657888,-2.705042,-0.1777782,0.1039488,-0.0446627,-1.093643,-2.585233,1.767443,-0.9942893,1.617007,-0.2848163,275.4747,56.47421,186.1628
2,1.133335,0.04583858,-0.04171389,0.1383263,-0.842115,-1.380339,-0.2127402,-0.1891072,0.04458786,-0.008513544,-0.2997143,-2.656657,-2.704592,-0.157274,0.1018367,-0.01931413,-1.092866,-2.583986,1.76794,-0.9948927,1.615036,-0.2852778,275.2563,53.11927,189.2801
2,1.144446,0.07035657,-0.03648204,0.110626,-0.8418327,-1.379676,-0.214801,-0.1506719,0.08274923,-0.02474121,-0.2974618,-2.657471,-2.703343,-0.1368244,0.1060975,0.007158142,-1.091666,-2.582737,1.768217,-0.9955106,1.613339,-0.2857185,274.9993,49.49809,192.6547
2,1.155557,0.05543324,-0.01957894,0.0860346,-0.8422114,-1.379547,-0.2149997,-0.1135779,0.08364889,-0.04535682,-0.2961281,-2.655263,-2.705525,-0.1218692,0.1072628,0.0134004,-1.091294,-2.581304,1.768449,-0.9958476,1.611687,-0.2861982,274.6727,46.35266,195.4074
2,1.166668,0.05540406,-0.003626391,0.08064052,-0.8428846,-1.378529,-0.2161805,-0.08070173,0.07601444,-0.05530696,-0.295204,-2.653156,-2.707783,-0.113326,0.10416,0.01223127,-1.090992,-2.580166,1.768898,-0.9961863,1.610404,-0.2862983,274.3584,44.12894,197.2628
2,1.17778,0.06176477,0.01555375,0.07842389,-0.8439249,-1.377713,-0.2176793,-0.07766394,0.05469741,-0.05755643,-0.2949983,-2.650545,-2.709393,-0.09832587,0.08837071,0.004511014,-1.091193,-2.579635,1.769122,-0.996347,1.609179,-0.2866115,274.2488,41.37708,199.8487
2,1.188891,0.06497181,0.003855731,0.08380899,-0.8436441,-1.376041,-0.2195233,-0.07128618,0.03757595,-0.04809697,-0.2950703,-2.649645,-2.709676,-0.08107559,0.05878524,-0.004396759,-1.091524,-2.579844,1.76967,-0.9965416,1.607976,-0.28685,274.1447,38.95155,202.2455
2,1.200002,0.06183299,-0.02492003,0.0818122,-0.8425954,-1.374601,-0.2211084,-0.06691521,0.02576168,-0.03008504,-0.2952439,-2.649975,-2.708804,-0.07040623,0.05043864,-0.01202802,-1.091922,-2.579272,1.769821,-0.9965218,1.607121,-0.2869996,274.1133,36.60228,204.759
2,1.211113,0.06196261,-0.08888004,0.07358836,-0.839455,-1.373072,-0.2229258,-0.05816155,0.03309473,-0.01203396,-0.2948572,-2.65234,-2.706161,-0.06623071,0.04738027,-0.02379473,-1.092241,-2.578564,1.770259,-0.9963788,1.606282,-0.2868326,274.1495,34.69567,206.7369
2,1.222224,0.06739652,-0.1453965,0.05893654,-0.836166,-1.372126,-0.2244288,-0.03121696,0.05629838,0.003760947,-0.2938426,-2.656115,-2.703096,-0.05872129,0.04212898,-0.02390452,-1.092428,-2.578168,1.770489,-0.9962624,1.605375,-0.286791,274.0685,33.96868,207.4611
2,1.233335,0.06420092,-0.1464799,0.0557441,-0.8347524,-1.371003,-0.2257966,-0.002269639,0.07527056,0.009929931,-0.2925754,-2.65903,-2.701144,-0.05093585,0.02607409,-0.00493055,-1.09192,-2.578525,1.770998,-0.9963782,1.604785,-0.2867666,273.9405,34.33855,207.1394
2,1.244446,0.05030221,-0.1241378,0.05457257,-0.8344355,-1.369854,-0.22648,0.003027974,0.07417897,0.007741446,-0.2918734,-2.660197,-2.700238,-0.0443428,0.0154007,0.005578342,-1.091537,-2.578843,1.771419,-0.9965472,1.604047,-0.2867675,273.7898,35.21712,206.3033
2,1.255558,0.02573931,-0.08795926,0.05438233,-0.8348307,-1.369144,-0.2265498,-0.009828631,0.05826184,0.01100645,-0.2920433,-2.660727,-2.699064,-0.02920682,0.004784187,0.020263,-1.090991,-2.579213,1.771566,-0.9967152,1.603708,-0.2868343,273.6009,37.70145,203.8949
2,1.266669,0.01610117,-0.07093862,0.05217172,-0.834819,-1.368301,-0.2266936,-0.01306629,0.04014467,0.01842812,-0.2923842,-2.661927,-2.697649,-0.007777714,0.003829788,0.03284789,-1.090213,-2.579382,1.770988,-0.9967747,1.603354,-0.2866081,273.5388,39.53666,202.0653
2,1.27778,0.01291898,-0.07099407,0.04151877,-0.8340397,-1.367904,-0.2270845,-0.007870659,0.01345961,0.0225308,-0.2931618,-2.661826,-2.69785,-0.00240439,-0.006729292,0.02632594,-1.090245,-2.579874,1.771031,-0.9968719,1.603161,-0.286642,273.4037,41.50882,200.1347
2,1.288891,0.01721239,-0.08595692,0.02880587,-0.8326346,-1.367707,-0.2275298,-0.003856664,-0.00462896,0.009637291,-0.293621,-2.659856,-2.699823,-0.0003213356,-0.01405063,0.01239765,-1.090657,-2.580248,1.771132,-0.9972117,1.602835,-0.2864708,273.2567,42.99614,198.6722
2,1.300002,0.01188984,-0.08282646,0.01813268,-0.8317569,-1.367586,-0.2275788,-0.007111453,-0.0003156736,0.001156936,-0.2933344,-2.658715,-2.700696,-0.003692983,-0.01814788,-0.01210557,-1.091668,-2.580448,1.771446,-0.9972945,1.602613,-0.2866158,273.2388,42.51546,199.1111
2,1.311113,0.006565538,-0.08179643,0.01279709,-0.8309143,-1.367364,-0.2276321,-0.006023317,0.008211724,-0.002017796,-0.2929424,-2.658867,-2.700521,0.00694594,-0.01382081,-0.007895803,-1.091499,-2.580545,1.77111,-0.9972117,1.602177,-0.2866836,273.2993,40.50058,201.1099
2,1.322224,0.0001544692,-0.0722103,0.01487643,-0.8305206,-1.366869,-0.2277732,0.01341627,0.03681324,0.006409102,-0.2918478,-2.66172,-2.698527,0.01130689,-0.01281941,0.00485924,-1.091048,-2.580779,1.770935,-0.9972886,1.602001,-0.2866544,273.3464,36.05309,205.6389
2,1.333336,-0.003066473,-0.05942259,0.0169434,-0.8303922,-1.36649,-0.2278723,0.01240563,0.04427955,0.007519143,-0.2912268,-2.663566,-2.696743,0.009278047,-0.0140017,0.01658276,-1.090571,-2.581041,1.771132,-0.9972172,1.601719,-0.2867394,273.375,33.81134,207.9035
2,1.344447,-0.006296573,-0.04450582,0.0179285,-0.8304567,-1.366315,-0.2277642,-0.001595365,0.03908686,-0.004077757,-0.2907884,-2.662484,-2.697296,0.005145758,-0.01417105,0.03153219,-1.089759,-2.581413,1.771394,-0.9971749,1.601342,-0.2867965,273.3657,32.02182,209.669
2,1.355558,-0.00309341,-0.04027072,0.01151992,-0.8301387,-1.36633,-0.2279698,-0.009088401,0.03379761,-0.00402141,-0.2907757,-2.662343,-2.697026,0.0009480659,-0.01955754,0.03365212,-1.089452,-2.581909,1.771807,-0.9972533,1.60125,-0.2869931,273.304,31.3434,210.2324
2,1.366669,-0.002005954,-0.04884123,0.0009182007,-0.8288662,-1.36612,-0.2280651,0.004799288,0.01233649,0.01280017,-0.2914883,-2.66442,-2.695591,0.006897256,-0.002185759,0.002847594,-1.090269,-2.581048,1.77109,-0.9972153,1.601386,-0.2869686,273.3247,31.28384,210.0831
2,1.37778,-0.002005954,-0.04884123,0.0009182007,-0.8288662,-1.36612,-0.2280651,0.004799288,0.01233649,0.01280017,-0.2914883,-2.66442,-2.695591,0.006897256,-0.002185759,0.002847594,-1.090269,-2.581048,1.77109,-0.9972153,1.601386,-0.2869686,273.3247,31.28384,210.0831
2,1.388891,-0.02012491,-0.04143025,-0.001260505,-0.8280678,-1.365972,-0.2272411,0.01624147,-0.003663354,-0.004431731,-0.2918175,-2.661034,-2.699506,0.02726315,-0.02003815,-0.002804767,-1.090726,-2.582059,1.770472,-0.996996,1.601815,-0.2870324,273.2744,34.46994,206.8958
2,1.400002,-0.02012491,-0.04143025,-0.001260505,-0.8280678,-1.365972,-0.2272411,0.01624147,-0.003663354,-0.004431731,-0.2918175,-2.661034,-2.699506,0.02726315,-0.02003815,-0.002804767,-1.090726,-2.582059,1.770472,-0.996996,1.601815,-0.2870324,273.2744,34.46994,206.8958
2,1.411114,-0.02757866,-0.04144259,-0.0002104165,-0.8275443,-1.365936,-0.2267794,0.01733127,-0.00154373,-0.003369339,-0.2917749,-2.661109,-2.69967,0.02628757,-0.01907626,0.007862613,-1.090397,-2.582306,1.770205,-0.9969301,1.601967,-0.2870635,273.2687,36.33274,205.0828
2,1.422225,-0.03395107,-0.04785352,-0.001263183,-0.8267096,-1.366022,-0.2262733,0.01942215,0.0005919179,-0.008708518,-0.2915922,-2.66048,-2.700574,0.03381224,-0.01274753,0.02383548,-1.089598,-2.582394,1.769637,-0.9968611,1.60231,-0.2871546,273.2775,38.50396,202.9986
2,1.433336,-0.03606826,-0.05425936,-0.003364773,-0.8258649,-1.365923,-0.2258648,0.01841687,-0.004766477,0.0008736844,-0.292006,-2.661269,-2.699944,0.0348176,-0.01372251,0.01423379,-1.089794,-2.582604,1.769178,-0.9967499,1.60254,-0.2871605,273.2892,40.2972,201.2434
2,1.444447,-0.03714577,-0.0489251,-0.00232837,-0.8255874,-1.365917,-0.2254179,0.01755493,-0.003760809,0.02006193,-0.2923299,-2.664148,-2.697367,0.03267584,-0.02110307,0.00352329,-1.090357,-2.582993,1.769051,-0.996533,1.60263,-0.2873706,273.2503,41.62812,199.8913
2,1.455558,-0.03184921,-0.03184555,0.002920851,-0.8258345,-1.365699,-0.2254483,0.02413233,0.01428342,0.02645434,-0.2917994,-2.666759,-2.695427,0.02849835,-0.03387943,-0.001884373,-1.090743,-2.583775,1.769272,-0.9964274,1.602745,-0.2873918,273.2202,42.15282,199.372
2,1.466669,-0.03084883,-0.007310145,0.008137136,-0.8267326,-1.36551,-0.2250403,0.02408706,0.008961137,0.0253692,-0.2919602,-2.667346,-2.695138,0.02967034,-0.04346463,-0.0009130565,-1.090852,-2.584657,1.769307,-0.9964437,1.602808,-0.2874472,273.2604,41.94573,199.5772
2,1.47778,-0.02769814,0.01828402,0.01227903,-0.8278111,-1.365456,-0.224953,0.0229983,0.004704714,0.02642636,-0.2921887,-2.668139,-2.694494,0.02858757,-0.04134545,-0.000890757,-1.090984,-2.585021,1.769111,-0.9963468,1.602846,-0.2874362,273.2698,41.99549,199.5362
2,1.488891,-0.02344167,0.02574448,0.01225608,-0.8282884,-1.365222,-0.2251016,0.02083854,0.006865188,0.022195,-0.2920817,-2.668697,-2.694138,0.02654423,-0.04567539,0.004414435,-1.090907,-2.585809,1.769274,-0.996261,1.602928,-0.2872447,273.2478,41.60258,199.8944
2,1.500003,-0.02555959,0.02466585,0.01012899,-0.8285233,-1.365226,-0.2248624,0.009979115,-0.01007857,0.01265112,-0.292642,-2.667014,-2.695518,0.03180219,-0.0276369,0.01944645,-1.090123,-2.585497,1.768582,-0.9961418,1.6031,-0.2874481,273.2415,40.99406,200.4585
2,1.511114,-0.02765485,0.004369352,-0.0004348685,-0.8277472,-1.365675,-0.2240187,0.006666509,-0.02496881,0.01049434,-0.2933972,-2.665732,-2.69672,0.02621413,-0.01371535,0.005770626,-1.090425,-2.585022,1.768324,-0.9962134,1.603055,-0.287546,273.2173,40.83257,200.5645
2,1.522225,-0.02973475,-0.01483686,-0.005681481,-0.8268763,-1.365935,-0.2236022,0.01188272,-0.03030091,0.002963698,-0.2937541,-2.664352,-2.698358,0.01972419,-0.01156463,-0.003746363,-1.0908,-2.584995,1.768321,-0.9961668,1.603098,-0.2876797,273.2014,41.76175,199.5645
2,1.533336,-0.0243823,-0.02438941,-0.0003034044,-0.8263704,-1.365491,-0.2239798,0.01716817,-0.03138734,-0.0002907664,-0.2940183,-2.663365,-2.69966,0.01209946,-0.005129186,-0.01641428,-1.091416,-2.584608,1.768248,-0.9960789,1.603186,-0.2876198,273.2202,42.6302,198.6944
2,1.544447,-0.01904773,-0.03179848,0.007203354,-0.8259261,-1.364715,-0.2244379,0.01514414,-0.01326003,-0.001266449,-0.2935677,-2.664056,-2.699085,0.009948002,0.0001359638,-0.01208784,-1.091382,-2.584414,1.768119,-0.9960143,1.603112,-0.2875905,273.2323,43.52143,197.7909
2,1.555558,-0.01159696,-0.02750534,0.01145264,-0.8258207,-1.364258,-0.2249364,0.01207099,0.0005965093,0.002014599,-0.2931922,-2.665221,-2.697988,0.004722814,-0.008438906,-0.009989897,-1.091402,-2.584577,1.768303,-0.9959365,1.603073,-0.2877417,273.2351,43.48841,197.8401
2,1.566669,-0.01054447,-0.02428971,0.01569534,-0.8256721,-1.363877,-0.2250712,0.006867693,0.01126311,0.007434742,-0.2928982,-2.666696,-2.696466,0.002678438,-0.009614839,-0.0003963804,-1.09114,-2.584829,1.768482,-0.9958808,1.602805,-0.2878683,273.2197,43.45543,197.8537
2,1.577781,-0.009480676,-0.01896189,0.01567313,-0.8256561,-1.363573,-0.2253141,-0.0005532447,0.01877069,0.006467463,-0.2925141,-2.66717,-2.695735,0.002609195,-6.856909E-05,0.002908079,-1.090778,-2.584659,1.768284,-0.995797,1.602735,-0.2879978,273.1565,43.74338,197.5327
2,1.588892,-0.007374258,-0.007221643,0.01988568,-0.8260167,-1.363063,-0.2256555,-0.01007858,0.01667341,0.01401334,-0.292594,-2.668695,-2.693832,0.0004373186,0.003114626,0.001889135,-1.090778,-2.584475,1.768288,-0.9957844,1.6026,-0.2880864,273.1429,44.02395,197.1796
2,1.600003,-0.002032071,-0.009322844,0.02415916,-0.8260534,-1.362687,-0.2260859,-0.01557224,0.002882443,0.006554287,-0.2929701,-2.667055,-2.695045,-0.001693376,0.0009924812,-0.0002430058,-1.090819,-2.584406,1.768397,-0.9957178,1.602507,-0.2882214,273.1379,44.55995,196.6133
2,1.611114,-0.002041325,-0.009315938,0.02734137,-0.8257477,-1.362182,-0.2265003,-0.009186074,-0.004631774,0.0107225,-0.2933759,-2.667395,-2.694845,-0.008209726,0.004219199,-0.01081399,-1.091221,-2.584152,1.768656,-0.9956186,1.60224,-0.2883574,273.1188,45.47602,195.6497
2,1.622225,-0.006300829,-0.008249957,0.02946298,-0.8257637,-1.36164,-0.2267261,0.006640256,-0.002532411,-0.005412485,-0.2929168,-2.665828,-2.696904,0.002247879,0.009827117,-0.02895292,-1.092087,-2.583621,1.768058,-0.9956393,1.602243,-0.2885358,273.1036,47.03362,194.022
2,1.633336,-0.003111403,-0.006098088,0.03265107,-0.825883,-1.361007,-0.2272379,0.0140454,-0.001498179,-0.01081505,-0.2927805,-2.664576,-2.6984,0.0117667,0.01946309,-0.02360444,-1.091996,-2.583045,1.767429,-0.9955599,1.602163,-0.2887579,273.0939,48.86553,192.1608
2,1.644447,-0.01057148,-0.002913514,0.03370269,-0.8259965,-1.360365,-0.2273328,0.01170637,-0.0003379975,-0.03209414,-0.292267,-2.661585,-2.701329,0.01714219,0.02786966,-0.005454807,-1.091315,-2.582488,1.766787,-0.9955152,1.601944,-0.2890331,273.0864,51.56594,189.4348
2,1.655559,-0.01588234,-0.01990159,0.04549126,-0.8255389,-1.358516,-0.2280225,-0.003352142,-0.03114507,-0.0267378,-0.2933259,-2.657949,-2.704329,0.006508134,0.02353116,-0.009661709,-1.09146,-2.582085,1.766767,-0.9952507,1.601853,-0.2895939,273.0831,54.16646,186.6245
2,1.66667,-0.01588234,-0.01990159,0.04549126,-0.8255389,-1.358516,-0.2280225,-0.003352142,-0.03114507,-0.0267378,-0.2933259,-2.657949,-2.704329,0.006508134,0.02353116,-0.009661709,-1.09146,-2.582085,1.766767,-0.9952507,1.601853,-0.2895939,273.0831,54.16646,186.6245
2,1.677781,-0.02436025,-0.0465674,0.04347963,-0.8239064,-1.356832,-0.2283,-0.02117396,-0.008714639,-0.01262829,-0.2929935,-2.658697,-2.702552,0.007615959,0.01402611,-0.01722123,-1.09211,-2.581962,1.766432,-0.9950004,1.601627,-0.2905572,273.0766,57.05573,183.4049
2,1.688892,-0.03179156,-0.05724936,0.04032953,-0.8230377,-1.356067,-0.2282904,-0.01997012,0.0147162,-0.01468352,-0.29212,-2.65908,-2.702187,0.005575171,0.008626767,-0.01193507,-1.092112,-2.582055,1.766569,-0.9948632,1.601506,-0.291104,273.0834,58.58813,181.7409
2,1.700003,-0.03179156,-0.05724936,0.04032953,-0.8230377,-1.356067,-0.2282904,-0.01997012,0.0147162,-0.01468352,-0.29212,-2.65908,-2.702187,0.005575171,0.008626767,-0.01193507,-1.092112,-2.582055,1.766569,-0.9948632,1.601506,-0.291104,273.0834,58.58813,181.7409
2,1.711114,-0.04130965,-0.1020176,0.03946491,-0.8197823,-1.354005,-0.2283027,-0.02978827,0.005247362,-0.0316686,-0.2918185,-2.654551,-2.705642,0.003280733,0.02878386,-0.005341258,-1.091952,-2.580683,1.76586,-0.9946676,1.601387,-0.2919286,273.0854,61.82426,178.3803
2,1.722225,-0.04130965,-0.1020176,0.03946491,-0.8197823,-1.354005,-0.2283027,-0.02978827,0.005247362,-0.0316686,-0.2918185,-2.654551,-2.705642,0.003280733,0.02878386,-0.005341258,-1.091952,-2.580683,1.76586,-0.9946676,1.601387,-0.2919286,273.0854,61.82426,178.3803
2,1.733337,-0.04129787,-0.1179824,0.04273132,-0.8180916,-1.352773,-0.2284779,-0.03944897,-0.001070283,-0.03479118,-0.2918302,-2.6526,-2.706719,9.462237E-05,0.0308397,-0.001036264,-1.091736,-2.580255,1.765773,-0.99465,1.601162,-0.2924345,273.0857,62.77865,177.2793
2,1.744448,-0.03591949,-0.1329562,0.02896328,-0.8147649,-1.351298,-0.2290239,-0.07013062,-0.002018299,-0.0131871,-0.2922047,-2.652891,-2.703885,-0.007525234,0.04566904,-0.001898189,-1.091532,-2.578796,1.765438,-0.9945177,1.600829,-0.2936079,272.9344,66.81144,172.8087
2,1.755559,-0.03807513,-0.1212774,0.0203801,-0.8139083,-1.351221,-0.2284332,-0.06477852,0.008616392,-0.01746183,-0.2916651,-2.652593,-2.703619,-0.01081489,0.05311219,-0.003932488,-1.091474,-2.577807,1.76522,-0.9945796,1.600685,-0.2943288,272.9222,66.676,172.623
2,1.76667,-0.03807513,-0.1212774,0.0203801,-0.8139083,-1.351221,-0.2284332,-0.06477852,0.008616392,-0.01746183,-0.2916651,-2.652593,-2.703619,-0.01081489,0.05311219,-0.003932488,-1.091474,-2.577807,1.76522,-0.9945796,1.600685,-0.2943288,272.9222,66.676,172.623
2,1.777781,-0.03276571,-0.1042581,0.01284688,-0.813356,-1.351181,-0.2284241,-0.06486176,0.003311694,-0.02280512,-0.2916273,-2.651092,-2.704429,-0.0184104,0.06056277,-0.01125491,-1.091622,-2.576724,1.765233,-0.9947026,1.600726,-0.2948175,272.7573,69.13116,169.8339
2,1.788892,-0.03070508,-0.07018349,0.009489167,-0.8137427,-1.351269,-0.2279687,-0.07350558,-0.01046961,-0.02596672,-0.291981,-2.648894,-2.705422,-0.02380732,0.05850068,-0.02402015,-1.092214,-2.575926,1.765331,-0.9949813,1.600688,-0.29516,272.7083,71.05256,167.7122
2,1.800003,-0.03393965,-0.04461828,0.0104318,-0.8141677,-1.35108,-0.2277418,-0.08192091,-0.009378478,-0.01628777,-0.292055,-2.649511,-2.70365,-0.03017696,0.05839424,-0.01972331,-1.092245,-2.575186,1.765639,-0.9951514,1.600819,-0.2954607,272.7769,69.39189,169.3082
