loc,t,aDotS,bDotS,gDotS,aS,bS,gS,aDotE,bDotE,gDotE,aE,bE,gE,aDotSH,bDotSH,gDotSH,aSH,bSH,gSH,aDotUB,bDotUB,gDotUB,aUB,bUB,gUB,xHand,yHand,zHand,aHand,bHand,gHand
7,0,-1.01465,-0.324356,0.01890898,-1.246379,3.422217,-2.890776,-0.03669655,0.128465,-0.378567,-1.30302,3.546061,1.407958,-0.6525239,0.2225569,0.09389818,-0.4183853,3.573458,-0.2464463,-0.1166817,0.118294,0.1034399,-0.8345548,1.540078,-0.03843421,0.1941001,1.134019,0.7003297,280.5999,338.3191,12.82749
7,0.01111111,-0.9741405,-0.354379,7.164478E-05,-1.24458,3.427256,-2.883184,-0.002759188,0.1358892,-0.4011853,-1.302104,3.551844,1.405165,-0.6522341,0.1861879,0.1342476,-0.4157621,3.577466,-0.2430329,-0.1070041,0.1224218,0.1183359,-0.8327215,1.542373,-0.03923369,0.1918972,1.133687,0.7035089,280.2967,340.9895,9.856049
7,0.02222222,-0.9698552,-0.3790252,-0.01246732,-1.242697,3.432408,-2.874214,0.05450344,0.1912256,-0.4421177,-1.2991,3.559023,1.400625,-0.6213868,0.1494335,0.2424445,-0.4094269,3.582543,-0.2419317,-0.1132109,0.134074,0.1450409,-0.8301142,1.545181,-0.03961585,0.189606,1.13333,0.7066943,280.219,343.834,6.630175
7,0.03333334,-0.9804567,-0.4359464,-0.05986956,-1.238548,3.438847,-2.864979,0.08621791,0.245507,-0.4807432,-1.295714,3.56678,1.396587,-0.5974402,0.1395682,0.2922181,-0.4048319,3.588947,-0.2421836,-0.07182978,0.115689,0.1373579,-0.8287608,1.546259,-0.04085422,0.1874268,1.132973,0.7100046,280.4379,345.1706,5.022772
7,0.04444445,-0.9899904,-0.5173379,-0.1038387,-1.233523,3.446988,-2.856158,0.1349244,0.3381233,-0.5291013,-1.289999,3.576021,1.390696,-0.6261718,0.1524858,0.2904422,-0.4026194,3.596483,-0.240913,-0.03686604,0.0866894,0.1413803,-0.8269312,1.547015,-0.04229313,0.1852915,1.132487,0.7133437,280.7215,344.5833,5.35273
7,0.05555556,-0.9963347,-0.5848414,-0.1425981,-1.228284,3.45525,-2.847373,0.2288226,0.4151715,-0.5493982,-1.284683,3.58434,1.383902,-0.6732222,0.1292753,0.2834071,-0.3999258,3.599914,-0.2348764,0.001100484,0.04064942,0.1293265,-0.8257994,1.545424,-0.04263002,0.1837006,1.132085,0.716796,280.9846,342.7902,6.759767
7,0.06666667,-1.006974,-0.6073442,-0.1562409,-1.223936,3.462221,-2.838047,0.2840461,0.4307281,-0.5387533,-1.280335,3.591195,1.375749,-0.6871007,0.1165428,0.2856399,-0.396958,3.603856,-0.2303219,0.004102489,0.02802371,0.09518384,-0.8257744,1.546143,-0.04345427,0.1821412,1.131748,0.7200636,281.1541,340.0861,9.098286
7,0.07777778,-1.018696,-0.5733085,-0.1618864,-1.220603,3.466839,-2.82782,0.3514508,0.4168856,-0.496601,-1.277125,3.596204,1.36799,-0.6795148,0.04712576,0.3236508,-0.3914463,3.60129,-0.2208796,-0.006742258,0.02187736,0.05578196,-0.8265195,1.546202,-0.04301831,0.1812523,1.131534,0.723231,281.2028,338.4944,10.32577
7,0.08888889,-0.9910073,-0.4976951,-0.1657849,-1.217883,3.469075,-2.818546,0.3721252,0.3998857,-0.4338756,-1.274041,3.599743,1.36231,-0.6179256,-0.03307074,0.3365183,-0.3869136,3.596688,-0.2118358,-0.02699914,0.03500623,0.02077278,-0.8272859,1.548235,-0.0436311,0.1801897,1.13149,0.7262566,281.2841,338.0746,10.40256
7,0.1,-0.9377479,-0.4296189,-0.1759658,-1.215105,3.470962,-2.810457,0.3585324,0.38714,-0.3964832,-1.270946,3.603724,1.357644,-0.6052518,-0.05869132,0.3362845,-0.3829498,3.594704,-0.2037537,-0.03558038,0.03943391,-0.003678969,-0.8282271,1.548986,-0.04344441,0.1794167,1.131689,0.7291195,281.4761,337.6151,10.67516
7,0.1111111,-0.890879,-0.3934776,-0.1837104,-1.212189,3.47332,-2.802995,0.2504043,0.3797947,-0.3211466,-1.267272,3.605683,1.357952,-0.609023,-0.1171371,0.3052041,-0.3801977,3.587109,-0.1900426,-0.05680868,0.06635282,-0.03432649,-0.8289264,1.551103,-0.04347824,0.1788381,1.132671,0.7312613,282.0368,336.1943,12.21811
7,0.1222222,-0.792858,-0.3777134,-0.2082844,-1.20805,3.475921,-2.798528,0.1845828,0.3947652,-0.2908746,-1.262933,3.609399,1.356676,-0.6263632,-0.07214773,0.2608202,-0.3789577,3.590111,-0.1851691,-0.06931504,0.09728629,-0.02133845,-0.8283437,1.553988,-0.04430248,0.1779892,1.133447,0.7336146,282.3195,335.387,12.95735
7,0.1333333,-0.680988,-0.381052,-0.2251948,-1.203815,3.4793,-2.795892,0.04952714,0.4172243,-0.257988,-1.257992,3.612326,1.359867,-0.566725,-0.02332056,0.2390483,-0.3773433,3.594582,-0.1849989,-0.09985401,0.1336731,-0.001869821,-0.8274164,1.558191,-0.04516322,0.1772661,1.134958,0.7354307,282.3506,336.0637,12.10372
7,0.1444445,-0.6117392,-0.3672331,-0.2273874,-1.200226,3.48248,-2.792509,-0.08756533,0.400286,-0.2101534,-1.254362,3.614404,1.364312,-0.4921165,0.01263797,0.2266591,-0.3754173,3.599377,-0.1867265,-0.133507,0.1742981,0.03147969,-0.8257728,1.563208,-0.04615045,0.1762702,1.136459,0.7369474,282.1183,338.1315,9.718632
7,0.1555556,-0.514818,-0.2968429,-0.2215962,-1.197804,3.482525,-2.790295,-0.2182665,0.3471226,-0.1591224,-1.252275,3.614896,1.370812,-0.3868825,0.08161473,0.177837,-0.375731,3.608313,-0.1943897,-0.1631044,0.2000403,0.04235241,-0.8250697,1.567464,-0.04626284,0.1755358,1.138131,0.73853,281.9222,340.0017,7.591101
7,0.1666667,-0.4019281,-0.2103319,-0.2010235,-1.19672,3.481422,-2.789084,-0.3606238,0.2971668,-0.1005712,-1.250564,3.61497,1.378724,-0.3232713,0.1294608,0.1304576,-0.3763499,3.616077,-0.199927,-0.182241,0.2066169,0.03502309,-0.8247634,1.570912,-0.04628121,0.1754719,1.140519,0.7397986,281.5781,343.0091,4.353718
7,0.1777778,-0.3998296,-0.114283,-0.1827619,-1.196214,3.479086,-2.783692,-0.3764685,0.2172977,-0.07696019,-1.250729,3.615266,1.382908,-0.2924694,0.1624338,0.1089407,-0.3764895,3.624073,-0.2051856,-0.1927946,0.2226974,0.02980415,-0.8247746,1.575065,-0.04660452,0.1751798,1.142992,0.740823,281.1931,347.3957,359.6234
7,0.1888889,-0.4073142,-0.06402241,-0.1630122,-1.195519,3.477601,-2.7784,-0.4112464,0.1310729,-0.01805198,-1.251898,3.613211,1.389034,-0.2396119,0.2071514,0.05419952,-0.3783958,3.633079,-0.2123578,-0.1937521,0.2365903,0.02561156,-0.8247054,1.579527,-0.0478325,0.17508,1.145938,0.7416625,280.7924,352.2796,354.3345
7,0.2,-0.3285157,-0.02321728,-0.1303021,-1.19573,3.476553,-2.776604,-0.5492956,0.09390612,0.04686244,-1.251525,3.610522,1.4004,-0.1803294,0.2059518,0.0205289,-0.3797013,3.638134,-0.2169302,-0.2001579,0.2431026,0.008614149,-0.8253541,1.583454,-0.04811933,0.1748206,1.148512,0.7425689,280.4884,355.0937,351.267
7,0.2111111,-0.0877564,-0.006141607,-0.1324097,-1.194412,3.475849,-2.783878,-0.8831721,0.2091773,0.1300641,-1.244393,3.607258,1.422791,-0.1120344,0.206687,0.03045042,-0.3794307,3.644469,-0.2237817,-0.2055587,0.238977,-0.009489562,-0.8261978,1.587126,-0.04848764,0.1751578,1.152241,0.743173,280.0883,355.5458,350.824
7,0.2222222,-0.001479689,0.1076052,-0.1590033,-1.193568,3.470023,-2.784164,-0.9192574,0.1708588,0.1516575,-1.243438,3.604921,1.434633,-0.07589453,0.2055026,0.02258639,-0.3800267,3.650447,-0.2296279,-0.2024504,0.2272652,-0.01275301,-0.8264151,1.590122,-0.04854463,0.1760186,1.156311,0.7436897,279.7512,354.8556,351.5885
7,0.2333333,0.02512636,0.1854779,-0.1490847,-1.193977,3.464751,-2.783434,-0.9556394,0.05168048,0.2883772,-1.246,3.595908,1.449399,-0.09127196,0.2078614,-0.02091805,-0.3822179,3.655574,-0.2329549,-0.1868041,0.1813256,-0.009797237,-0.8263949,1.590857,-0.04746233,0.1766707,1.160458,0.7441743,279.1986,355.4064,350.8855
7,0.2444444,0.04106253,0.3495839,-0.1442635,-1.196107,3.455258,-2.780682,-0.9784673,0.04324019,0.375906,-1.245061,3.588733,1.462564,-0.08384067,0.2121059,-0.02524672,-0.3832283,3.661787,-0.2378791,-0.1604961,0.1331543,-0.0005230894,-0.8262079,1.590792,-0.04649906,0.1770629,1.164216,0.7444824,278.4216,357.1532,348.8049
7,0.2555556,0.04956457,0.4125071,-0.1374117,-1.197115,3.448275,-2.778911,-0.9855222,0.04116285,0.4334848,-1.24395,3.581649,1.476093,-0.000583455,0.18929,-0.001731735,-0.3828289,3.665831,-0.2443844,-0.146872,0.1010743,0.00461213,-0.826055,1.59107,-0.04539172,0.1778564,1.168197,0.7449799,277.6848,359.0071,346.6707
7,0.2666667,0.0804445,0.4923171,-0.1466833,-1.198228,3.439543,-2.777668,-0.9668581,-0.006709218,0.5154318,-1.24464,3.572662,1.489076,0.09432398,0.1227057,0.03320802,-0.381158,3.664847,-0.2476316,-0.1469697,0.0904578,-0.002886368,-0.8263533,1.592094,-0.0445403,0.1785371,1.172074,0.7451662,276.8947,0.2058674,345.2572
7,0.2777778,0.1060137,0.5135353,-0.1564582,-1.198584,3.432262,-2.777086,-0.9688221,-0.01307094,0.5388841,-1.244409,3.565789,1.501975,0.1198911,0.04577523,0.06353746,-0.379068,3.660747,-0.2457802,-0.1321953,0.07439037,-0.008334405,-0.8266436,1.592445,-0.04381486,0.1791503,1.17591,0.7450932,276.236,0.7743191,344.6201
7,0.2888889,0.1656877,0.4972967,-0.1839452,-1.197611,3.426479,-2.778792,-0.9953461,0.02849841,0.5518177,-1.242326,3.558933,1.516209,0.1101443,-0.005335048,0.06772044,-0.3776799,3.656892,-0.2432204,-0.1089684,0.05080359,-0.01704909,-0.8271592,1.591919,-0.04295572,0.1804884,1.17992,0.7450709,275.6677,2.420598,342.9133
7,0.3,0.1870142,0.4768573,-0.205035,-1.196475,3.42072,-2.779395,-1.013459,0.09242022,0.5476388,-1.238897,3.552691,1.530224,0.1055722,-0.07775728,0.06749691,-0.3762658,3.648859,-0.2366014,-0.08155266,0.02190091,-0.03218549,-0.8279571,1.591005,-0.04215358,0.1810291,1.18352,0.7447007,275.2668,6.414149,338.8
7,0.3111111,0.2094078,0.4510144,-0.2335338,-1.19458,3.415225,-2.780381,-1.000733,0.1307559,0.5368637,-1.235975,3.5468,1.543037,0.1395257,-0.08531769,0.05751313,-0.3756873,3.646046,-0.2367087,-0.07110849,-0.001573067,-0.04298745,-0.8289003,1.589834,-0.04099857,0.1822955,1.187173,0.7445896,274.9333,12.77345,332.2688
7,0.3222222,0.2200712,0.439107,-0.2536502,-1.192926,3.409279,-2.780853,-0.9506935,0.1531127,0.5322424,-1.233511,3.540391,1.554367,0.1980673,-0.04501575,0.03678623,-0.37618,3.648247,-0.2429367,-0.06911236,-0.02184347,-0.03988946,-0.8292232,1.58865,-0.03945606,0.1834823,1.190573,0.743939,274.8132,21.99555,322.8597
7,0.3333333,0.2243294,0.4422122,-0.2621958,-1.19186,3.403161,-2.781129,-0.9070296,0.1594824,0.5298011,-1.231457,3.534283,1.565034,0.2299116,-0.01630062,0.01523846,-0.3770227,3.650427,-0.2484788,-0.06287134,-0.04535356,-0.03362155,-0.8293185,1.586828,-0.03773726,0.1849052,1.193373,0.7434766,274.8056,30.34035,314.2961
7,0.3444445,0.2456442,0.4272538,-0.2673604,-1.190471,3.397659,-2.782487,-0.8240328,0.1615674,0.5153736,-1.229601,3.528624,1.573367,0.2511767,-0.01424986,0.01075423,-0.3770205,3.649759,-0.2512796,-0.04810195,-0.05927482,-0.04545771,-0.8300828,1.584938,-0.03641899,0.1865333,1.196098,0.7427421,274.734,36.26557,308.1408
7,0.3555556,0.2648341,0.3983941,-0.2766537,-1.188567,3.392926,-2.784331,-0.7219955,0.179593,0.4805572,-1.227138,3.524015,1.579865,0.2481814,-0.05164057,0.04367177,-0.3749283,3.646059,-0.2504458,-0.03660702,-0.07523515,-0.07112513,-0.8317212,1.58329,-0.03519873,0.1880084,1.198521,0.74212,274.6329,40.67126,303.6054
7,0.3666667,0.2872216,0.3609947,-0.2890573,-1.186187,3.388659,-2.786591,-0.6094133,0.2167886,0.4296686,-1.223471,3.520569,1.584452,0.2421383,-0.08907513,0.09047214,-0.371773,3.641635,-0.248825,-0.04210552,-0.09005173,-0.08608458,-0.8331593,1.581097,-0.03296514,0.1891119,1.200361,0.7413019,274.3758,41.15868,303.0883
7,0.3777778,0.3192208,0.2829886,-0.3138461,-1.182311,3.386609,-2.790367,-0.5329739,0.2444167,0.3896985,-1.219996,3.517143,1.58927,0.2455234,-0.1023188,0.2107683,-0.3649543,3.641638,-0.2515649,-0.04661231,-0.1112552,-0.1064081,-0.8349644,1.578174,-0.0301057,0.1903468,1.201806,0.7405046,274.064,40.01001,304.231
7,0.3888889,0.3256435,0.2348126,-0.3378708,-1.178433,3.383875,-2.793124,-0.4279801,0.2943765,0.3186114,-1.215021,3.515863,1.590935,0.2650097,-0.09397656,0.2361578,-0.3614714,3.642178,-0.2556749,-0.04021161,-0.109166,-0.1159885,-0.8363135,1.57651,-0.02851846,0.1918564,1.202845,0.7397816,273.6872,35.89632,308.4397
7,0.4,0.3224949,0.1588595,-0.3701596,-1.173243,3.382746,-2.796145,-0.3675413,0.3305322,0.2744852,-1.210217,3.513866,1.593892,0.2872292,-0.08014503,0.2167841,-0.3600194,3.642635,-0.2601245,-0.009394772,-0.1168397,-0.1129614,-0.8376057,1.57429,-0.02814748,0.1933833,1.204203,0.7390208,273.3969,33.12305,311.2727
7,0.4111111,0.3086889,0.07660306,-0.3928076,-1.167786,3.382673,-2.799146,-0.2454855,0.3698272,0.2064874,-1.204808,3.51361,1.59272,0.2960005,-0.07455462,0.138939,-0.3615715,3.64061,-0.2620007,0.01292872,-0.1309171,-0.09818994,-0.8381863,1.571672,-0.0273006,0.1948585,1.204292,0.7382891,273.2156,25.36942,319.1136
7,0.4222222,0.3044308,0.06486431,-0.394827,-1.163797,3.380585,-2.801544,-0.1828325,0.3654822,0.1804702,-1.201632,3.512326,1.593371,0.2890912,-0.08608118,0.09528849,-0.3616993,3.636617,-0.2613296,0.01605729,-0.1426888,-0.09185841,-0.838932,1.568933,-0.02560656,0.1960719,1.205007,0.7376142,273.1616,22.79833,321.6251
7,0.4333333,0.3086902,0.02557309,-0.3816594,-1.159891,3.380236,-2.804982,-0.1094597,0.3558456,0.1618549,-1.197988,3.511024,1.592499,0.2953658,-0.08606228,0.08456612,-0.3605521,3.634529,-0.2627323,0.01279418,-0.1554799,-0.08444258,-0.8395775,1.56593,-0.02359747,0.1974324,1.205019,0.7370819,273.3693,21.70425,322.5253
7,0.4444444,0.3118776,0.0320553,-0.3721344,-1.156411,3.378264,-2.807791,-0.04772031,0.3281053,0.1571811,-1.195528,3.509158,1.591839,0.3023241,-0.08912098,0.03973379,-0.361293,3.631044,-0.2631286,0.02339928,-0.1694832,-0.06750169,-0.8397943,1.562743,-0.02194312,0.198292,1.204772,0.7365189,273.6974,22.57146,321.4837
7,0.4555556,0.3001342,0.0578135,-0.3521535,-1.153859,3.375452,-2.80956,-0.01035853,0.3046653,0.1697234,-1.192945,3.506562,1.591691,0.2913898,-0.1007151,0.01850144,-0.3614314,3.626637,-0.2619251,0.03190136,-0.1727466,-0.06648216,-0.8404473,1.559988,-0.02075561,0.1995821,1.204709,0.7360431,274.0046,22.39807,321.5416
7,0.4666667,0.2820001,0.0931439,-0.3333374,-1.151596,3.372045,-2.810703,0.061143,0.2673696,0.1905526,-1.1912,3.503616,1.589925,0.2561605,-0.1058686,0.01353838,-0.3610415,3.623217,-0.2604822,0.04571559,-0.1749757,-0.07080505,-0.8414204,1.556997,-0.01973962,0.2006879,1.204226,0.7354333,274.4498,23.02456,320.7942
7,0.4777778,0.2660074,0.1177338,-0.3239996,-1.149239,3.368615,-2.811689,0.09527691,0.2449898,0.1977888,-1.189195,3.501031,1.58873,0.2221034,-0.1131959,0.01920488,-0.3603161,3.619592,-0.2584651,0.06175178,-0.1708612,-0.06445511,-0.8418817,1.554642,-0.01944108,0.2023504,1.203904,0.7349461,274.8525,22.28634,321.4911
7,0.4888889,0.2404217,0.1286069,-0.3006833,-1.147401,3.365847,-2.812387,0.1410464,0.2321894,0.193217,-1.186913,3.498903,1.586446,0.2064155,-0.1153574,0.04706524,-0.3585339,3.617239,-0.257998,0.05337487,-0.1570082,-0.05264586,-0.8419712,1.552745,-0.01841975,0.2039561,1.203689,0.7344394,275.1051,18.84448,325.1531
7,0.5,0.2372253,0.1116239,-0.2941289,-1.144725,3.364086,-2.814178,0.1537744,0.2257725,0.1856659,-1.184815,3.497134,1.585117,0.195152,-0.09839574,0.08240832,-0.3563022,3.617396,-0.2598816,0.0322237,-0.1376986,-0.04929378,-0.8424718,1.551335,-0.01710176,0.2052686,1.203403,0.7339382,275.1369,14.89344,329.5201
7,0.5111111,0.2531872,0.07881182,-0.2735553,-1.142417,3.363514,-2.817219,0.1302771,0.2215147,0.1773108,-1.182509,3.495294,1.585119,0.1954692,-0.05582948,0.09534689,-0.3550159,3.621198,-0.2656753,0.02592305,-0.1227151,-0.0545336,-0.8432457,1.550194,-0.01639628,0.2068744,1.203448,0.7333727,275.1695,11.85016,332.9547
7,0.5222223,0.2702222,0.07470076,-0.2585879,-1.140386,3.362014,-2.820185,0.1239026,0.2002118,0.1805664,-1.18102,3.493011,1.584824,0.1901894,-0.01742113,0.08489656,-0.3546723,3.624616,-0.2708291,0.03448238,-0.1088741,-0.06942039,-0.8445166,1.549031,-0.01622984,0.2083174,1.203406,0.732875,275.0959,10.35997,334.8434
7,0.5333334,0.2520819,0.1143771,-0.2312902,-1.139582,3.358662,-2.821041,0.1346598,0.1682626,0.1975639,-1.180234,3.490012,1.584107,0.1826198,-0.01948385,0.07538246,-0.3541019,3.624227,-0.2722443,0.04822738,-0.114231,-0.08653966,-0.8460453,1.547054,-0.01593662,0.2098991,1.203514,0.7323732,275.0074,10.77296,334.744
7,0.5444446,0.2115512,0.1744551,-0.1871572,-1.140207,3.354304,-2.820206,0.1626367,0.1086324,0.2421587,-1.181075,3.485574,1.583035,0.173906,-0.03751332,0.06475285,-0.3536577,3.621638,-0.2714946,0.04601319,-0.1184158,-0.101463,-0.8476266,1.544959,-0.01503328,0.211612,1.203269,0.732016,274.9669,13.68509,331.9594
7,0.5555557,0.1912778,0.2247646,-0.1620933,-1.140643,3.349551,-2.819676,0.1809586,0.06923632,0.2750898,-1.181743,3.481013,1.582076,0.1811643,-0.06735969,0.05817065,-0.3527975,3.616203,-0.268645,0.04173975,-0.1162223,-0.1088951,-0.8491036,1.543316,-0.01426336,0.2133873,1.203183,0.7317066,274.9574,15.97436,329.7459
7,0.5666668,0.1805855,0.2889992,-0.129699,-1.142077,3.343789,-2.818982,0.166418,0.01708996,0.3316961,-1.183328,3.475047,1.582982,0.1927555,-0.08336861,0.05265783,-0.3520358,3.61229,-0.2675247,0.04077446,-0.1152551,-0.08438527,-0.8491985,1.541648,-0.0135214,0.2149011,1.202995,0.731425,274.9474,18.59783,327.1364
7,0.577778,0.1773619,0.3307586,-0.1077366,-1.143196,3.338424,-2.818675,0.1643876,-0.007398546,0.3477132,-1.184216,3.470364,1.583033,0.2350688,-0.1186575,0.03928573,-0.3512395,3.604724,-0.2644245,0.05252159,-0.1142998,-0.07909713,-0.8498296,1.539975,-0.0134234,0.216458,1.202808,0.7310652,274.9998,17.99839,327.9262
7,0.5888891,0.1741574,0.3393626,-0.09929986,-1.143739,3.333888,-2.818623,0.1558557,-0.01803795,0.3456512,-1.184536,3.4664,1.58296,0.2473909,-0.1356209,0.003937749,-0.3516363,3.598428,-0.2615978,0.06633015,-0.1251011,-0.06853728,-0.8502126,1.537601,-0.01305482,0.2181316,1.202688,0.7307307,275.0632,17.1025,329.0532
7,0.6000003,0.167762,0.3234493,-0.09275632,-1.14381,3.330561,-2.81886,0.1439487,-0.01484972,0.3201757,-1.184567,3.463488,1.582927,0.2397033,-0.1483114,-0.0120082,-0.351761,3.592341,-0.2582467,0.07273647,-0.1337613,-0.0472885,-0.8499681,1.5352,-0.01242764,0.2191793,1.202147,0.7301989,275.1502,15.80291,330.6697
7,0.6111114,0.1517927,0.2861809,-0.09027719,-1.143411,3.328408,-2.819094,0.1373556,-0.009552449,0.2893183,-1.18444,3.46109,1.582482,0.2309693,-0.164203,-0.02475291,-0.3517919,3.5854,-0.2538592,0.06852688,-0.124131,-0.05148266,-0.8504879,1.533683,-0.0119773,0.2203824,1.201944,0.729664,275.2794,14.59382,332.2484
7,0.6222225,0.1294392,0.2201396,-0.0885855,-1.142574,3.327923,-2.819543,0.119926,0.00425595,0.2329636,-1.183897,3.460466,1.581967,0.2136336,-0.1597549,-0.05331486,-0.3529871,3.580027,-0.2505491,0.06323598,-0.1134068,-0.06204703,-0.8512672,1.532271,-0.01147769,0.2215625,1.201752,0.7291181,275.4307,13.32787,333.9548
7,0.6333337,0.1070776,0.1563235,-0.07732715,-1.141983,3.328173,-2.820057,0.09925041,0.01592754,0.1702436,-1.183397,3.460634,1.581536,0.2071504,-0.1404926,-0.06914843,-0.3539357,3.577023,-0.2496226,0.06434405,-0.1027218,-0.07159438,-0.852374,1.531297,-0.01156504,0.2222176,1.201493,0.7286092,275.5942,12.81284,334.8655
7,0.6444448,0.1070776,0.1563235,-0.07732715,-1.141983,3.328173,-2.820057,0.09925041,0.01592754,0.1702436,-1.183397,3.460634,1.581536,0.2071504,-0.1404926,-0.06914843,-0.3539357,3.577023,-0.2496226,0.06434405,-0.1027218,-0.07159438,-0.852374,1.531297,-0.01156504,0.2222176,1.201493,0.7286092,275.5942,12.81284,334.8655
7,0.655556,0.09322006,0.1023194,-0.04271913,-1.142239,3.327541,-2.821399,0.08606763,-0.001159832,0.1138872,-1.18375,3.459666,1.580415,0.1912123,-0.109501,-0.07738231,-0.3555533,3.571808,-0.2484961,0.06422313,-0.1112083,-0.08438856,-0.8541855,1.527317,-0.01025317,0.2231226,1.20082,0.7278138,275.8818,15.49318,332.5965
7,0.6666671,0.1027983,0.09717454,-0.0245497,-1.142908,3.326637,-2.82255,0.08919218,-0.02461981,0.1064346,-1.185048,3.458468,1.579853,0.1716245,-0.07870285,-0.02911249,-0.354341,3.573309,-0.2511324,0.0505075,-0.0994583,-0.07042683,-0.8543501,1.526153,-0.009493371,0.2233665,1.200412,0.7275593,276.0857,18.77406,329.1441
7,0.6777782,0.1102393,0.097333,-0.0085658,-1.143685,3.325567,-2.823548,0.09022936,-0.03634157,0.1032422,-1.185819,3.457316,1.579256,0.1602636,-0.07024258,0.0008704066,-0.3531202,3.572704,-0.2519915,0.04529079,-0.08987547,-0.05971452,-0.8546478,1.525295,-0.009234245,0.2231076,1.199896,0.7273405,276.3089,20.52927,327.2065
7,0.6888894,0.1155645,0.08777189,-0.006334899,-1.143974,3.324585,-2.824645,0.0751732,-0.03846823,0.08311951,-1.18605,3.456824,1.5791,0.140481,-0.07138267,0.04369492,-0.350978,3.571879,-0.2520791,0.04009483,-0.07386415,-0.05750334,-0.8552742,1.52492,-0.009333048,0.2230538,1.199589,0.7270142,276.4982,19.79788,327.9078
7,0.7000005,0.1336824,0.05689536,-0.004956141,-1.14384,3.324998,-2.82689,0.04192535,-0.01504682,0.04817136,-1.185344,3.457641,1.579354,0.1289704,-0.07781573,0.06617227,-0.3491143,3.569535,-0.2507499,0.03383042,-0.05999347,-0.05103537,-0.8557141,1.524695,-0.00936687,0.2233523,1.199497,0.7267213,276.6454,18.15574,329.6556
7,0.7111117,0.185904,-0.03790624,-0.005062554,-1.142566,3.328802,-2.83227,-0.0361545,0.03073495,0.0007526334,-1.183609,3.459127,1.58202,0.1075937,-0.07450743,0.05895903,-0.3484831,3.567372,-0.2491408,0.01486505,-0.03217067,-0.0487243,-0.8563213,1.52532,-0.009243566,0.2229723,1.199346,0.7263824,276.7519,15.84931,332.0464
7,0.7222228,0.186987,-0.0837732,-0.01100751,-1.141451,3.331301,-2.835451,-0.05038811,0.0243445,-0.05559712,-1.182816,3.461783,1.581892,0.09677011,-0.07973406,0.04520671,-0.3482355,3.564368,-0.2470545,0.005361205,-0.02358681,-0.04439104,-0.8566644,1.52543,-0.009153019,0.2224145,1.199207,0.7260701,276.9468,14.31088,333.6241
7,0.7333339,0.147559,-0.1016614,0.01257738,-1.141812,3.333382,-2.836646,-0.06658532,0.004077189,-0.08635964,-1.183704,3.4638,1.582142,0.08146044,-0.05498697,-0.001410426,-0.3500619,3.563838,-0.2471006,-0.005061948,0.002013532,-0.03359149,-0.8566713,1.526638,-0.00951361,0.2218504,1.199094,0.7258432,277.1611,14.02892,333.9044
7,0.7444451,0.1198519,-0.1036653,0.02642634,-1.142167,3.334942,-2.837684,-0.089026,0.001983948,-0.09684035,-1.183124,3.465078,1.583349,0.05855391,-0.002427489,-0.07127814,-0.3536066,3.566538,-0.2494961,-0.01018596,0.01795533,-0.01326456,-0.8561727,1.527698,-0.01007634,0.2209713,1.198943,0.7258896,277.3757,15.32321,332.4604
7,0.7555562,0.08787049,-0.09167945,0.05505011,-1.143558,3.335943,-2.837873,-0.1051003,-0.02145503,-0.1094952,-1.184123,3.466934,1.584319,0.04334909,0.02973659,-0.1104104,-0.3565392,3.568497,-0.2512503,-0.01652976,0.02117157,-0.006835278,-0.8560231,1.528171,-0.009980196,0.2196838,1.198681,0.7259218,277.5422,17.82458,329.6526
7,0.7666674,0.06440967,-0.08921369,0.090164,-1.145437,3.337404,-2.838363,-0.1040592,-0.06298772,-0.1094619,-1.186114,3.468183,1.584993,0.04222058,0.05429877,-0.1262849,-0.3589052,3.571246,-0.254391,-0.03446082,0.02539763,0.03372883,-0.854357,1.528677,-0.009240903,0.2185036,1.198561,0.7260892,277.6664,20.42174,326.6739
7,0.7777785,0.05587033,-0.09746656,0.1179422,-1.147255,3.339501,-2.839682,-0.09450508,-0.09068097,-0.1127018,-1.187751,3.46967,1.585092,0.01638241,0.05946202,-0.05461038,-0.3574175,3.574666,-0.2569559,-0.05355799,0.03726502,0.03171584,-0.8541802,1.529696,-0.008723451,0.2171521,1.198467,0.7263965,277.7563,22.19903,324.5247
7,0.7888896,0.0462709,-0.09952474,0.1254098,-1.14845,3.341242,-2.840504,-0.1009611,-0.1002727,-0.1211711,-1.189208,3.471458,1.585756,-0.01094213,0.05731635,-0.01916525,-0.3565152,3.576846,-0.2580031,-0.06511765,0.05650015,0.03716484,-0.8536198,1.531274,-0.008597217,0.2158163,1.198483,0.726778,277.8358,23.01086,323.3749
7,0.8000008,0.01963551,-0.1069156,0.132916,-1.149552,3.343276,-2.840736,-0.1223421,-0.0906802,-0.1327417,-1.189736,3.473367,1.587115,-0.07018053,0.05955847,0.01876847,-0.3551203,3.579707,-0.2579325,-0.06800514,0.08840802,0.05647982,-0.852439,1.534096,-0.009646769,0.2142635,1.19843,0.727245,277.887,22.46026,323.6869
7,0.8111119,0.0004642829,-0.1133437,0.1297686,-1.15039,3.345251,-2.840902,-0.1479892,-0.07683204,-0.1464232,-1.190117,3.475591,1.588579,-0.1287182,0.04804897,0.02894839,-0.3543661,3.580351,-0.255081,-0.05826796,0.1085772,0.05652725,-0.851786,1.536612,-0.01097595,0.2129074,1.198452,0.7277609,277.9022,22.06247,323.8408
7,0.8222231,-0.03575237,-0.1197859,0.1255419,-1.151026,3.347216,-2.840064,-0.1512567,-0.07044285,-0.1570556,-1.190588,3.477807,1.589527,-0.1460041,0.04606761,0.007820105,-0.3549765,3.580845,-0.2532751,-0.05075099,0.1213398,0.04909107,-0.8516304,1.538911,-0.01209927,0.2113326,1.198456,0.7283758,277.824,21.02473,324.652
7,0.8333342,-0.0772954,-0.1347011,0.1267224,-1.151793,3.349767,-2.838842,-0.1481482,-0.07258642,-0.1698591,-1.191451,3.480306,1.590032,-0.1348288,0.06007362,-0.04764587,-0.3575001,3.582081,-0.2532578,-0.07193549,0.149288,0.02691522,-0.8520321,1.542347,-0.01291154,0.2097784,1.198474,0.7291795,277.6859,20.01864,325.4395
7,0.8444453,-0.1156585,-0.1409504,0.1416723,-1.153287,3.352142,-2.837286,-0.1344022,-0.08857969,-0.1827274,-1.192892,3.482986,1.590153,-0.126623,0.05908087,-0.07650337,-0.3594106,3.582463,-0.2524738,-0.08686565,0.1483431,0.0248321,-0.8519069,1.544446,-0.01282791,0.2081054,1.19854,0.7299907,277.5288,19.10518,326.135
7,0.8555565,-0.1305783,-0.1557336,0.1556548,-1.154702,3.355126,-2.836555,-0.136621,-0.09071809,-0.1965617,-1.193882,3.485843,1.590519,-0.1416822,0.04852526,-0.0849063,-0.360902,3.581936,-0.2498969,-0.09430041,0.1419308,0.04294208,-0.8508416,1.546263,-0.01277891,0.206568,1.198751,0.7308418,277.4269,18.76088,326.2661
7,0.8666676,-0.1359039,-0.1674223,0.1589554,-1.155759,3.358057,-2.836155,-0.1431321,-0.09925014,-0.2124896,-1.195164,3.488966,1.591238,-0.177677,0.05927524,-0.06849395,-0.3614229,3.584744,-0.2496032,-0.1069493,0.15368,0.05688301,-0.849836,1.54894,-0.01293311,0.2048746,1.198857,0.7317052,277.3719,18.7695,326.0579
7,0.8777788,-0.1412286,-0.1801416,0.1654683,-1.157003,3.361157,-2.835806,-0.1560588,-0.1099147,-0.2315661,-1.196678,3.49237,1.592175,-0.2028253,0.09551226,-0.04358424,-0.3616807,3.591042,-0.2524118,-0.1238208,0.1643554,0.08149431,-0.8481587,1.55186,-0.0129616,0.2027527,1.1989,0.7325494,277.421,20.02818,324.6468
7,0.8888899,-0.1550714,-0.191862,0.1655705,-1.157981,3.364323,-2.834965,-0.1732152,-0.1099195,-0.2474257,-1.197834,3.495901,1.593358,-0.2248492,0.1306962,-0.02509953,-0.3618661,3.598632,-0.2562369,-0.145893,0.1792184,0.131706,-0.8450796,1.555151,-0.01277385,0.2008815,1.199114,0.7334439,277.4955,21.46252,323.044
7,0.900001,-0.1539959,-0.2333732,0.1691715,-1.158718,3.368929,-2.835142,-0.2320307,-0.08542058,-0.2800652,-1.197913,3.500427,1.596205,-0.2564881,0.2000803,-0.02343332,-0.3632376,3.611404,-0.264372,-0.1595242,0.1962641,0.1552596,-0.8427946,1.558688,-0.01299862,0.1983873,1.199401,0.7343183,277.6401,23.35273,321.0429
7,0.9111122,-0.1006938,-0.3208721,0.1530101,-1.157951,3.375844,-2.838459,-0.3067028,-0.05237326,-0.2966146,-1.197244,3.504587,1.600667,-0.2732543,0.2704652,-0.02511509,-0.3650017,3.625524,-0.2740294,-0.174291,0.2133962,0.1607143,-0.8408441,1.562671,-0.01322126,0.1962621,1.200055,0.7352371,277.7726,24.67035,319.6218
7,0.9222233,-0.101738,-0.3359694,0.1339807,-1.157538,3.380466,-2.839224,-0.3624436,-0.03747788,-0.3473768,-1.196957,3.510602,1.604268,-0.2718463,0.2970073,-0.003722355,-0.3655141,3.637058,-0.2818354,-0.1860014,0.219884,0.1512268,-0.8391594,1.565685,-0.01278983,0.1939672,1.200967,0.7362419,277.8872,24.65021,319.5556
7,0.9333345,-0.1645978,-0.3125618,0.1326377,-1.157976,3.383714,-2.836624,-0.3784449,-0.03640825,-0.3504604,-1.197312,3.51482,1.60727,-0.2681472,0.2978918,0.04205187,-0.3645196,3.64789,-0.2892185,-0.1936675,0.208357,0.1181901,-0.8388446,1.568214,-0.01209341,0.1912625,1.202167,0.7373674,278.0439,24.99723,319.0543
7,0.9444456,-0.2125428,-0.294468,0.1324272,-1.158571,3.386956,-2.83389,-0.4380386,-0.02146211,-0.3426042,-1.196933,3.518703,1.612705,-0.275365,0.275434,0.0729398,-0.3633617,3.655421,-0.2929935,-0.1958653,0.2062932,0.1054085,-0.8380382,1.571158,-0.01178369,0.1886003,1.203863,0.7387078,278.2124,26.54111,317.2373
7,0.9555568,-0.2764545,-0.2766033,0.1087664,-1.158155,3.389474,-2.829382,-0.5179095,0.008395195,-0.3399477,-1.195888,3.522785,1.619581,-0.2762706,0.2647153,0.09102744,-0.3623332,3.663366,-0.2975054,-0.1947647,0.2126957,0.1001001,-0.8372052,1.574667,-0.012001,0.1859793,1.206181,0.7402934,278.3641,27.7098,315.7984
7,0.9666679,-0.3211701,-0.2832258,0.08643016,-1.157415,3.392859,-2.825645,-0.624481,0.05424824,-0.3488272,-1.193573,3.527132,1.62835,-0.2538305,0.2411242,0.1066775,-0.3611007,3.669543,-0.3012712,-0.1959324,0.2074377,0.08515938,-0.8367892,1.577435,-0.01165772,0.1832732,1.208611,0.7418334,278.4541,28.28173,315.0489
7,0.977779,-0.4095558,-0.310281,0.04507379,-1.155218,3.39706,-2.820145,-0.6958773,0.08305299,-0.3536886,-1.191458,3.53158,1.636493,-0.2356219,0.2122052,0.126615,-0.3595012,3.674489,-0.3040313,-0.1950273,0.1968676,0.06380287,-0.8369255,1.579877,-0.01115145,0.1795325,1.211646,0.7436852,278.4263,29.30036,313.8224
7,0.9888902,-0.4351067,-0.3199922,0.0345075,-1.154029,3.401251,-2.816235,-0.8163169,0.1193242,-0.3645938,-1.188553,3.536143,1.647979,-0.2436919,0.2152842,0.167198,-0.3570607,3.684147,-0.310103,-0.1824734,0.1605083,0.07424767,-0.8358299,1.580619,-0.01003266,0.1764577,1.215189,0.7455417,278.4104,30.83299,312.0315
7,1.000001,-0.5831575,-0.3192375,0.006693169,-1.152048,3.404674,-2.806413,-0.9260458,0.15665,-0.3670729,-1.185408,3.540554,1.659914,-0.2572573,0.2045825,0.1971328,-0.3546596,3.692745,-0.3149438,-0.1562019,0.1059323,0.0845615,-0.8346645,1.579704,-0.008575912,0.1731706,1.219884,0.7478652,278.3315,33.9233,308.64
7,1.011112,-0.6705011,-0.3194287,-0.01041302,-1.150222,3.408054,-2.797495,-0.9942946,0.1779799,-0.3783319,-1.182256,3.545215,1.671501,-0.2658361,0.134225,0.2193325,-0.3515404,3.693519,-0.3124407,-0.1351515,0.06209801,0.08968347,-0.8335401,1.579361,-0.007404919,0.1692694,1.225427,0.7502601,278.2244,38.35889,303.9694
7,1.022224,-0.8419772,-0.3305568,-0.05411303,-1.147028,3.411342,-2.784148,-1.164907,0.2600568,-0.4081132,-1.176262,3.550457,1.687537,-0.2888983,0.01789671,0.3001106,-0.3448394,3.688713,-0.3039538,-0.125713,0.05567385,0.07570972,-0.8332013,1.579319,-0.006445649,0.1653018,1.231379,0.7526743,278.1054,42.90556,299.1815
7,1.033335,-0.9229112,-0.350066,-0.08594193,-1.143587,3.415205,-2.772978,-1.268363,0.3005784,-0.4287347,-1.171004,3.55567,1.702724,-0.3204926,-0.05037743,0.3609197,-0.3384334,3.68599,-0.2968402,-0.1238673,0.03018531,0.05215016,-0.8335737,1.57867,-0.004521781,0.160911,1.23787,0.7551556,277.9093,47.53587,294.3914
7,1.044446,-1.036864,-0.3866904,-0.1240249,-1.139143,3.419762,-2.760009,-1.44209,0.3613286,-0.4435493,-1.164642,3.560525,1.722572,-0.3321265,-0.06849363,0.3758923,-0.3335668,3.68611,-0.2928918,-0.116978,-0.03906421,0.03904121,-0.8337132,1.574878,-0.0007488809,0.1566309,1.244725,0.7576724,277.8669,52.37371,289.3297
7,1.055557,-1.151891,-0.414649,-0.147273,-1.13484,3.424368,-2.745507,-1.614794,0.4167866,-0.4647521,-1.157525,3.565462,1.743846,-0.3953445,-0.1154088,0.4594992,-0.3250207,3.684182,-0.2844434,-0.1058047,-0.1083553,0.02911605,-0.8336179,1.570099,0.003159841,0.1522195,1.25297,0.760407,277.7045,56.15685,285.4528
7,1.066668,-1.234973,-0.4308376,-0.1663499,-1.130612,3.428726,-2.731267,-1.776908,0.4818206,-0.4956335,-1.14902,3.570993,1.766589,-0.4301164,-0.1260611,0.4992538,-0.3178925,3.684914,-0.2791696,-0.1017005,-0.1211035,0.01201458,-0.8341755,1.567897,0.005719138,0.1472309,1.262184,0.7631995,277.0211,59.2864,282.5286
7,1.077779,-1.364906,-0.45047,-0.2099312,-1.124929,3.432689,-2.713534,-1.87281,0.5287275,-0.5024551,-1.140829,3.575547,1.787971,-0.4871321,-0.1249358,0.5467469,-0.3103733,3.687842,-0.2744795,-0.1123898,-0.09950945,-0.04005529,-0.8363886,1.567553,0.007470699,0.1419745,1.270792,0.7658863,276.3908,64.91125,276.9895
7,1.08889,-1.498034,-0.4509787,-0.2579615,-1.118775,3.435718,-2.693873,-2.002749,0.6118814,-0.5037472,-1.130043,3.57926,1.813241,-0.5531734,-0.1068911,0.6391513,-0.3004408,3.695377,-0.2732329,-0.114459,-0.09418881,-0.03470491,-0.8366209,1.566305,0.009639045,0.1365645,1.281256,0.768883,275.5609,75.15013,266.7324
7,1.100002,-1.629034,-0.4376767,-0.3103901,-1.112193,3.437594,-2.672594,-2.099571,0.6683919,-0.490326,-1.119968,3.581998,1.838058,-0.6192347,-0.1123009,0.7389258,-0.2890947,3.702269,-0.2707838,-0.1218925,-0.0995273,-0.01873304,-0.8363205,1.564441,0.01243989,0.1313441,1.29134,0.7719025,275.1828,87.68105,254.0214
7,1.111113,-1.709985,-0.4208756,-0.3329721,-1.106473,3.439444,-2.651835,-2.156865,0.6844258,-0.4579791,-1.110907,3.583742,1.86334,-0.6707021,-0.1272752,0.8129371,-0.2774715,3.706588,-0.2657323,-0.1379575,-0.1079046,-0.02510602,-0.8367966,1.562412,0.01584075,0.1253406,1.303566,0.7753071,275.2706,106.7571,234.3928
7,1.122224,-1.826098,-0.3636442,-0.3591886,-1.101155,3.438875,-2.627725,-2.252309,0.6983818,-0.3976834,-1.102364,3.583452,1.891644,-0.7495731,-0.1304886,0.9096568,-0.2641339,3.714362,-0.262087,-0.1497168,-0.1088537,-0.03358409,-0.8375711,1.560714,0.01904853,0.127735,1.31736,0.778393,275.711,119.5891,221.1119
7,1.133335,-1.939038,-0.2786035,-0.3750127,-1.096856,3.436476,-2.601358,-2.333834,0.7134078,-0.3278974,-1.093719,3.581829,1.921013,-0.8066548,-0.1186665,0.9465425,-0.2524139,3.72269,-0.259136,-0.1614539,-0.1108932,-0.03461697,-0.8380116,1.558931,0.02249013,0.1220159,1.329521,0.7817233,276.5052,132.2999,207.893
7,1.144446,-2.021066,-0.2233801,-0.390536,-1.092323,3.434123,-2.575033,-2.373926,0.716668,-0.2722242,-1.085621,3.579585,1.950034,-0.8597105,-0.1110334,0.9631255,-0.2414305,3.730479,-0.2553425,-0.178489,-0.1140054,-0.02604909,-0.8380973,1.557,0.02629339,0.1157659,1.341607,0.7847399,277.5955,141.0453,198.6211
7,1.155557,-2.136136,-0.1287319,-0.4043223,-1.089049,3.428989,-2.544579,-2.420218,0.7188883,-0.1888079,-1.078318,3.574886,1.981005,-0.8945548,-0.09712708,0.9869864,-0.2301983,3.740326,-0.2538328,-0.1921248,-0.09480546,-0.007810326,-0.8375375,1.556343,0.02926921,0.1101114,1.353756,0.7879626,278.7073,147.1923,192.1029
7,1.166668,-2.250144,-0.05101112,-0.4072768,-1.086555,3.423976,-2.513691,-2.473911,0.7360231,-0.09787697,-1.07107,3.568627,2.013105,-0.9591729,-0.06390381,1.008053,-0.2187574,3.75584,-0.2559681,-0.2164356,-0.07336251,0.0008823462,-0.8374406,1.55609,0.03259283,0.1036752,1.365892,0.7912191,279.715,151.5759,187.5722
7,1.17778,-2.357758,0.02986413,-0.4113652,-1.084269,3.418283,-2.481686,-2.482064,0.7360439,-0.04358685,-1.064169,3.563778,2.042987,-1.007228,-0.06261373,0.9968668,-0.2084504,3.764274,-0.2515364,-0.2355244,-0.06258794,0.002064256,-0.8375306,1.555323,0.03626347,0.0973785,1.377736,0.7944677,280.7625,154.1029,184.8319
7,1.188891,-2.462185,0.1214716,-0.4070731,-1.082938,3.411335,-2.447892,-2.466555,0.7158639,0.04367805,-1.059252,3.556246,2.073411,-1.100953,-0.04087853,0.9905047,-0.1982734,3.77855,-0.2496602,-0.255653,-0.05074702,0.008605592,-0.8372201,1.555197,0.03991972,0.09197873,1.389992,0.7984411,281.8477,152.6363,185.9865
7,1.200002,-2.51013,0.1747549,-0.4012847,-1.081601,3.404819,-2.415719,-2.458677,0.6913737,0.104346,-1.055016,3.549361,2.103354,-1.178385,-0.02040482,1.018042,-0.186482,3.797116,-0.2515334,-0.2715151,-0.02608939,-0.008321422,-0.8379567,1.555183,0.04331978,0.08592223,1.402239,0.8019254,282.9736,151.8914,186.3321
7,1.211113,-2.519649,0.2088589,-0.3976251,-1.07946,3.398358,-2.385694,-2.461246,0.7084893,0.1938377,-1.050455,3.538902,2.135835,-1.21343,-0.02885258,1.034354,-0.174714,3.809139,-0.2486189,-0.2789893,-0.01420099,-0.03593871,-0.8392739,1.555594,0.04637629,0.08075634,1.414135,0.8059673,283.9482,150.0143,187.9186
7,1.222224,-2.512177,0.2149956,-0.4243108,-1.07708,3.391937,-2.355191,-2.440845,0.7202004,0.214993,-1.045021,3.530985,2.166049,-1.234354,-0.06090283,1.0824,-0.1609838,3.818801,-0.2437919,-0.2811898,-0.011967,-0.05722409,-0.8405474,1.555467,0.04969139,0.0752729,1.426122,0.8099233,284.6518,149.8965,188.1147
7,1.233335,-2.533421,0.2167222,-0.4490866,-1.073177,3.385408,-2.323575,-2.323357,0.72124,0.2578876,-1.040734,3.521625,2.192622,-1.282519,-0.0979507,1.07639,-0.1489282,3.82257,-0.2317877,-0.2780862,-0.01081403,-0.08386251,-0.8424255,1.55547,0.05265229,0.0701922,1.437936,0.81397,285.339,150.2779,187.8077
7,1.244446,-2.695362,0.3526843,-0.455211,-1.074263,3.374501,-2.282694,-2.080895,0.6594194,0.3531983,-1.040504,3.511326,2.212636,-1.331927,-0.1498857,1.059668,-0.1372599,3.814274,-0.2073806,-0.2791023,-0.001188025,-0.09021536,-0.8435792,1.555995,0.05539535,0.0654725,1.449666,0.8182342,285.8415,151.8212,186.3139
7,1.255558,-2.819066,0.5033493,-0.4003021,-1.081071,3.364077,-2.242201,-1.876559,0.6050889,0.4818034,-1.042129,3.498886,2.233495,-1.446961,-0.1853063,0.9776656,-0.1287649,3.797929,-0.1714226,-0.2938945,0.01274762,-0.08477346,-0.844294,1.556909,0.05858076,0.0607799,1.461063,0.8229636,286.5944,153.4793,184.4698
7,1.266669,-2.883094,0.6633158,-0.3669822,-1.088234,3.352621,-2.202722,-1.722744,0.5592619,0.543626,-1.043427,3.488012,2.252992,-1.502601,-0.147653,0.941126,-0.1196196,3.806426,-0.1611061,-0.3149594,0.03412433,-0.06331331,-0.8442961,1.558444,0.06178028,0.0566105,1.47235,0.8286376,287.7169,156.5884,180.9461
7,1.27778,-2.895891,0.7153585,-0.3720258,-1.09227,3.342365,-2.165447,-1.471969,0.5048782,0.6069163,-1.04574,3.47716,2.266117,-1.490469,-0.1158447,0.965629,-0.1081137,3.821742,-0.160199,-0.3106183,0.040448,-0.05478086,-0.8445928,1.559319,0.06446208,0.05212238,1.483871,0.8338835,288.683,158.7155,178.6728
7,1.288891,-2.898031,0.7451339,-0.377637,-1.09762,3.332552,-2.12897,-1.216153,0.4685455,0.6275531,-1.047402,3.467555,2.276083,-1.446444,-0.09265852,0.9886766,-0.09659552,3.842736,-0.1668249,-0.3158632,0.05540401,-0.06322892,-0.8456442,1.56042,0.06727944,0.04826369,1.494257,0.8398229,289.6671,161.4692,175.9254
7,1.300002,-2.885198,0.7388443,-0.3829173,-1.102527,3.323675,-2.093901,-1.060569,0.447187,0.6360694,-1.048592,3.45803,2.287411,-1.439608,-0.06792319,0.9215817,-0.0887099,3.858872,-0.1674747,-0.3285228,0.06932628,-0.06206388,-0.8463057,1.561853,0.07012796,0.04439622,1.504854,0.8452799,290.6554,163.1987,174.1882
7,1.311113,-2.872377,0.7141495,-0.4039755,-1.106119,3.31494,-2.058908,-0.8250966,0.4055395,0.6440596,-1.051099,3.449354,2.292172,-1.467536,-0.04320502,0.8900177,-0.08000243,3.877423,-0.1693861,-0.3380872,0.07581481,-0.0683924,-0.8471584,1.563377,0.07315517,0.04153584,1.513844,0.8518478,291.4127,164.3333,173.1064
7,1.322224,-2.832839,0.6673652,-0.4145128,-1.108452,3.305821,-2.024643,-0.6088983,0.3628188,0.6362303,-1.053414,3.441201,2.295997,-1.468192,-0.03803492,0.9326004,-0.06841128,3.897738,-0.1725342,-0.3412149,0.09510517,-0.08747376,-0.8486594,1.565951,0.07532512,0.03807281,1.523674,0.8577939,292.1243,164.7242,172.7134
7,1.333336,-2.766771,0.6322436,-0.4151618,-1.111827,3.298419,-1.992688,-0.4226501,0.3190315,0.6115401,-1.055857,3.434431,2.297817,-1.396697,-0.09689379,0.9711035,-0.05506139,3.90092,-0.1615663,-0.3527647,0.1197045,-0.09052122,-0.8495931,1.568961,0.07759226,0.03504634,1.532016,0.8641719,292.5516,163.1232,174.3964
7,1.344447,-2.67195,0.6121174,-0.4010297,-1.116002,3.290424,-1.961375,-0.3110223,0.3221495,0.5787992,-1.05658,3.42697,2.30151,-1.331735,-0.1430448,0.9872771,-0.04303988,3.870037,-0.1181495,-0.3855915,0.1358631,-0.06797194,-0.8494898,1.572085,0.08104878,0.03221339,1.540153,0.8701776,292.4923,160.8684,176.9637
7,1.355558,-2.602581,0.5817231,-0.3924669,-1.119757,3.283486,-1.932561,-0.2430782,0.3135644,0.5442476,-1.057469,3.420225,2.30542,-1.262025,-0.165856,1.040776,-0.02939917,3.84126,-0.07757655,-0.4270041,0.1564164,-0.06879391,-0.8500821,1.57532,0.08517055,0.02928758,1.548325,0.8763946,292.3215,159.5526,178.7737
7,1.366669,-2.490724,0.5297,-0.3779674,-1.122358,3.278099,-1.906186,-0.1526924,0.2719528,0.5234041,-1.059828,3.414789,2.30673,-1.185187,-0.1768862,1.055912,-0.01698884,3.774337,0.000113717,-0.4437208,0.1830261,-0.03346477,-0.8491063,1.579143,0.08817966,0.02761221,1.555395,0.8828638,291.3339,158.4965,180.9648
7,1.37778,-2.429995,0.5169669,-0.3766948,-1.126121,3.271819,-1.878512,-0.08238578,0.2623234,0.5218586,-1.061879,3.407948,2.308385,-1.173905,-0.1803346,1.115439,-0.003293798,3.089426,0.6977407,-0.4318499,0.187053,0.000581366,-0.8480064,1.581768,0.09081379,0.02505751,1.563013,0.8894744,290.9673,157.6234,182.4292
7,1.388891,-2.347912,0.5439996,-0.3557674,-1.13152,3.264954,-1.85273,0.02743483,0.2771893,0.5338699,-1.06351,3.399692,2.308039,-1.211733,-0.1560558,1.25025,-0.01680881,0.7911719,3.011245,-0.4051113,0.1845881,0.03349624,-0.8462732,1.584185,0.09276748,0.02324193,1.570074,0.8963116,290.4025,157.0731,183.7117
7,1.400002,-2.305275,0.594477,-0.3296974,-1.13861,3.258634,-1.825938,0.270878,0.1738137,0.6196141,-1.071409,3.392509,2.299389,-1.214602,-0.2159488,1.30859,-0.03326395,0.8673862,2.94854,-0.4168987,0.1836694,0.01755785,-0.8465337,1.586803,0.09612307,0.02160719,1.577069,0.9036173,290.1457,157.7116,183.7655
7,1.411114,-2.291492,0.6863317,-0.3049659,-1.148404,3.252894,-1.798507,0.503741,0.02997184,0.7193075,-1.081902,3.386184,2.289392,-1.225702,-0.2843914,1.393685,-0.05250688,0.9060553,2.923882,-0.4329535,0.1903169,-0.0153794,-0.847617,1.590086,0.09935002,0.02032514,1.583716,0.911069,290.0636,159.1914,183.0423
7,1.422225,-2.26707,0.8819247,-0.2493336,-1.164228,3.24717,-1.771994,0.6457968,-0.08616799,0.7801968,-1.092807,3.38072,2.279663,-1.210906,-0.2350025,1.554588,-0.07455786,0.8512169,2.991299,-0.4426926,0.1969943,-0.06858173,-0.8499761,1.593494,0.1023943,0.0187107,1.590084,0.9186997,290.1206,160.6304,182.4378
7,1.433336,-2.205323,1.024202,-0.2038018,-1.179609,3.242083,-1.74747,0.8433729,-0.2981829,0.8620642,-1.109017,3.377901,2.264418,-1.200275,-0.2615179,1.557695,-0.09263859,0.8574412,2.998462,-0.4352744,0.2098748,-0.10478,-0.852007,1.597457,0.1043368,0.01743677,1.596109,0.9260164,290.1165,161.1132,182.6843
7,1.444447,-2.136138,1.018163,-0.1674067,-1.191014,3.239251,-1.724977,0.9106261,-0.401526,0.8883058,-1.122207,3.374396,2.253303,-1.185575,-0.3980715,1.593259,-0.1129553,0.9129574,2.955842,-0.4318734,0.2558006,-0.1397522,-0.854251,1.603594,0.1049656,0.01682973,1.601289,0.9329924,289.7067,160.3535,184.2123
7,1.455558,-2.123424,1.071768,-0.1969937,-1.203151,3.233293,-1.699186,0.9591419,-0.3759973,0.8112329,-1.128454,3.371501,2.242972,-1.173421,-0.4960755,1.574656,-0.1314542,0.9568309,2.924833,-0.4507616,0.2805417,-0.132111,-0.8551463,1.608709,0.1068796,0.01577534,1.606504,0.9396957,288.8651,159.7991,185.8222
7,1.466669,-2.060415,0.991451,-0.1853141,-1.21146,3.230264,-1.677734,0.8830997,-0.3184886,0.7499303,-1.133183,3.367142,2.237716,-1.113135,-0.5628108,1.465207,-0.1456174,0.9901585,2.902701,-0.5051299,0.2947204,-0.1478368,-0.8566111,1.614042,0.1111856,0.01524899,1.610531,0.945841,287.2987,158.9789,188.1984
7,1.47778,-1.929181,0.7673243,-0.2448715,-1.212208,3.224811,-1.65877,0.8741701,-0.2940081,0.6881838,-1.138002,3.364066,2.230703,-1.046851,-0.5446621,1.383593,-0.1592901,1.001181,2.901403,-0.5478497,0.2801107,-0.1466743,-0.8578894,1.61764,0.1162329,0.01456072,1.614961,0.9519601,285.9083,159.0104,189.5143
7,1.488891,-1.823587,0.5995159,-0.3049046,-1.212305,3.219116,-1.640295,0.889826,-0.1704772,0.635784,-1.139136,3.357841,2.223036,-1.00545,-0.4943156,1.251216,-0.1691411,1.010555,2.901768,-0.5459734,0.2417146,-0.1393845,-0.8589994,1.619698,0.1208753,0.01372468,1.619569,0.9582801,284.7591,158.4054,191.1649
7,1.500003,-1.769222,0.5642203,-0.3226124,-1.217543,3.214305,-1.620434,0.9324734,-0.1150931,0.6375773,-1.142582,3.350949,2.214401,-0.9509963,-0.4155916,1.223297,-0.1824883,1.00355,2.917734,-0.5409067,0.2043626,-0.1342409,-0.8602703,1.621139,0.1256903,0.01342676,1.623282,0.9650109,284.1815,155.2062,194.3153
7,1.511114,-1.743655,0.5866793,-0.3174589,-1.225499,3.210437,-1.600433,1.026268,-0.1417494,0.6454682,-1.148955,3.34601,2.201562,-0.90634,-0.4264345,1.219575,-0.1966521,1.013701,2.916234,-0.555734,0.2140415,-0.1298839,-0.8612018,1.62487,0.1298981,0.01261852,1.62765,0.9713516,283.5529,152.6303,197.2832
7,1.522225,-1.657351,0.6357083,-0.3177735,-1.23421,3.206377,-1.583798,1.049635,-0.1939591,0.637889,-1.156305,3.342237,2.190936,-0.8864962,-0.4477593,1.188366,-0.2096249,1.030393,2.908672,-0.6044351,0.2580883,-0.133782,-0.862159,1.630983,0.1342976,0.01191992,1.631015,0.9773452,283.6155,144.8671,204.5465
7,1.533336,-1.511341,0.6066325,-0.3513212,-1.239723,3.201188,-1.570524,0.9875487,-0.1865201,0.5946338,-1.160874,3.338832,2.18349,-0.8939077,-0.4093343,1.176864,-0.2223452,1.031332,2.917799,-0.6087271,0.2570814,-0.1412383,-0.8636887,1.63474,0.1384894,0.01128122,1.634783,0.9829097,283.1365,139.8214,210.052
7,1.544447,-1.36638,0.5148616,-0.3747452,-1.242349,3.195795,-1.558584,0.9531243,-0.1833473,0.5458659,-1.165335,3.33621,2.175444,-0.7861358,-0.4289982,1.205462,-0.23744,1.037327,2.917237,-0.615057,0.2742437,-0.1581885,-0.8654602,1.63977,0.1420951,0.01132988,1.638005,0.9882436,282.302,136.9754,213.8881
7,1.555558,-1.30351,0.4521685,-0.3655481,-1.245697,3.191745,-1.544746,0.9901795,-0.1865933,0.5136585,-1.170124,3.333733,2.164767,-0.6882078,-0.4358462,1.200103,-0.2513406,1.046373,2.912721,-0.630848,0.2977785,-0.1537701,-0.8664195,1.645369,0.1459138,0.01193022,1.641552,0.9940117,281.4075,138.3334,213.7323
7,1.566669,-1.335564,0.4185568,-0.3141575,-1.249113,3.190115,-1.528613,1.164746,-0.1504354,0.492182,-1.173054,3.329603,2.147694,-0.6798625,-0.2879173,1.217564,-0.2644162,1.029791,2.935965,-0.6392729,0.280522,-0.09202624,-0.8649212,1.648392,0.1513482,0.01264319,1.644988,0.9999294,280.6236,144.8159,208.79
7,1.577781,-1.414455,0.4283963,-0.2856268,-1.254389,3.188253,-1.509581,1.378949,-0.08976313,0.5013084,-1.175538,3.323802,2.12754,-0.6847795,-0.2540042,1.247452,-0.2783685,1.027702,2.945663,-0.6287661,0.2516056,-0.07406842,-0.8648158,1.650705,0.156355,0.01294435,1.648141,1.005886,280.3611,149.6505,205.2289
7,1.588892,-1.548635,0.3939532,-0.3227566,-1.258531,3.183953,-1.486354,1.534505,-0.05571443,0.5034069,-1.1781,3.318206,2.107772,-0.6952466,-0.3254986,1.294185,-0.2953206,1.037178,2.944599,-0.6246505,0.2259532,-0.06247572,-0.8650656,1.652884,0.1616925,0.01354833,1.650944,1.011725,280.4108,156.2184,200.2147
7,1.600003,-1.527231,0.3113602,-0.3847575,-1.260014,3.177544,-1.467957,1.650542,-0.06214672,0.4919608,-1.181721,3.314046,2.087616,-0.7212334,-0.3605819,1.264472,-0.3091227,1.04906,2.941504,-0.6395999,0.2293172,-0.0773154,-0.8659737,1.65677,0.1669568,0.01424989,1.653188,1.017356,280.212,158.5043,199.0198
7,1.611114,-1.424886,0.2321491,-0.425383,-1.260406,3.171052,-1.453386,1.689054,-0.1697322,0.5194696,-1.190068,3.310912,2.06815,-0.6844887,-0.354519,1.309905,-0.3258953,1.051118,2.946238,-0.6691129,0.2946964,-0.1206113,-0.8679498,1.664472,0.1704969,0.01511986,1.655047,1.022936,279.8242,156.6687,201.2724
7,1.622225,-1.32052,0.2462214,-0.4029238,-1.264582,3.167952,-1.441351,1.616729,-0.07595015,0.5326893,-1.190979,3.303444,2.05569,-0.6575412,-0.287217,1.205465,-0.3365074,1.048425,2.954789,-0.6817714,0.3010712,-0.09709354,-0.8675476,1.669134,0.1756192,0.01577657,1.656472,1.028517,279.4128,151.3791,206.7471
7,1.633336,-1.293914,0.2591444,-0.3880817,-1.268404,3.164458,-1.426832,1.581772,-0.07805014,0.5617028,-1.195092,3.296872,2.041714,-0.6600629,-0.2572182,1.157663,-0.3480485,1.048236,2.962507,-0.6692308,0.2701007,-0.1015256,-0.8683652,1.671863,0.1808944,0.01649101,1.657742,1.033787,278.7723,147.1634,211.5934
7,1.644447,-1.303512,0.2783394,-0.3850774,-1.272781,3.160811,-1.410692,1.615945,-0.08765721,0.574254,-1.199488,3.291261,2.024371,-0.6279569,-0.2211686,1.152115,-0.3609143,1.045725,2.970512,-0.6310707,0.2388664,-0.09008849,-0.8688611,1.673965,0.1853605,0.017356,1.658265,1.038774,277.9432,140.3243,219.0801
7,1.655559,-1.281144,0.2708353,-0.3934451,-1.276757,3.156654,-1.395598,1.617182,-0.06739724,0.5987388,-1.20286,3.283965,2.008835,-0.6553728,-0.2869487,1.105287,-0.3728622,1.055401,2.969309,-0.6203778,0.2258577,-0.05396397,-0.8678278,1.676619,0.1902514,0.0187609,1.658428,1.04391,277.2217,132.7985,227.0167
7,1.66667,-1.141499,0.1915368,-0.4425259,-1.277326,3.149879,-1.385372,1.557949,-0.01515931,0.6587705,-1.20564,3.274275,1.996862,-0.7338262,-0.2981087,1.047508,-0.3831218,1.061269,2.974671,-0.6268983,0.1648327,0.03102469,-0.8646943,1.675624,0.1983107,0.02037872,1.658765,1.049015,276.3295,125.8399,234.4948
7,1.677781,-1.081838,0.1702285,-0.4464575,-1.279709,3.144939,-1.373843,1.555026,-0.01409,0.69821,-1.209597,3.265707,1.982496,-0.7855752,-0.1796265,1.042125,-0.39415,1.051379,2.9947,-0.6288991,0.1679308,0.05979673,-0.8629766,1.678091,0.203832,0.02270782,1.659309,1.054288,275.4095,120.68,240.2986
7,1.688892,-1.01252,0.1304293,-0.4875141,-1.281201,3.138071,-1.362796,1.589248,-0.06521845,0.719316,-1.215302,3.258045,1.966201,-0.7206825,-0.03582895,0.9706135,-0.4022508,1.036086,3.01445,-0.6489049,0.1710404,0.1163458,-0.8593872,1.679876,0.2106209,0.02458068,1.659721,1.059324,274.6968,115.7348,245.9892
7,1.700003,-0.9198426,0.1219633,-0.48407,-1.28366,3.132845,-1.35386,1.61817,-0.06202626,0.7414746,-1.219227,3.249792,1.949718,-0.6412715,0.05789971,0.895511,-0.4094424,1.024072,3.030543,-0.6647317,0.1742243,0.1494118,-0.8565413,1.681834,0.2172143,0.0270026,1.659659,1.063961,274.4774,115.5812,246.9608
7,1.711114,-0.7750465,0.1192142,-0.4358501,-1.285596,3.129739,-1.348909,1.507762,-0.04384315,0.7976338,-1.223221,3.238934,1.940042,-0.5485479,0.1389174,0.7626957,-0.4122701,1.012132,3.043506,-0.6764159,0.1828616,0.1420414,-0.8547069,1.684514,0.2234017,0.02918245,1.659256,1.068,274.5017,117.0354,246.518
7,1.722225,-0.6504389,0.09381737,-0.4172846,-1.286646,3.125724,-1.344716,1.395813,-0.04701674,0.7845328,-1.226593,3.231254,1.93109,-0.5440816,0.1276084,0.6101149,-0.4137801,1.014298,3.048778,-0.6774431,0.1989862,0.1186596,-0.853631,1.688215,0.2284297,0.03128757,1.658701,1.071932,274.2682,117.8428,247.0754
7,1.733337,-0.5194767,0.09098642,-0.379719,-1.28855,3.123227,-1.34263,1.348562,-0.1280016,0.7337835,-1.232629,3.226685,1.919302,-0.5456148,0.1523303,0.559091,-0.4183405,1.007045,3.061851,-0.6604258,0.202116,0.1058143,-0.8523591,1.691052,0.2334146,0.03326924,1.658206,1.075907,274.2112,117.6976,248.3447
7,1.744448,-0.4939635,0.08807768,-0.3487526,-1.290011,3.120707,-1.337494,1.329292,-0.1514434,0.7211499,-1.237528,3.220236,1.90723,-0.5636786,0.2380896,0.4359805,-0.4184359,0.9945586,3.080643,-0.6359687,0.1870763,0.1237217,-0.8503271,1.69377,0.2379369,0.03527647,1.65732,1.079405,274.2079,117.5542,249.5409
7,1.755559,-0.425846,0.02547634,-0.3224586,-1.289037,3.118037,-1.334066,1.260987,-0.1088228,0.7024272,-1.239582,3.212882,1.898237,-0.5122283,0.255881,0.4578774,-0.4239571,0.9852961,3.092994,-0.6083032,0.1664854,0.1586885,-0.8472048,1.694345,0.2433429,0.03722198,1.656377,1.082757,274.1715,115.4232,252.4586
7,1.76667,-0.283047,-0.06745961,-0.3490458,-1.286208,3.112273,-1.334124,1.043264,0.02756041,0.6388497,-1.236484,3.206159,1.896315,-0.4993373,0.219925,0.3808837,-0.4256381,0.9821589,3.100657,-0.6017505,0.1620705,0.2087083,-0.8429165,1.696298,0.2484061,0.03893342,1.655555,1.08608,273.8235,113.2088,255.3989
7,1.777781,-0.1722425,-0.1453181,-0.3609268,-1.283325,3.106478,-1.334165,0.9577743,0.08829528,0.5989206,-1.235535,3.199689,1.890433,-0.1836217,-0.002619974,-0.2902699,-0.4017336,1.003064,3.073997,-0.6113043,0.1620676,0.2246989,-0.8398321,1.697801,0.2547159,0.04070977,1.654678,1.08975,273.3282,112.4944,256.934
7,1.788892,-0.03592797,-0.2750484,-0.3339157,-1.276479,3.10183,-1.337341,0.905403,0.152208,0.5715372,-1.233632,3.193035,1.884555,-0.04189055,-0.03470121,0.1278587,-0.4180593,1.004726,3.068359,-0.6175146,0.1790964,0.2397077,-0.8361276,1.700067,0.260231,0.04217631,1.65368,1.09333,272.6046,117.5308,252.5841
7,1.800003,-0.02526379,-0.3219439,-0.3366518,-1.272499,3.096745,-1.335938,0.8977317,0.2075923,0.5385258,-1.231372,3.186698,1.876697,-0.2751985,0.1541483,0.05006234,-0.4148017,0.9851672,3.097572,-0.6089067,0.1800719,0.2652148,-0.8321212,1.702364,0.2652413,0.04368868,1.65253,1.096961,271.8443,129.6008,241.0975
7,1.811115,0.01950006,-0.3966409,-0.3497308,-1.266817,3.090756,-1.335859,0.8569853,0.2821442,0.4972048,-1.22712,3.180853,1.870812,-0.4045268,0.1431522,0.0151633,-0.4131367,0.9836833,3.108121,-0.5588133,0.1570775,0.3214028,-0.8265456,1.701564,0.27004,0.04497211,1.651386,1.100395,271.2703,152.6011,218.5829
7,1.822226,0.09612867,-0.4911995,-0.3220774,-1.259452,3.086305,-1.337835,0.7864947,0.3620554,0.4678171,-1.222175,3.174136,1.866637,-0.3933994,0.3015085,0.09448116,-0.4168582,0.9626188,3.132272,-0.4957664,0.1736279,0.3435732,-0.8217588,1.704215,0.2715926,0.04636705,1.650313,1.103895,271.0285,183.4406,188.3356
7,1.833337,0.1568162,-0.5549402,-0.3022063,-1.25208,3.081668,-1.339963,0.7223223,0.4270273,0.4287971,-1.216778,3.168375,1.86273,-0.4196302,0.4231223,0.08140123,-0.4167277,0.9425268,-3.12687,-0.4665835,0.2288108,0.3405216,-0.8170168,1.708712,0.2727146,0.04729483,1.648947,1.107082,271.1813,201.3367,170.8006
7,1.844448,0.161083,-0.5858723,-0.3061737,-1.245526,3.076217,-1.340183,0.6697361,0.4919978,0.3705155,-1.210123,3.163633,1.858569,-0.4091108,0.6585639,0.06837109,-0.417492,0.9057395,-3.08969,-0.4215845,0.2604412,0.3489899,-0.8122237,1.71319,0.273182,0.04839336,1.647557,1.110274,271.375,208.3336,164.1434
7,1.855559,0.1696006,-0.5825704,-0.294463,-1.240428,3.072046,-1.340888,0.6290572,0.4909248,0.3431045,-1.205872,3.158942,1.854581,-0.3302706,0.7709121,0.1223302,-0.4214261,0.8762769,-3.061862,-0.3418054,0.2330704,0.3794687,-0.807047,1.713725,0.2740742,0.04905653,1.646014,1.113072,271.3927,210.454,162.2579
7,1.86667,0.1865876,-0.5215169,-0.2587767,-1.237235,3.069532,-1.342571,0.5607195,0.4238293,0.3234352,-1.204561,3.154549,1.852157,-0.1993588,0.8781041,0.06490436,-0.4207113,0.8456732,-3.036371,-0.2715967,0.1938905,0.4419213,-0.800216,1.712402,0.2757389,0.04972704,1.644419,1.115806,271.3522,209.1684,163.6908
7,1.877781,0.1939719,-0.3933433,-0.2237313,-1.237809,3.068182,-1.344299,0.5060645,0.2928059,0.2823813,-1.206062,3.152645,1.848887,-0.08500803,0.8479413,0.01242861,-0.4194921,0.8278013,-3.022473,-0.2472906,0.1616478,0.4672536,-0.7943757,1.711717,0.2785603,0.05032278,1.642546,1.118156,271.2795,217.3682,155.8837
7,1.888893,0.1864768,-0.2972158,-0.1969328,-1.2381,3.066911,-1.34567,0.4373004,0.1958187,0.2008971,-1.206853,3.153346,1.845962,-0.01791906,0.7953069,0.03391644,-0.4209062,0.8142461,-3.011801,-0.2188977,0.1317777,0.425483,-0.7909461,1.71101,0.2805432,0.05068321,1.640806,1.119952,271.3468,249.6612,124.3785
7,1.900004,0.1831603,-0.1697365,-0.1224691,-1.240723,3.069097,-1.348332,0.4007047,0.1297602,0.1490006,-1.207044,3.153221,1.842573,0.09732851,0.7136025,0.08778864,-0.4245712,0.803024,-3.006627,-0.1756081,0.1114883,0.3613206,-0.7890217,1.711553,0.2810128,0.05102167,1.638765,1.12136,271.9243,269.9094,105.0438
7,1.911115,0.1904635,-0.1092214,-0.03031258,-1.240974,3.072668,-1.351769,0.3617815,0.05300587,0.06836221,-1.208568,3.15598,1.838873,0.1691312,0.6569477,0.05269757,-0.4239444,0.7902025,-2.998719,-0.1144786,0.05375363,0.2980179,-0.7882398,1.709263,0.2818349,0.05094316,1.636839,1.122229,272.7122,285.1319,91.16811
7,1.922226,0.2106311,-0.08429776,0.01529941,-1.24049,3.074447,-1.355431,0.3132771,0.02846722,-0.013313,-1.20786,3.158826,1.83589,0.06430708,0.3414919,-0.05725355,-0.418503,0.8040728,-3.008401,0.006758973,-0.0768925,0.2278202,-0.7892789,1.701568,0.2831627,0.05067253,1.634886,1.123384,273.1641,296.2782,81.45097
7,1.933337,0.2041846,-0.06373332,0.05025625,-1.239957,3.076241,-1.358099,0.2896028,0.008205486,-0.04722521,-1.208014,3.160789,1.832761,-0.07458167,0.1121878,-0.09940071,-0.4150228,0.8199993,-3.017099,0.07965031,-0.1412438,0.1942807,-0.7894632,1.69583,0.2836056,0.05069196,1.63312,1.124939,273.4891,302.3188,76.43621
7,1.944448,0.1860165,-0.03780152,0.08940813,-1.239702,3.078748,-1.360389,0.2631634,-0.009871315,-0.01826311,-1.208865,3.159597,1.831004,-0.1550041,0.01458668,-0.1085731,-0.413362,0.8264753,-3.018546,0.1359555,-0.1490185,0.1653101,-0.7889695,1.693334,0.2820272,0.05045775,1.631448,1.126511,272.8878,317.1805,62.28393
7,1.955559,0.1977537,0.03775995,0.08127339,-1.242378,3.079991,-1.363429,0.2374261,-0.0983007,-0.03931896,-1.212653,3.161836,1.828502,-0.04233646,-0.08035257,-0.196459,-0.4073571,0.8338011,-3.02877,0.1058908,-0.1732238,0.1546477,-0.7881849,1.689552,0.2846174,0.05030862,1.629911,1.127799,273.636,325.0905,55.74079
7,1.966671,0.204152,0.1826535,0.08207418,-1.249106,3.082484,-1.366708,0.2224282,-0.1867206,-0.04873108,-1.217538,3.164205,1.825726,0.005355775,-0.08580011,-0.2182806,-0.4041161,0.835885,-3.032361,0.07608601,-0.1665524,0.1451817,-0.7874025,1.686665,0.2868257,0.05042095,1.628444,1.128913,274.7612,325.6939,56.76674
7,1.977782,0.197758,0.2764945,0.09186134,-1.254834,3.084973,-1.369518,0.2116366,-0.2975101,-0.06455257,-1.224065,3.167412,1.822746,0.003054559,0.00991182,-0.1720179,-0.4045416,0.825806,-3.022554,0.05917595,-0.1450661,0.1378645,-0.7864847,1.685274,0.2877519,0.05017627,1.627069,1.130034,275.7353,325.7793,58.20753
7,1.988893,0.2052177,0.2817983,0.08969751,-1.257838,3.086641,-1.372588,0.2255419,-0.3049636,-0.05611923,-1.227533,3.168725,1.819307,-0.03232373,0.08763388,-0.1233835,-0.4053342,0.8165891,-3.01254,0.03824729,-0.09587008,0.1328225,-0.7850727,1.685604,0.28784,0.04992475,1.625965,1.131608,276.1904,325.6819,59.57448
7,2.000004,0.1828668,0.267821,0.07382996,-1.260473,3.087697,-1.37416,0.2843752,-0.3155905,-0.02028625,-1.231328,3.168433,1.814173,-0.04758124,0.1140864,-0.06559578,-0.4063179,0.8125728,-3.008012,0.03010941,-0.0478606,0.1341211,-0.7833726,1.686462,0.2871125,0.04969676,1.62464,1.133304,276.1873,325.6253,60.4949
7,2.011115,0.1679915,0.2270584,0.04326736,-1.261434,3.086885,-1.37502,0.2845824,-0.2665641,0.008437201,-1.232847,3.167596,1.811148,-0.06089697,0.1374079,-0.02381084,-0.4078147,0.8070989,-3.001877,0.003888085,0.004545294,0.1365653,-0.7813438,1.688269,0.2868422,0.04956806,1.623756,1.135038,276.3073,323.9736,62.85418
7,2.022226,0.1946737,0.1575084,0.0109303,-1.260823,3.085713,-1.377808,0.1941186,-0.1844977,0.01858115,-1.232056,3.16679,1.812575,-0.1287462,0.1209249,-0.09029788,-0.4045336,0.8048888,-2.996592,-0.03097341,0.03671779,0.1464128,-0.7789831,1.688841,0.287863,0.04919096,1.623296,1.136751,277.0824,324.037,63.64025
7,2.033337,0.1638214,0.1029664,-0.01415138,-1.260484,3.085075,-1.378568,0.1557521,-0.106726,0.01452211,-1.230761,3.166469,1.812279,-0.1290604,0.1285156,-0.1254103,-0.4023248,0.8002583,-2.991187,-0.09334016,0.09472226,0.1511282,-0.7762859,1.692157,0.2885716,0.04872126,1.62281,1.138373,277.9691,325.7752,62.85363
7,2.044448,0.1478624,0.04751013,-0.0210977,-1.259281,3.08485,-1.379864,0.1398101,-0.01616198,0.01669522,-1.228101,3.165408,1.811393,-0.0624877,0.1792324,-0.09712078,-0.4027797,0.7907162,-2.983894,-0.1238561,0.136478,0.1620442,-0.7735887,1.695593,0.2884177,0.04805504,1.622292,1.140235,278.147,327.5329,61.63208
7,2.055559,0.1287185,-0.04645102,-0.04474723,-1.255938,3.083208,-1.380042,0.1282515,0.05950465,0.03803021,-1.225518,3.163329,1.810968,-0.03081162,0.1482686,-0.1146228,-0.4010246,0.7885681,-2.983096,-0.1430313,0.1344703,0.169551,-0.7709846,1.696735,0.2899288,0.04773371,1.621684,1.142027,277.939,328.377,61.0028
7,2.06667,0.1138306,-0.09348886,-0.06244723,-1.253535,3.081342,-1.380215,0.1208881,0.09147519,0.05083895,-1.223708,3.161768,1.810407,-0.0456861,0.156858,-0.1144331,-0.400026,0.7831299,-2.977093,-0.1474128,0.1249938,0.1545941,-0.769759,1.697777,0.2908688,0.04777794,1.62129,1.143447,277.5872,325.8358,63.11438
7,2.077781,0.09679025,-0.1030717,-0.06134419,-1.252371,3.080064,-1.380519,0.1060624,0.08829857,0.06373138,-1.223288,3.160384,1.810154,-0.08840458,0.119787,-0.1076948,-0.4001357,0.7802649,-2.971864,-0.1452547,0.1238506,0.1684352,-0.7671049,1.698658,0.2918319,0.04764538,1.620939,1.145116,278.0886,322.95,66.36976
7,2.088892,0.07335056,-0.09770574,-0.05822774,-1.251941,3.079604,-1.380461,0.08693194,0.09256854,0.07025057,-1.222389,3.159042,1.810337,-0.1199934,0.1325911,-0.07748345,-0.4006023,0.7757304,-2.965239,-0.112952,0.1521855,0.2067985,-0.7630287,1.700942,0.2902918,0.04740788,1.621314,1.146384,279.0944,319.9534,70.02035
7,2.100003,0.07334732,-0.09882089,-0.06458986,-1.251147,3.078772,-1.380817,0.08162577,0.1042935,0.07240935,-1.220998,3.157718,1.809968,-0.09524102,0.1312799,-0.05113943,-0.4007764,0.7730613,-2.962385,-0.08713859,0.1785589,0.2185639,-0.7593594,1.703871,0.2882414,0.04724313,1.621228,1.147753,279.388,318.0596,72.16483
7,2.111114,0.07763878,-0.1170765,-0.08041899,-1.249599,3.076437,-1.381336,0.0838666,0.1106976,0.08836874,-1.219971,3.155752,1.80962,-0.08843358,0.0770757,-0.08978426,-0.3981271,0.7749527,-2.963397,-0.08825985,0.1732574,0.2142803,-0.7568011,1.705366,0.288198,0.04711143,1.621255,1.149153,278.8292,315.202,74.62589
7,2.122225,0.0787065,-0.1395482,-0.09191471,-1.247662,3.074816,-1.381488,0.08716457,0.1341459,0.1032434,-1.218105,3.15337,1.809411,-0.09764655,0.0791266,-0.05772556,-0.3987556,0.7722602,-2.959924,-0.09686059,0.1691478,0.1993601,-0.7548229,1.707366,0.2881636,0.04674987,1.621195,1.150875,277.8568,313.3598,75.6047
7,2.133336,0.0808731,-0.1323081,-0.115415,-1.246858,3.072463,-1.381707,0.091442,0.1277669,0.1053528,-1.217097,3.151692,1.80878,-0.1074717,0.08033289,-0.0810567,-0.3972744,0.7690035,-2.955367,-0.1109758,0.1437884,0.177985,-0.753387,1.707902,0.289447,0.04650044,1.621098,1.152411,277.6786,311.8653,76.84799
7,2.144447,0.05425532,-0.1068024,-0.1231327,-1.246965,3.07104,-1.381071,0.07235553,0.1043449,0.1193526,-1.217338,3.149702,1.809389,-0.08054547,0.1131988,-0.067333,-0.3973553,0.7620947,-2.948975,-0.1135029,0.107726,0.1448042,-0.7529156,1.707437,0.2911416,0.04643829,1.621141,1.153704,278.1099,311.9568,76.13545
7,2.155558,0.01802913,-0.09823391,-0.1179662,-1.246348,3.069343,-1.379632,0.04460013,0.1032777,0.1110202,-1.216496,3.148476,1.810388,-0.0525576,0.1321761,-0.0494365,-0.3978241,0.7567117,-2.944623,-0.1083025,0.09818928,0.1234494,-0.7519723,1.70821,0.2913954,0.04623789,1.621239,1.154969,278.6613,312.3542,75.43483
7,2.166669,0.01588977,-0.1226952,-0.1134824,-1.244437,3.067774,-1.379223,0.0307337,0.1320438,0.1078961,-1.214273,3.146823,1.811343,-0.02181659,0.09901296,-0.0498943,-0.3973133,0.7564645,-2.945177,-0.112544,0.096034,0.1351667,-0.7498492,1.708827,0.2922476,0.0464413,1.621351,1.156047,278.8332,313.6464,73.60604
7,2.17778,0.02547209,-0.1652797,-0.1109112,-1.241444,3.066474,-1.379497,0.03282903,0.1395018,0.1025451,-1.212553,3.145455,1.811327,-0.01625145,0.09676034,-0.02759174,-0.3978209,0.7543617,-2.943395,-0.1114145,0.1056368,0.1298845,-0.7481331,1.710376,0.2922814,0.04670683,1.62136,1.1569,278.4848,315.0103,72.02434
7,2.188891,0.01479008,-0.1725688,-0.09274987,-1.239382,3.06559,-1.379048,0.03159998,0.1597229,0.07803481,-1.210103,3.144885,1.811215,-0.03070345,0.05651261,-0.06809506,-0.3958293,0.7550392,-2.943235,-0.1008084,0.1056363,0.1096169,-0.7472867,1.71175,0.2918002,0.04704278,1.621144,1.157504,278.2404,315.9293,71.6245
7,2.200002,0.004127517,-0.175736,-0.08954909,-1.237666,3.064151,-1.378184,0.01772265,0.1959436,0.07383884,-1.206959,3.143303,1.812093,-0.07761692,-0.02287522,-0.1403968,-0.3910255,0.7601996,-2.945638,-0.1030519,0.09395377,0.1042442,-0.7461751,1.712058,0.2928188,0.04723978,1.621167,1.158303,277.9012,315.8414,72.00988
7,2.211113,0.01369278,-0.228891,-0.07732482,-1.233406,3.062813,-1.378186,0.03489092,0.2321741,0.09073819,-1.203628,3.14067,1.812091,-0.08805987,-0.03465382,-0.115835,-0.3905739,0.762046,-2.946213,-0.1167587,0.1111094,0.1043679,-0.7445421,1.713915,0.2931701,0.04781381,1.62139,1.158878,277.3382,315.9004,72.1059
7,2.222224,0.03395396,-0.2375063,-0.08785044,-1.230849,3.061105,-1.378793,0.049915,0.2151475,0.1076909,-1.202219,3.138301,1.811895,-0.09103157,-0.04647224,-0.08816297,-0.3904034,0.7642697,-2.947041,-0.1153763,0.1515871,0.1002919,-0.7426848,1.71758,0.2916233,0.04832102,1.621528,1.159782,276.9652,315.1535,72.66103
7,2.233335,0.02759731,-0.1705927,-0.1097825,-1.231543,3.059137,-1.378181,0.03503416,0.1512375,0.1142361,-1.203101,3.136867,1.812526,-0.09293821,-0.007065304,-0.08371611,-0.3898953,0.7605003,-2.942445,-0.1066959,0.1750023,0.08654385,-0.7412397,1.720827,0.2899772,0.04856804,1.621455,1.160453,276.8711,313.313,74.47893
7,2.244446,0.00842016,-0.05228922,-0.1055739,-1.235121,3.058805,-1.377489,0.01374192,0.05323692,0.1187231,-1.206133,3.136014,1.81339,-0.06688504,0.01184173,-0.04769416,-0.390404,0.7583615,-2.940987,-0.08858012,0.1748471,0.08861941,-0.7396696,1.723104,0.2886624,0.04874121,1.62173,1.161066,276.5125,311.8535,75.7019
7,2.255557,0.009472869,0.01810416,-0.0966302,-1.237685,3.058614,-1.377553,0.008326814,-0.02560463,0.1081704,-1.209493,3.136022,1.813519,-0.05099715,0.02782606,-0.06483173,-0.38936,0.7555178,-2.938499,-0.09172557,0.1791231,0.09078225,-0.7379731,1.725633,0.2878033,0.04887655,1.621822,1.161771,276.1568,311.2051,76.03277
7,2.266668,0.01054928,0.1427991,-0.09139096,-1.243363,3.058766,-1.378007,0.000693053,-0.1257602,0.08486661,-1.214458,3.137234,1.813348,-0.05620975,-0.03046697,-0.1310756,-0.384953,0.7594805,-2.941333,-0.1195116,0.1730031,0.08018804,-0.7368413,1.727873,0.2885793,0.04846668,1.621774,1.162414,275.8345,310.8465,75.89269
7,2.277779,0.006270275,0.1918768,-0.08436731,-1.246877,3.059145,-1.377924,-0.005764708,-0.1854193,0.07749963,-1.218368,3.137754,1.813677,-0.03086603,0.006444097,-0.06939275,-0.3866628,0.7572083,-2.940195,-0.1238083,0.1827787,0.04191561,-0.7367609,1.731088,0.2876019,0.04838103,1.621758,1.163135,275.6437,309.655,76.58608
7,2.28889,0.005189419,0.2324645,-0.0730246,-1.250841,3.059511,-1.378086,-0.01438592,-0.2301718,0.06374525,-1.222399,3.138536,1.81372,0.02199048,0.06357083,-0.03134619,-0.3881147,0.7507192,-2.936188,-0.1015836,0.1774274,0.007734276,-0.7373303,1.734187,0.285706,0.04816298,1.62158,1.163737,276.0622,309.2513,76.57129
7,2.300001,-0.004404664,0.2261462,-0.06448155,-1.253028,3.05909,-1.377642,-0.01978201,-0.2184547,0.05311541,-1.223814,3.138732,1.813909,0.03228021,0.01670915,-0.04870365,-0.3863741,0.7543681,-2.940625,-0.05613821,0.1334084,-4.739687E-05,-0.737351,1.733975,0.2847404,0.04822889,1.621221,1.164147,276.6025,309.5805,75.9778
7,2.311112,-0.003360301,0.1942967,-0.05246739,-1.254158,3.059117,-1.377646,-0.0101741,-0.1801027,0.05514858,-1.224261,3.137994,1.814003,-0.02035854,-0.06291855,-0.05595407,-0.3847266,0.7634318,-2.946944,-0.02523978,0.1331597,-0.0001373813,-0.7368775,1.735999,0.2824234,0.04818684,1.620826,1.164632,276.8329,309.6623,75.57983
7,2.322223,0.01898094,0.09218267,-0.03551382,-1.251727,3.058748,-1.378603,0.009899564,-0.0917035,0.02830631,-1.221938,3.138006,1.813174,-0.04371763,-0.05963798,-0.05356858,-0.384235,0.7647735,-2.947351,-0.02205411,0.1299165,0.001969464,-0.7364035,1.737827,0.2811467,0.04845306,1.620172,1.164903,276.919,310.8055,74.2073
7,2.333334,0.02321129,0.002826465,-0.02082881,-1.248748,3.058468,-1.378913,0.01930735,-0.007568582,0.0004744078,-1.21891,3.138246,1.81261,-0.03589289,-0.1084841,-0.09966818,-0.3809428,0.7711359,-2.953131,-0.02977085,0.1001789,-0.007724518,-0.7367305,1.737853,0.2816274,0.04863834,1.619271,1.164894,277.2661,312.2467,73.14912
7,2.344445,0.01678096,-0.07365678,0.00226271,-1.245553,3.059064,-1.379035,0.02351187,0.09469337,-0.01029084,-1.214448,3.137525,1.812483,-0.02733607,-0.07757463,-0.1102549,-0.3797646,0.7698916,-2.952201,-0.01732632,0.06285089,-0.02071641,-0.7375582,1.737277,0.2818455,0.04891372,1.618726,1.16493,277.3518,313.2995,72.30857
7,2.355556,0.04230796,-0.1576456,0.02118438,-1.241315,3.058998,-1.380231,0.03521875,0.1159956,-0.01251886,-1.212406,3.137229,1.811774,-0.03164539,-0.07860392,-0.1155429,-0.3782296,0.7714994,-2.95334,0.0123835,0.045543,-0.01767704,-0.7374964,1.737131,0.2806743,0.04907979,1.618121,1.165152,276.8862,315.2747,70.44515
7,2.366668,0.05085003,-0.1865356,0.007614696,-1.238401,3.058011,-1.380763,0.0588444,0.1618245,0.01391348,-1.209427,3.13516,1.810933,-0.05542766,-0.1573307,-0.1156435,-0.3760714,0.7832772,-2.963094,0.02948035,0.0474832,-0.006001655,-0.7370346,1.737763,0.2792854,0.04935759,1.617608,1.165499,276.3958,317.9174,67.63762
7,2.377779,0.04022962,-0.1462328,-0.01300327,-1.238593,3.057258,-1.380498,0.0482939,0.1288166,0.0299899,-1.209563,3.134191,1.81113,-0.07826385,-0.1222354,-0.07477221,-0.3765752,0.7833467,-2.961817,0.01906797,0.07630987,-0.00369709,-0.7364115,1.740158,0.2776836,0.04940001,1.617157,1.166128,276.239,320.5458,64.51821
7,2.38889,0.04343885,-0.03443245,-0.01935159,-1.24192,3.057591,-1.381155,0.04829168,0.06276897,0.03110923,-1.211281,3.134197,1.810602,-0.02064789,0.0008351617,-0.01731145,-0.3790722,0.7734057,-2.954223,-0.007281702,0.1030521,0.01887699,-0.7348871,1.742758,0.2767613,0.04953321,1.616652,1.166518,276.1541,322.4536,62.32779
7,2.400001,0.05727544,0.08707057,-0.01299402,-1.246567,3.058603,-1.382455,0.04922815,-0.1066227,0.01632871,-1.218244,3.136402,1.809358,0.05547386,0.09742415,-0.0144981,-0.3794392,0.7622414,-2.947137,-0.00319373,0.0677001,0.05172902,-0.7334665,1.741043,0.2777776,0.04948242,1.615998,1.16682,276.334,323.7617,60.55952
7,2.411112,0.05621773,0.1808019,-0.01492288,-1.251328,3.059372,-1.383275,0.04483347,-0.1694896,-0.001699233,-1.221978,3.138048,1.808408,0.07203877,0.08900715,-0.05731964,-0.3775734,0.7592449,-2.945719,0.003872975,0.01971428,0.0493588,-0.7333829,1.738881,0.2790458,0.04951692,1.615366,1.167024,276.5895,324.358,59.86591
7,2.422223,0.05193427,0.2043508,-0.003417373,-1.254126,3.060434,-1.383936,0.0383772,-0.193991,-0.01016202,-1.224537,3.139293,1.807839,0.03999614,0.08172928,-0.06341283,-0.3765683,0.7579018,-2.94377,0.007959492,0.002678821,0.03755242,-0.7335331,1.738003,0.2795289,0.04942999,1.614691,1.166872,276.8634,323.3317,60.99986
7,2.433334,0.07001729,0.1544292,0.01305362,-1.253905,3.061203,-1.385574,0.05856273,-0.1556428,-0.01885362,-1.223963,3.139527,1.806546,0.02116145,0.1030257,-0.04075614,-0.3773806,0.7527491,-2.938809,0.02069779,-0.003828265,0.04068232,-0.7330415,1.737509,0.2792774,0.04950698,1.613973,1.166952,276.8177,322.9774,61.22298
7,2.444445,0.08067633,0.09257526,0.007230597,-1.252801,3.060588,-1.386621,0.07349936,-0.1066399,-0.01686491,-1.223656,3.139575,1.805151,0.004426152,0.01696157,-0.07610996,-0.3749038,0.7585868,-2.943765,0.0281193,-0.01893145,0.06722663,-0.7315714,1.735684,0.2800351,0.04960312,1.613371,1.166952,276.7747,323.5936,60.51475
7,2.455556,0.07214856,0.07022386,0.009556932,-1.252805,3.060807,-1.387176,0.06710957,-0.07361206,-0.01684842,-1.22318,3.139618,1.804651,-0.01370741,0.006378027,-0.07383385,-0.3741187,0.7592965,-2.943712,0.03464374,-0.0008412376,0.05877855,-0.7309695,1.736209,0.2789051,0.0496419,1.612871,1.167074,276.7225,324.9267,59.1162
7,2.466667,0.04976545,0.07244935,0.02012665,-1.253671,3.061161,-1.387049,0.04365514,-0.07680713,-0.01988083,-1.224068,3.140179,1.804739,-0.03190916,-0.01163844,-0.0758543,-0.3732548,0.7602201,-2.94375,0.03708797,0.04071594,0.05257044,-0.7300854,1.738605,0.2766103,0.0497776,1.612352,1.167206,276.5374,327.3645,56.68881
7,2.477778,0.03483317,0.1055899,0.03258509,-1.255804,3.062457,-1.387326,0.02551042,-0.1119618,-0.02399057,-1.226619,3.141336,1.804853,-0.028102,-0.05522167,-0.1016447,-0.3709938,0.7646806,-2.947936,0.03185488,0.06109444,0.03031865,-0.7299889,1.740385,0.275124,0.04995451,1.611917,1.167231,276.3937,329.3555,54.75338
7,2.488889,0.02950396,0.12478,0.03240096,-1.257917,3.063206,-1.387728,0.02124736,-0.1247447,-0.02395095,-1.228344,3.142062,1.804528,-0.02062672,-0.07020887,-0.09325942,-0.3700265,0.7677984,-2.950829,0.01914974,0.08695409,-0.01107063,-0.7309732,1.743659,0.272905,0.05010713,1.611727,1.167234,276.2067,330.9144,53.24345
7,2.5,0.03057247,0.125861,0.03449748,-1.259239,3.063531,-1.388289,0.02124698,-0.1215456,-0.02395106,-1.229437,3.142538,1.804053,-0.01096489,-0.07774406,-0.08380612,-0.3692702,0.7700533,-2.953254,0.009754628,0.1201625,-0.03645023,-0.7314148,1.747307,0.2702807,0.05011416,1.611489,1.167361,276.0197,331.1695,52.81537
7,2.511111,0.03377952,0.1065871,0.02402952,-1.259715,3.063564,-1.388744,0.02550544,-0.1076966,-0.02505619,-1.229922,3.142948,1.803343,-0.01747539,-0.08086957,-0.09440522,-0.367667,0.772424,-2.955127,0.01184173,0.1105055,-0.0247788,-0.7309695,1.748611,0.2691239,0.04991947,1.611219,1.167409,275.9507,330.9811,52.80048
7,2.522222,0.02632068,0.08096259,0.01784579,-1.259855,3.063334,-1.388574,0.0233487,-0.08852443,-0.02931848,-1.230068,3.143522,1.80297,-0.03324436,-0.04992796,-0.08772653,-0.366811,0.7703491,-2.952275,0.01053305,0.07637264,-0.01640948,-0.7310169,1.747877,0.2695164,0.04968326,1.611006,1.167578,275.8424,330.9588,52.51525
7,2.533333,0.03271151,0.07461335,0.02112659,-1.260581,3.064106,-1.389477,0.0243636,-0.07467629,-0.03679507,-1.230065,3.144316,1.80246,-0.02362151,-0.03504422,-0.09095692,-0.3657649,0.7695774,-2.951638,0.00312677,0.07420793,0.003845483,-0.7301391,1.74869,0.2690227,0.04950514,1.610716,1.167749,275.7401,331.0464,52.15518
7,2.544444,0.0465745,0.08412115,0.012538,-1.261828,3.064205,-1.390482,0.03075534,-0.09384882,-0.03575978,-1.231685,3.145138,1.801698,-0.007136431,-0.00223997,-0.05689659,-0.3662587,0.7673236,-2.9501,-0.01402252,0.04755408,0.03679759,-0.7287788,1.747637,0.2704592,0.04940911,1.610369,1.167987,275.627,330.6763,52.1611
7,2.555555,0.05936121,0.1044077,0.0177103,-1.263519,3.065104,-1.391925,0.03075206,-0.101306,-0.03575271,-1.232966,3.145856,1.80117,0.0006300379,0.03175331,-0.04191786,-0.3665809,0.7631925,-2.946491,-0.01189215,0.04215168,0.04955266,-0.7277706,1.747713,0.2704059,0.04938059,1.610066,1.168143,275.7085,329.4629,53.24673
7,2.566666,0.07319692,0.1076811,0.02622465,-1.264709,3.065948,-1.393508,-0.01392875,-0.09489703,-0.02692925,-1.233731,3.14604,1.802822,-0.002941836,0.01162556,-0.0718092,-0.3643875,0.7651017,-2.94837,-0.007526154,0.05058192,0.06129537,-0.7265663,1.748495,0.2697132,0.04928257,1.609767,1.168204,275.8346,328.3604,54.3008
7,2.577777,0.0348409,0.1044957,0.02622073,-1.265694,3.066854,-1.39281,0.02120783,-0.1098134,-0.02929155,-1.23521,3.146939,1.801046,-0.02308652,0.01060247,-0.06308872,-0.3638666,0.7651784,-2.947662,-0.001092823,0.06123012,0.04960964,-0.7261519,1.749815,0.2686219,0.04925928,1.609603,1.168275,276.1032,327.7587,54.97462
7,2.588888,0.01780109,0.05543485,0.02025695,-1.264657,3.066736,-1.392377,0.01163102,-0.05015586,-0.02927372,-1.233793,3.146926,1.801207,-0.04002986,-0.0470042,-0.02800367,-0.3643567,0.77244,-2.953498,0.003130972,0.07095573,0.01235572,-0.7269412,1.751857,0.2669321,0.04919285,1.609465,1.168351,276.1085,328.3438,54.28048
7,2.599999,0.005015326,0.009629898,0.0217094,-1.263165,3.066532,-1.39205,-5.099084E-05,-0.004342787,-0.02497011,-1.232337,3.146687,1.801667,-0.03582879,-0.06302915,-0.02813668,-0.3634118,0.7765778,-2.957303,0.002038628,0.07638658,-0.009990038,-0.7275692,1.75352,0.2657387,0.04909071,1.609405,1.168372,275.9838,330.0949,52.31884
7,2.61111,-0.002442316,4.19952E-05,0.02178855,-1.262843,3.066775,-1.391893,-0.005427406,0.002043694,-0.03239583,-1.23195,3.147244,1.801728,-0.0244616,-0.08215003,-0.05389791,-0.3618053,0.7801376,-2.960789,-0.004588548,0.05416019,-0.03031288,-0.728618,1.753637,0.2658908,0.04896832,1.609419,1.16851,275.8761,332.6843,49.54291
7,2.622221,-0.0120306,0.0170834,0.02057113,-1.263457,3.067356,-1.391737,-0.02668843,-0.005395271,-0.02477971,-1.232113,3.14738,1.80257,-0.04592025,-0.1033366,-0.06016507,-0.3604967,0.785176,-2.964324,-0.00876458,0.05621835,-0.007914739,-0.7277588,1.754308,0.2656338,0.04891941,1.609433,1.168565,275.7437,333.5443,48.72815
7,2.633332,-0.006705563,0.01709405,0.02164652,-1.263797,3.067766,-1.391834,-0.01704722,-0.01498459,-0.01738271,-1.232874,3.147364,1.80259,-0.04337587,-0.0597618,-0.03869181,-0.3610187,0.7831148,-2.961933,-0.01278911,0.07530431,0.01882218,-0.72626,1.75605,0.2645842,0.0489741,1.609544,1.168552,275.514,332.6296,49.6101
7,2.644443,0.0007668268,0.02878523,0.01836102,-1.2645,3.068088,-1.392339,-0.003208503,-0.03203236,-0.01852868,-1.233726,3.147846,1.801993,-0.02019724,-0.04801124,-0.06977248,-0.3592477,0.7822096,-2.961745,-0.02111148,0.09015263,0.04555186,-0.7244927,1.75748,0.264029,0.04892064,1.609748,1.168541,275.4203,330.6295,51.58457
7,2.655554,0.002902437,0.030875,0.01408692,-1.264888,3.06823,-1.392477,1.562759E-06,-0.03416168,-0.01641824,-1.234146,3.14808,1.801796,-0.01982285,-0.04497527,-0.03566832,-0.3598858,0.7842913,-2.963649,-0.01782712,0.0975402,0.05516668,-0.7232379,1.759008,0.2629776,0.04887626,1.6098,1.168443,275.4215,328.7944,53.47401
7,2.666665,-0.001373079,0.03733112,0.02042444,-1.265495,3.069015,-1.392477,-0.01063538,-0.03735141,-0.01420786,-1.23458,3.148178,1.80217,-0.03850096,0.0007785112,-0.008651734,-0.3608935,0.7814042,-2.960019,-0.002900828,0.09956361,0.05300207,-0.7224591,1.760549,0.2613067,0.04875548,1.609983,1.168274,275.4983,326.1321,56.28724
7,2.677776,-0.01308765,0.05222478,0.01814139,-1.266476,3.069366,-1.392001,-0.02023443,-0.04267856,-0.01626747,-1.235116,3.148582,1.802559,-0.03610738,0.02520471,0.006346352,-0.3616786,0.7785043,-2.956989,0.01817954,0.07816388,0.03685987,-0.7226067,1.76076,0.2602875,0.04858994,1.610291,1.168184,275.4434,325.5917,56.75547
7,2.688887,0.01249407,0.06924738,0.0158931,-1.267791,3.069681,-1.393194,-0.03519305,-0.05013863,-0.02255095,-1.235805,3.149272,1.80324,-0.002917394,0.02818584,0.01987189,-0.3624104,0.7781027,-2.958033,0.02113236,0.06017714,0.004808081,-0.7235873,1.761224,0.2596047,0.04841892,1.610529,1.168024,275.2114,326.3403,55.84797
7,2.699998,0.044443,0.08208486,0.02222164,-1.268987,3.070478,-1.395039,-0.08748143,-0.1034069,-0.03493172,-1.238384,3.150808,1.805438,0.01978191,-0.02496492,-0.0285474,-0.3597739,0.7829731,-2.963402,0.01769942,0.04115254,-0.02297113,-0.7247888,1.761436,0.2594121,0.04805587,1.61079,1.167834,274.7184,329.1565,52.85373
7,2.711109,0.02315558,0.138524,0.01848671,-1.272495,3.071437,-1.39501,-0.08754644,-0.1492216,-0.04341607,-1.241311,3.152364,1.805899,0.01324096,-0.03874744,-0.03706416,-0.3588887,0.7852786,-2.96547,0.01856021,0.02096843,-0.03691637,-0.7257716,1.761093,0.2594318,0.04757489,1.611102,1.167413,274.4296,332.3601,49.70531
7,2.72222,0.003983587,0.1981977,0.0200405,-1.276665,3.072545,-1.394638,-0.1313248,-0.1737308,-0.05800983,-1.243737,3.154213,1.808019,-0.0006880611,-0.0397374,-0.04439627,-0.3579885,0.7865156,-2.966075,0.03215635,-0.007875324,-0.04347885,-0.7266158,1.759718,0.2596523,0.04735119,1.611403,1.167044,274.2833,333.7334,48.33466
7,2.733331,0.01998235,0.2024421,0.01893988,-1.278935,3.072818,-1.395586,-0.1834627,-0.181172,-0.04912321,-1.245644,3.154888,1.811486,-0.0009120107,-0.034306,-0.06887058,-0.3563831,0.7868245,-2.966329,0.03226838,-0.005884256,-0.01364354,-0.7257865,1.759333,0.2595059,0.04705471,1.611911,1.166743,274.1707,334.7341,47.24651
7,2.744442,0.03276812,0.1885803,0.01802574,-1.280411,3.073327,-1.396627,-0.2058104,-0.1737089,-0.04578065,-1.247213,3.1557,1.814258,0.01953286,-0.00459272,-0.06150062,-0.356014,0.7834091,-2.963988,0.02735469,0.02695165,0.03552097,-0.7235393,1.760661,0.2584182,0.04673104,1.612543,1.166333,274.0241,335.6995,46.01104
7,2.755553,0.03811824,0.1864225,0.01484238,-1.282371,3.073495,-1.39756,-0.2186447,-0.1630605,-0.05315712,-1.248411,3.156929,1.816579,0.04777429,0.0441604,-0.03068428,-0.3570516,0.7775405,-2.960099,0.02756676,0.03957009,0.07073281,-0.7215542,1.761119,0.257717,0.04640004,1.613065,1.165943,273.7076,336.8182,44.66933
7,2.766664,0.06689191,0.1799301,0.004295792,-1.284194,3.07355,-1.399124,-0.2453252,-0.1470831,-0.06044528,-1.249219,3.158144,1.819837,0.05581684,0.1089818,-0.001714788,-0.3586394,0.768396,-2.952415,0.03591674,0.01388658,0.08124136,-0.7205012,1.759698,0.2581162,0.04600828,1.61376,1.165272,273.2977,337.5918,43.74574
7,2.777775,0.07648288,0.1799095,0.002180189,-1.286185,3.073856,-1.400396,-0.2848976,-0.1438979,-0.08361305,-1.250271,3.160214,1.823611,0.06431301,0.1174973,-0.008155596,-0.3586101,0.7640513,-2.949319,0.0399618,-0.009541549,0.07153001,-0.7204037,1.758157,0.2586918,0.0456486,1.614671,1.164574,272.8246,339.2423,41.96041
7,2.788886,0.1265751,0.2053047,-0.01608082,-1.289425,3.073646,-1.403406,-0.3586084,-0.1311259,-0.1140132,-1.250709,3.162756,1.82902,0.06929782,0.1165539,-0.04123681,-0.3573078,0.7596355,-2.946126,0.047092,-0.0339044,0.02878271,-0.721836,1.756812,0.2589376,0.04521906,1.615556,1.163315,272.4473,338.7173,42.54099
7,2.799997,0.1382972,0.2393916,-0.01637678,-1.293272,3.074112,-1.405504,-0.4172803,-0.1321925,-0.1253276,-1.251763,3.164938,1.834922,0.1062979,0.1261183,-0.07353284,-0.3557259,0.7536865,-2.942991,0.06491391,-0.05517901,-0.008654457,-0.7233822,1.755612,0.2585874,0.04485247,1.616359,1.162373,272.1081,337.9864,43.28877
7,2.811108,0.1798894,0.295642,-0.03919537,-1.29866,3.07389,-1.408754,-0.5293963,-0.1428584,-0.1628999,-1.252772,3.16848,1.843165,0.1389506,0.1357371,-0.114307,-0.3535464,0.7469139,-2.939311,0.08177982,-0.0755302,-0.01412709,-0.7241295,1.753507,0.2586704,0.04441047,1.617704,1.160506,271.8174,327.4353,53.95231
7,2.822219,0.2150635,0.3211055,-0.05001829,-1.303025,3.073822,-1.412243,-0.6317926,-0.1875978,-0.1802724,-1.255326,3.171976,1.852185,0.1692246,0.1294603,-0.172169,-0.3500757,0.7412912,-2.936898,0.1125484,-0.1025477,0.01654799,-0.7233284,1.750113,0.2590566,0.04399835,1.618984,1.158807,271.4673,316.4038,64.829
