loc,t,aDotS,bDotS,gDotS,aS,bS,gS,qE,qDotE,tpad,enable,emgA,emgB,aDotSH,bDotSH,gDotSH,aSH,bSH,gSH,aDotUB,bDotUB,gDotUB,aUB,bUB,gUB,xHand,yHand,zHand,aHand,bHand,gHand
0,0,-0.2937607,-0.03209472,0.6101229,-1.003525,3.75734,-2.906618,-1.044986,-0.02830957,0,0,9.452591,10.42033,-0.2579216,0.2005183,-0.219667,-0.3581366,3.708277,-0.1756629,-0.125512,0.252755,0.146272,-0.9552413,1.689966,-0.01036422,0.2147204,1.148015,0.722165,312.9907,298.4891,27.29192
0,0.01111111,-0.2799658,-0.03873268,0.5824546,-1.008909,3.759704,-2.905185,-1.04627,-0.1172505,0,0,9.951125,10.21505,-0.2845918,0.1515609,-0.2088744,-0.3600173,3.707523,-0.1708783,-0.1149844,0.21545,0.1430243,-0.9538063,1.691729,-0.01049365,0.2105843,1.146725,0.7229732,314.5981,296.5881,28.56132
0,0.02222222,-0.2790337,-0.02516651,0.5546125,-1.014093,3.761,-2.90279,-1.046333,-0.004893777,0,0,10.62561,9.980451,-0.3197699,0.1324757,-0.2064886,-0.3623795,3.708909,-0.1674953,-0.1119184,0.2090326,0.1323489,-0.9527182,1.694333,-0.01086144,0.2066281,1.144089,0.7225724,315.2201,296.5035,27.852
0,0.03333334,-0.2727523,-0.01043537,0.5352641,-1.019385,3.76217,-2.900593,-1.045354,0.08929359,0,0,11.2219,9.784947,-0.352732,0.1560057,-0.2072406,-0.3651673,3.715474,-0.1687437,-0.1100753,0.2079308,0.1046264,-0.9525722,1.697402,-0.01153335,0.2029571,1.140592,0.7212669,315.7021,297.0449,26.32847
0,0.04444445,-0.251595,0.007462978,0.507316,-1.024084,3.762655,-2.898784,-1.044679,0.06078916,0,0,11.67155,9.63832,-0.3280502,0.1750918,-0.1914322,-0.3671604,3.721856,-0.1718993,-0.1113296,0.1961915,0.08974394,-0.9520944,1.699607,-0.01153522,0.199656,1.136791,0.7194217,316.3523,297.6479,24.68626
0,0.05555556,-0.220832,0.01896904,0.4762089,-1.028494,3.763303,-2.897689,-1.044773,-0.009136566,0,0,11.96481,9.481916,-0.2810982,0.189873,-0.1864706,-0.3695157,3.727753,-0.1758965,-0.1146251,0.1876808,0.08232863,-0.9514521,1.702067,-0.01157436,0.1966797,1.133234,0.7175863,317.0862,298.2578,23.13783
0,0.06666667,-0.1825371,0.003777459,0.4368367,-1.031994,3.764946,-2.897844,-1.045429,-0.05994669,0,0,12.06256,9.345064,-0.2447927,0.194019,-0.1771724,-0.3715344,3.732883,-0.1790723,-0.1146225,0.1844865,0.08339898,-0.9505227,1.70446,-0.01167237,0.1939667,1.130352,0.7161817,317.6931,298.7731,21.87887
0,0.07777778,-0.1527341,-0.0134569,0.408162,-1.035406,3.766788,-2.898031,-1.045959,-0.04807986,0,0,11.93548,9.247313,-0.2318809,0.2003605,-0.1644908,-0.3734524,3.738827,-0.1824478,-0.108381,0.1791131,0.07055879,-0.950145,1.706602,-0.01195786,0.1915638,1.128446,0.7153389,318.0204,299.0987,21.02414
0,0.08888889,-0.1080505,-0.04154339,0.3561122,-1.037178,3.769141,-2.899604,-1.046507,-0.04988519,0,0,11.62268,9.188662,-0.2072389,0.1938593,-0.1444684,-0.3747078,3.743187,-0.1848897,-0.1106518,0.1695151,0.05994441,-0.9498761,1.708562,-0.01176931,0.1895006,1.127577,0.7150766,318.027,299.2345,20.60874
0,0.1,-0.0655053,-0.07175969,0.3030131,-1.038112,3.771451,-2.901308,-1.046216,0.02676826,0,0,11.12415,9.159335,-0.1751062,0.1862863,-0.1223723,-0.3756399,3.747729,-0.188375,-0.09476404,0.1598877,0.05339343,-0.9495783,1.710564,-0.01241566,0.1878121,1.127602,0.7152442,317.7518,299.1749,20.61585
0,0.1111111,-0.0368295,-0.09567002,0.2477727,-1.038689,3.773808,-2.902896,-1.046996,-0.0718018,0,0,10.52786,9.149561,-0.1494509,0.1798098,-0.1098104,-0.3767323,3.752049,-0.1916435,-0.08740707,0.149192,0.04586611,-0.949442,1.711993,-0.0126106,0.1864521,1.128223,0.7157243,317.3035,299.0197,20.89748
0,0.1222222,-0.009240966,-0.1099586,0.1956338,-1.038755,3.775837,-2.904726,-1.0469,0.00913286,0,0,10.06843,9.090909,-0.1098546,0.1455622,-0.07823461,-0.3766455,3.753157,-0.1928475,-0.08227373,0.1235917,0.03413418,-0.9494968,1.712515,-0.0121813,0.1854777,1.129139,0.7162557,316.8102,298.7112,21.36262
0,0.1333333,0.00448825,-0.1060025,0.1614621,-1.039373,3.777229,-2.905837,-1.046393,0.04600308,0,0,9.726295,9.032258,-0.09373996,0.1327085,-0.05920682,-0.3768991,3.756114,-0.1951056,-0.07786883,0.1161634,0.04900369,-0.948586,1.714154,-0.01243776,0.1848979,1.130036,0.716727,316.3868,298.3927,21.82771
0,0.1444445,0.001088349,-0.08730085,0.1165345,-1.039034,3.777563,-2.90594,-1.046432,-0.004169587,0,0,9.501467,8.963832,-0.0691587,0.1262349,-0.04770179,-0.3772464,3.759161,-0.1980257,-0.06289676,0.108678,0.05631461,-0.9477269,1.715365,-0.01292778,0.1846506,1.130647,0.7171382,316.0951,298.1656,22.19757
0,0.1555556,0.006181085,-0.051435,0.08098599,-1.038922,3.776933,-2.905833,-1.045767,0.06066694,0,0,9.345064,8.905182,-0.04144569,0.1123104,-0.04263241,-0.3778844,3.761178,-0.2003935,-0.05655751,0.09907211,0.05306659,-0.9473152,1.716403,-0.01320342,0.184708,1.130837,0.7174086,315.9512,298.0659,22.43788
0,0.1666667,0.03154721,-0.02507183,0.04654299,-1.038438,3.77628,-2.906672,-1.045003,0.06916869,0,0,9.208211,8.86608,-0.01367563,0.09623745,-0.02903894,-0.3778461,3.762607,-0.2025393,-0.04942814,0.06918508,0.02960217,-0.9477684,1.716148,-0.01275441,0.1849756,1.130576,0.7175326,315.978,298.1563,22.49294
0,0.1777778,0.06231349,-0.004909519,0.02813124,-1.038288,3.775488,-2.907998,-1.045051,-0.00498857,0,0,9.081134,8.875856,0.0140567,0.04925995,-0.01017071,-0.3770823,3.759867,-0.201034,-0.04850918,0.05746038,0.01895368,-0.9479474,1.716726,-0.01253816,0.1854005,1.129982,0.717522,316.1798,298.3411,22.39424
0,0.1888889,0.1409598,0.01630356,-0.007475607,-1.037442,3.7745,-2.911551,-1.045869,-0.07482825,0,0,8.983382,8.82698,0.01192578,0.009830545,0.001496337,-0.3765017,3.756683,-0.1981378,-0.05511302,0.04893105,0.000934406,-0.948382,1.717187,-0.01198715,0.1859131,1.129212,0.7174618,316.4587,298.5835,22.20296
0,0.2,0.1760105,0.02901359,-0.0268888,-1.036731,3.77346,-2.914062,-1.046297,-0.03866481,0,0,8.885631,8.690126,0.01628868,0.007670425,0.01424126,-0.3759718,3.757366,-0.1990641,-0.05831712,0.05000333,-9.872252E-05,-0.9484145,1.717911,-0.01164734,0.1865295,1.128425,0.7173267,316.725,298.7945,22.01464
0,0.2111111,0.2195095,0.05551691,-0.05392982,-1.035573,3.771585,-2.916878,-1.048326,-0.185476,0,0,8.80743,8.455523,0.03551308,0.01400499,0.01728838,-0.3757917,3.758455,-0.2012098,-0.0562556,0.05423392,-0.007582619,-0.9486595,1.718614,-0.01150193,0.1872434,1.127695,0.7171601,316.9438,298.9765,21.84718
0,0.2222222,0.2426948,0.1000321,-0.08429036,-1.034287,3.768275,-2.918544,-1.047104,0.1129535,0,0,8.739002,8.123168,0.04201069,0.02462562,0.02684073,-0.3753363,3.760369,-0.2036778,-0.0552245,0.04996639,-0.009717215,-0.9488497,1.719152,-0.01121644,0.1882079,1.127048,0.7168893,317.0598,299.0296,21.76373
0,0.2333333,0.2531861,0.1297024,-0.1027395,-1.033079,3.765247,-2.920127,-1.047243,-0.01421995,0,0,8.699903,7.771261,0.04753514,0.04055448,0.04492142,-0.3746056,3.763117,-0.2069955,-0.05623027,0.04572231,-0.002246896,-0.9486792,1.719641,-0.01072109,0.1894262,1.126423,0.7166531,317.1941,299.155,21.6642
0,0.2444444,0.2421512,0.186619,-0.1586891,-1.030554,3.760076,-2.919618,-1.046486,0.06921368,0,0,8.690126,7.42913,0.07441717,0.0734771,0.06499693,-0.3736388,3.76915,-0.2142923,-0.05717517,0.02764132,0.013773,-0.9479825,1.719293,-0.009848103,0.1909533,1.125861,0.7164946,317.3636,299.3207,21.56654
0,0.2555556,0.2323712,0.2085712,-0.1961731,-1.027936,3.755769,-2.919684,-1.04586,0.0564363,0,0,8.699903,7.106549,0.1118853,0.09145968,0.08176583,-0.3725107,3.774277,-0.2216,-0.04866384,0.01165647,0.01795787,-0.947827,1.719059,-0.009248359,0.1927888,1.125383,0.7165232,317.5497,299.5772,21.48954
0,0.2666667,0.2203535,0.2367261,-0.2539448,-1.024071,3.750855,-2.919212,-1.0446,0.1145976,0,0,8.709679,6.80352,0.164263,0.09128459,0.1026489,-0.3708431,3.777872,-0.2286808,-0.03291209,-0.005459617,0.0007732287,-0.9483687,1.718294,-0.00895408,0.194911,1.125051,0.7167338,317.7586,299.8611,21.46661
0,0.2777778,0.2063348,0.2511171,-0.2966873,-1.020108,3.745863,-2.9183,-1.044493,0.008772545,0,0,8.739002,6.637341,0.1524837,0.06042267,0.1037665,-0.3695482,3.777758,-0.2299176,-0.01851971,-0.04711175,-0.03766428,-0.9501078,1.715915,-0.007827297,0.1973291,1.124997,0.7171705,318.0036,300.1395,21.48194
0,0.2888889,0.1889488,0.2746749,-0.3821049,-1.014171,3.739814,-2.916716,-1.044228,0.02427145,0,0,8.778104,6.617791,0.1205262,-0.01304733,0.1273481,-0.3668781,3.772054,-0.2247729,-0.01457815,-0.08231382,-0.0589558,-0.9514228,1.713396,-0.006297577,0.1999396,1.12525,0.7179133,318.2219,300.3862,21.64639
0,0.3,0.1813277,0.282718,-0.4258474,-1.009062,3.734429,-2.915602,-1.043791,0.03968526,0,0,8.80743,6.705768,0.1249053,-0.05677714,0.1549353,-0.3639891,3.768535,-0.2230491,-0.0008448623,-0.09407996,-0.066538,-0.9523171,1.711742,-0.005704225,0.2026898,1.125864,0.7189113,318.4079,300.5668,21.95118
0,0.3111111,0.169339,0.303323,-0.4899446,-1.002605,3.727859,-2.91354,-1.043666,0.01106466,0,0,8.82698,6.891496,0.1569229,-0.1080292,0.1780266,-0.3606804,3.76259,-0.2202392,0.01811158,-0.1250441,-0.07947977,-0.9536588,1.70888,-0.004870389,0.2055275,1.126861,0.7201518,318.5612,300.683,22.30902
0,0.3222222,0.169339,0.303323,-0.4899446,-1.002605,3.727859,-2.91354,-1.043833,-0.01531848,0,0,8.82698,7.067449,0.1569229,-0.1080292,0.1780266,-0.3606804,3.76259,-0.2202392,0.01811158,-0.1250441,-0.07947977,-0.9536588,1.70888,-0.004870389,0.2084663,1.128287,0.7216687,318.6885,300.7041,22.73886
0,0.3333333,0.1295041,0.3513741,-0.569155,-0.9902864,3.713089,-2.907134,-1.042191,0.1503476,0,0,8.817204,7.243402,0.1889703,-0.1496964,0.2011313,-0.354716,3.753113,-0.2166364,0.02541492,-0.1399958,-0.09018648,-0.95598,1.704479,-0.00310205,0.2113506,1.129984,0.7233779,318.5844,300.8169,23.43406
0,0.3444445,0.1016,0.3742776,-0.6108572,-0.9832619,3.704844,-2.902695,-1.044233,-0.187925,0,0,8.80743,7.458456,0.1988391,-0.1828168,0.2446833,-0.349525,3.746577,-0.2131392,0.041346,-0.1464313,-0.09247737,-0.9570927,1.70229,-0.00280857,0.213818,1.131685,0.7249992,318.4849,300.9198,24.10679
0,0.3555556,0.04803902,0.4043294,-0.6738648,-0.9748437,3.695269,-2.895765,-1.04337,0.08077613,0,0,8.80743,7.732161,0.2076736,-0.2020912,0.2893224,-0.3439654,3.740922,-0.210365,0.04653145,-0.1667018,-0.1010265,-0.9586112,1.698988,-0.001679656,0.216703,1.133942,0.7265069,318.6496,300.4382,24.39226
0,0.3666667,0.01902045,0.4270661,-0.7315406,-0.9660899,3.685437,-2.889253,-1.042487,0.07985232,0,0,8.836755,8.035191,0.2046241,-0.2276884,0.3148749,-0.3387988,3.73336,-0.2054442,0.05176911,-0.1922923,-0.1021031,-0.9597569,1.694939,-1.837581E-05,0.2199965,1.136605,0.7282781,318.6098,300.2424,24.80424
0,0.3777778,0.006043658,0.4274497,-0.7932987,-0.9562447,3.676327,-2.883519,-1.040914,0.1433795,0,0,8.895406,8.377321,0.1972513,-0.2298223,0.3255841,-0.3343002,3.727703,-0.2020404,0.05262294,-0.2264028,-0.1137713,-0.9614416,1.690201,0.002034921,0.2235384,1.139549,0.7303861,318.5521,300.2356,25.47137
0,0.3888889,0.005898654,0.4161621,-0.8549722,-0.9458371,3.667636,-2.87858,-1.041683,-0.07124678,0,0,9.002934,8.729228,0.2049287,-0.2480085,0.3574465,-0.3284583,3.720493,-0.197851,0.05657498,-0.2488241,-0.1372142,-0.9639631,1.68567,0.003818973,0.2272161,1.142822,0.7328358,318.6245,300.2416,26.25152
0,0.4,0.007940024,0.4104812,-0.8900788,-0.9359621,3.658777,-2.873467,-1.042516,-0.07519194,0,0,9.276637,9.120235,0.2287138,-0.2779894,0.4083381,-0.3210366,3.710873,-0.1923231,0.06288919,-0.2563032,-0.1425951,-0.9657549,1.681984,0.004954545,0.2309867,1.146513,0.7355092,318.6891,300.1234,27.14421
0,0.4111111,0.0002960265,0.4227397,-0.9391791,-0.9256125,3.648308,-2.866979,-1.043405,-0.08073284,0,0,9.687196,9.550343,0.2574556,-0.2791235,0.4059689,-0.3159819,3.70355,-0.1894442,0.07662123,-0.261683,-0.1523202,-0.9678806,1.678156,0.005651228,0.234869,1.150598,0.7382258,318.6669,299.8264,28.18841
0,0.4222222,0.001235306,0.4406446,-0.9596076,-0.9160272,3.637465,-2.860478,-1.04359,-0.01621057,0,0,10.2346,10,0.3070654,-0.2823536,0.3522986,-0.313665,3.69479,-0.1863435,0.05813311,-0.2947234,-0.1797661,-0.9710215,1.672245,0.00907632,0.2388591,1.154944,0.7408799,318.5662,299.4392,29.33697
0,0.4333333,-0.02562544,0.4904509,-0.9760193,-0.9070529,3.624018,-2.850853,-1.043329,0.02404741,0,0,10.87977,10.42033,0.3388713,-0.2973251,0.3381625,-0.3098305,3.68409,-0.1812824,0.01957303,-0.3478944,-0.1856616,-0.9734972,1.664807,0.01470997,0.2429394,1.15941,0.743369,318.449,299.1064,30.44506
0,0.4444444,-0.0663628,0.564901,-0.9734647,-0.8996499,3.60864,-2.838957,-1.043661,-0.03045299,0,0,11.52493,10.75269,0.3904993,-0.3455186,0.4122296,-0.3010938,3.669523,-0.1738152,-0.00587523,-0.3467268,-0.1747483,-0.9750227,1.660606,0.01806396,0.247107,1.16398,0.7456829,318.4306,298.8998,31.3969
0,0.4555556,-0.04834145,0.5948582,-0.9674339,-0.8920098,3.59482,-2.830614,-1.042346,0.1205985,0,0,12.14076,10.98729,0.4121928,-0.4087549,0.6079661,-0.2851947,3.653413,-0.1638291,-0.03923076,-0.3445585,-0.2063591,-0.9787639,1.656169,0.02238946,0.2513122,1.168684,0.7477909,318.4908,298.8836,32.20193
0,0.4666667,0.1999848,0.5389877,-0.9974253,-0.8812491,3.586366,-2.838432,-1.041401,0.08555094,0,0,12.73705,11.12415,0.387022,-0.4537506,0.7998552,-0.2675465,3.638269,-0.1521845,-0.06518307,-0.3988424,-0.2294341,-0.9824833,1.648734,0.02819595,0.2554517,1.173775,0.7496263,318.6689,299.2027,32.7738
0,0.4777778,0.2084773,0.532432,-1.017609,-0.8716435,3.574646,-2.833363,-1.044186,-0.2550333,0,0,13.20626,11.1828,0.3032214,-0.5052114,1.118999,-0.2405761,3.621611,-0.1354779,-0.05487347,-0.4393815,-0.2507946,-0.9863049,1.641182,0.03257392,0.2592629,1.179402,0.7513804,318.8086,299.6318,33.36336
0,0.4888889,0.1090499,0.6225235,-1.027824,-0.8638032,3.556687,-2.819023,-1.057027,-1.172043,0,0,13.51906,11.20235,0.2108099,-0.4212493,1.385164,-0.2147978,3.631063,-0.1429007,-0.0350906,-0.4809986,-0.2828874,-0.9908179,1.633515,0.03635401,0.2626494,1.185447,0.7530929,318.7603,299.5944,34.34859
0,0.5,0.05648175,0.7224354,-1.031891,-0.8567315,3.536768,-2.804708,-1.046824,0.9416273,0,0,13.63636,11.23167,0.2177433,-0.3158614,1.420444,-0.1986558,3.647491,-0.1615974,-0.0157122,-0.5087063,-0.2564146,-0.9928477,1.625664,0.04009496,0.2662222,1.191316,0.7540601,318.278,298.3798,36.03159
0,0.5111111,-0.03245035,0.8864377,-1.006674,-0.8530925,3.511348,-2.784119,-1.039919,0.6221411,0,0,13.53861,11.21212,0.2910577,-0.1966323,1.359316,-0.1868879,3.673963,-0.1936973,0.01915486,-0.5214708,-0.1800451,-0.9919039,1.617967,0.04278874,0.2702731,1.19641,0.7549023,317.8513,297.5818,37.17721
0,0.5222223,-0.1052191,0.986425,-0.9957579,-0.8485998,3.48841,-2.765191,-1.040943,-0.09757699,0,0,13.27468,11.16325,0.3719084,-0.1721237,1.207412,-0.1796718,3.674852,-0.2019914,0.04416202,-0.5193403,-0.1334321,-0.9917649,1.611219,0.04504311,0.2746772,1.200912,0.7562994,317.7878,297.7756,37.58804
0,0.5333334,-0.1373158,1.034366,-0.9844348,-0.8440314,3.46641,-2.747798,-1.039007,0.1786715,0,0,12.9521,11.17302,0.4005936,-0.1858177,1.07292,-0.1728599,3.668109,-0.2010431,0.07568027,-0.4841879,-0.08375226,-0.9907492,1.606474,0.04549505,0.2793703,1.205295,0.7582172,317.8879,298.3797,37.82137
0,0.5444446,-0.1662481,1.113452,-0.9489486,-0.841585,3.442521,-2.729139,-1.03943,-0.03971203,0,0,12.62952,11.08504,0.4185689,-0.238707,0.8191465,-0.1728439,3.638681,-0.1771135,0.08861281,-0.4533294,-0.07861497,-0.9918523,1.601833,0.04654034,0.284202,1.209942,0.7607402,317.8493,299.2037,38.11618
0,0.5555557,-0.1547136,1.213175,-0.8903478,-0.8419552,3.416549,-2.710801,-1.041003,-0.1433049,0,0,12.30694,10.86999,0.461412,-0.2480189,0.5918689,-0.1746943,3.618618,-0.1642134,0.07991794,-0.4671761,-0.09128379,-0.9937063,1.594952,0.04976756,0.2889631,1.215106,0.7634898,317.6918,299.7728,38.84705
0,0.5666668,-0.1431937,1.312831,-0.8381422,-0.843299,3.389637,-2.691981,-1.041624,-0.05532503,0,0,12.00391,10.53763,0.5626004,-0.236331,0.4568321,-0.174241,3.607671,-0.1637759,0.09676547,-0.4598107,-0.111718,-0.9961352,1.589024,0.05125307,0.2934908,1.220832,0.7661039,317.3639,300.0376,39.89511
0,0.577778,-0.1603432,1.378091,-0.8057263,-0.8443882,3.363668,-2.672552,-1.043665,-0.1857545,0,0,11.73998,9.970675,0.6564063,-0.3344255,0.3664187,-0.172069,3.565695,-0.1331913,0.1284239,-0.4727331,-0.1365278,-0.998834,1.582145,0.05231274,0.2976418,1.227063,0.7684407,316.7747,300.2713,40.96823
0,0.5888891,-0.2040427,1.419896,-0.7655358,-0.8461816,3.339279,-2.652519,-1.044119,-0.03970609,0,0,11.56403,9.257087,0.621418,-0.481239,0.3025328,-0.1702218,3.501895,-0.07599223,0.1546894,-0.4952241,-0.1655336,-1.002172,1.574747,0.05352395,0.3013859,1.233607,0.7704328,315.8956,300.4104,42.07186
0,0.6000003,-0.2392004,1.4575,-0.7221382,-0.8491617,3.31463,-2.632226,-1.042917,0.1099635,0,0,11.4956,8.484849,0.5488264,-0.5396276,0.3062589,-0.1659016,3.45657,-0.03393346,0.1675853,-0.4931124,-0.1560869,-1.003766,1.568501,0.05451491,0.3047712,1.240191,0.7721351,314.9229,300.3546,43.25753
0,0.6111114,-0.3041775,1.511217,-0.6564351,-0.8547906,3.289529,-2.609815,-1.041238,0.1524155,0,0,11.52493,7.683285,0.4510358,-0.5650034,0.3411052,-0.1606238,3.411086,0.009981794,0.1756229,-0.47494,-0.1061295,-1.003242,1.563001,0.05522064,0.3078385,1.246535,0.77377,314.0263,300.1083,44.48882
0,0.6222225,-0.3605734,1.543582,-0.5979908,-0.8606926,3.265543,-2.588148,-1.041226,0.000180261,0,0,11.64223,6.901272,0.4191582,-0.5607009,0.3562962,-0.1561688,3.372969,0.0443901,0.1962322,-0.4824037,-0.0690413,-1.002899,1.556002,0.05612639,0.3106063,1.252538,0.7753406,313.2379,299.9081,45.54229
0,0.6333337,-0.420109,1.544913,-0.5509523,-0.8663918,3.243237,-2.566604,-1.039735,0.1367837,0,0,11.78886,6.265885,0.3883523,-0.5169391,0.3534259,-0.1525512,3.345873,0.06817559,0.213306,-0.479251,-0.06710149,-1.003935,1.549808,0.05639749,0.3131124,1.258214,0.7768884,312.4732,299.842,46.34086
0,0.6444448,-0.4519414,1.538767,-0.5241461,-0.8722939,3.220118,-2.545752,-1.039954,-0.02068681,0,0,11.91593,6.041056,0.3499103,-0.4667249,0.3282607,-0.1502071,3.324425,0.08702944,0.2187913,-0.4558224,-0.05866921,-1.004535,1.544781,0.0564465,0.3153749,1.263668,0.7784652,311.6716,299.972,46.90463
0,0.655556,-0.4943608,1.537102,-0.464339,-0.8797231,3.200055,-2.525878,-1.03944,0.04751426,0,0,12.01369,6.304986,0.2933151,-0.4111219,0.2947311,-0.1484989,3.307775,0.1026289,0.2220984,-0.4185436,-0.05770313,-1.005286,1.541167,0.05582784,0.3173997,1.268968,0.7800874,310.8665,299.9938,47.55996
0,0.6666671,-0.5049967,1.565212,-0.41985,-0.8880715,3.178708,-2.506495,-1.040993,-0.1421439,0,0,12.09189,7.008798,0.2490779,-0.345862,0.2057265,-0.1497714,3.301292,0.1081033,0.2220633,-0.4036522,-0.06411295,-1.006455,1.536466,0.05600654,0.3191873,1.27416,0.7817144,310.1263,299.8787,48.26616
0,0.6777782,-0.5082285,1.638359,-0.3502743,-0.8997793,3.156417,-2.487071,-1.040516,0.04524406,0,0,12.13099,8.123168,0.2431112,-0.2892122,0.1110801,-0.1519941,3.296373,0.1105995,0.209289,-0.3706048,-0.07149148,-1.00773,1.533343,0.05593278,0.3208788,1.279348,0.7832944,309.3474,299.5844,49.04007
0,0.6888894,-0.4955395,1.713699,-0.2786232,-0.9129567,3.134539,-2.468653,-1.042009,-0.1364986,0,0,12.13099,9.521016,0.253469,-0.2529387,0.06311757,-0.1533773,3.288862,0.1148179,0.2029286,-0.3386407,-0.07680091,-1.008897,1.53047,0.05547737,0.3224261,1.284409,0.7848858,308.4171,299.3061,49.96494
0,0.7000005,-0.4902418,1.758863,-0.2407417,-0.925375,3.112913,-2.450553,-1.042828,-0.07359202,0,0,12.08211,11.09482,0.2756078,-0.2231068,0.02785336,-0.1542535,3.280922,0.1190137,0.1986673,-0.2928587,-0.08961856,-1.010545,1.528559,0.05432582,0.3238631,1.289361,0.7863245,307.4472,299.103,50.77577
0,0.7111117,-0.4785993,1.806239,-0.1954213,-0.9392437,3.091963,-2.433224,-1.043595,-0.06928174,0,0,12.00391,12.7957,0.2722545,-0.2507782,0.01718052,-0.1549843,3.256323,0.1404064,0.1869939,-0.2512913,-0.09595627,-1.011906,1.527347,0.05332687,0.3252757,1.294181,0.7877188,306.3318,299.0045,51.45965
0,0.7222228,-0.4733005,1.833164,-0.1690609,-0.9525105,3.071498,-2.416205,-1.043689,-0.007955033,0,0,11.91593,14.52591,0.2163454,-0.2942137,-0.03144095,-0.1578519,3.227831,0.1685043,0.1731403,-0.2310554,-0.1032957,-1.013439,1.524698,0.05316735,0.326744,1.298855,0.7890042,305.1949,298.938,52.09821
0,0.7333339,-0.4765416,1.859958,-0.1522799,-0.9662907,3.051013,-2.399081,-1.043855,-0.01546442,0,0,11.83773,15.99218,0.1510568,-0.3067736,-0.06502612,-0.1606163,3.206033,0.19097,0.16063,-0.1926433,-0.08724761,-1.013795,1.52407,0.05226187,0.3283736,1.303382,0.7901736,304.1609,298.8375,52.72453
0,0.7444451,-0.4850948,1.893357,-0.1120939,-0.9818356,3.03183,-2.382538,-1.04371,0.01363422,0,0,11.77908,17.17498,0.04637958,-0.2765949,-0.1088789,-0.1638675,3.199988,0.2006149,0.1590961,-0.1392958,-0.04362738,-1.012272,1.524656,0.0503183,0.3302441,1.307803,0.7913602,303.135,298.7823,53.31951
0,0.7555562,-0.4914761,1.938731,-0.04755723,-0.9993554,3.013548,-2.366816,-1.043406,0.02750333,0,0,11.73021,18.17204,-0.02837361,-0.215614,-0.1497175,-0.1669775,3.204307,0.199666,0.1575371,-0.08702277,-0.003215193,-1.010684,1.52583,0.048012,0.3324032,1.312124,0.7926825,302.1225,298.7329,53.9827
0,0.7666674,-0.489361,1.965718,-0.01371759,-1.016289,2.995479,-2.351906,-1.043051,0.03233748,0,0,11.69111,19.01271,-0.05146056,-0.1249776,-0.1707716,-0.1694916,3.210227,0.1951144,0.1534638,-0.06461808,0.009586319,-1.010002,1.525876,0.04657336,0.3348494,1.31639,0.7941239,301.0903,298.7634,54.64384
0,0.7777785,-0.4851127,2.005586,0.02851456,-1.03503,2.977381,-2.337403,-1.043189,-0.01257115,0,0,11.652,19.75562,-0.04829788,-0.05893733,-0.1610135,-0.1701265,3.23213,0.1737428,0.1558263,-0.007084087,0.01691875,-1.009472,1.528525,0.04334242,0.3375024,1.320598,0.7956864,299.9077,298.8753,55.35053
0,0.7888896,-0.4808584,2.017438,0.04009974,-1.052405,2.959774,-2.323359,-1.043733,-0.0494484,0,0,11.6129,20.50831,-0.0600899,0.009322159,-0.1917006,-0.1728727,3.252359,0.1548364,0.1634278,0.04724114,0.01782211,-1.009009,1.531836,0.03962198,0.3401852,1.324691,0.7973385,298.6184,299.064,56.07655
0,0.8000008,-0.4882426,2.011222,0.05938512,-1.069828,2.943597,-2.30974,-1.043969,-0.0213283,0,0,11.55425,21.27077,-0.1007684,0.02225956,-0.2201105,-0.1762405,3.258416,0.1515954,0.1721265,0.1026446,0.02081556,-1.008721,1.535939,0.03528715,0.3428268,1.328659,0.798824,297.4088,299.2075,56.71199
0,0.8111119,-0.4850079,2.030767,0.09433103,-1.088835,2.927743,-2.297009,-1.043943,0.002585395,0,0,11.47605,22.02346,-0.1743066,-0.01996833,-0.342097,-0.1845874,3.255831,0.1590189,0.1838295,0.118584,0.01533561,-1.008719,1.538193,0.03161358,0.3454512,1.332507,0.800239,296.1685,299.1778,57.42925
0,0.8222231,-0.4689486,2.041881,0.1335946,-1.108363,2.91289,-2.285696,-1.043412,0.04836494,0,0,11.3783,22.7957,-0.1732298,-0.08157846,-0.4540688,-0.1942052,3.246561,0.1698103,0.1916236,0.134626,0.04292715,-1.00708,1.541033,0.02763829,0.3480953,1.336165,0.8016565,294.9653,298.7873,58.45182
0,0.8333342,-0.3867905,2.07173,0.20975,-1.13017,2.899266,-2.278577,-1.039454,0.3614948,0,0,11.27077,23.60704,-0.1280831,-0.1644774,-0.6431328,-0.2089111,3.234853,0.1807959,0.1751394,0.1752184,0.08458352,-1.004458,1.544971,0.02404009,0.3509855,1.339668,0.8033952,293.5467,298.2455,59.34079
0,0.8444453,-0.3409007,2.084037,0.2510341,-1.151133,2.885734,-2.270769,-1.048958,-0.8716652,0,0,11.16325,24.14467,-0.09241313,-0.1740502,-0.7084216,-0.2197257,3.232522,0.1827466,0.124558,0.2308113,0.1233869,-1.001485,1.550237,0.02179211,0.3545081,1.343401,0.8056612,291.6005,298.6358,59.63716
0,0.8555565,-0.2949696,2.064155,0.2692267,-1.170674,2.872959,-2.263917,-1.048624,0.03826329,0,0,11.06549,24.35973,-0.1092566,-0.1282062,-0.6986259,-0.2266228,3.240739,0.1765196,0.102578,0.3054889,0.140538,-0.9992841,1.557525,0.01727965,0.3575022,1.346408,0.8064893,290.9348,297.6343,61.79842
0,0.8666676,-0.2169309,1.9985,0.2803136,-1.187977,2.862226,-2.260431,-1.046934,0.1526964,0,0,10.97752,24.28152,-0.1683646,-0.03223946,-0.6607038,-0.2319038,3.258454,0.1631828,0.1198118,0.3470012,0.1477443,-0.9973022,1.563913,0.01185799,0.3601907,1.34866,0.8071117,289.8045,296.8919,63.25178
0,0.8777788,-0.1739964,1.915643,0.2884982,-1.204316,2.852543,-2.256398,-1.04674,0.01588839,0,0,10.89932,23.92962,-0.234793,0.06926304,-0.738835,-0.2420616,3.283463,0.1437747,0.1423322,0.3682807,0.1570698,-0.9951104,1.569726,0.006195311,0.3627814,1.350219,0.8078994,288.3848,296.8059,63.80173
0,0.8888899,-0.1396418,1.845463,0.2891087,-1.220388,2.842944,-2.25262,-1.048697,-0.1792748,0,0,10.83089,23.32356,-0.2625023,0.1047217,-0.8834398,-0.256366,3.300807,0.1307599,0.1487785,0.3373892,0.1687593,-0.99281,1.572817,0.00254971,0.3654157,1.351131,0.8090013,287.2078,296.9349,64.05715
0,0.900001,-0.09584355,1.812708,0.2999588,-1.237663,2.833132,-2.249689,-1.047102,0.1467923,0,0,10.78201,22.54155,-0.2530246,0.08575472,-1.023116,-0.2726374,3.308835,0.1254019,0.1208868,0.2980417,0.1616673,-0.9912381,1.575133,0.001069525,0.3681231,1.351278,0.8103005,286.2646,296.7571,64.60068
0,0.9111122,-0.03060865,1.78137,0.3362951,-1.25536,2.824654,-2.249122,-1.04607,0.09201671,0,0,10.74291,21.62268,-0.2315999,0.1229846,-1.021101,-0.2835532,3.322687,0.1137093,0.1053673,0.3109584,0.2022649,-0.9874719,1.579772,-0.001929993,0.3709712,1.35061,0.8117455,285.3901,296.8829,64.80978
0,0.9222233,0.00262332,1.768173,0.3885313,-1.273992,2.817327,-2.248347,-1.045713,0.03113038,0,0,10.71359,20.63539,-0.2062229,0.2677034,-0.9592868,-0.2907096,3.353973,0.08487787,0.1141974,0.4240121,0.3021627,-0.9802851,1.590953,-0.009907225,0.3739653,1.349221,0.8133205,284.513,297.9331,64.14732
0,0.9333345,0.09668398,1.722154,0.4377437,-1.291728,2.811198,-2.251166,-1.046094,-0.03625885,0,0,10.68426,19.8045,-0.1883821,0.3284604,-1.011532,-0.3034459,3.375993,0.06533027,0.1359976,0.4836795,0.333792,-0.9757093,1.600158,-0.01732706,0.377092,1.347297,0.8149406,283.6088,300.1856,62.3447
0,0.9444456,0.1618562,1.70254,0.4760989,-1.309845,2.80463,-2.253568,-1.043774,0.2110623,0,0,10.64516,19.08114,-0.188419,0.3711022,-1.029571,-0.3153231,3.396893,0.04744501,0.1229076,0.4453315,0.3148191,-0.9730147,1.604444,-0.02060142,0.3802392,1.344946,0.8165082,282.6719,303.2141,59.86012
0,0.9555568,0.191771,1.690042,0.4932116,-1.327891,2.797499,-2.254804,-1.044686,-0.08679427,0,0,10.63539,18.5826,-0.205433,0.4233656,-1.043205,-0.3268455,3.417989,0.0302639,0.1066972,0.4581191,0.290466,-0.9708107,1.611115,-0.02482972,0.3832391,1.342285,0.8180282,281.7203,306.903,56.79554
0,0.9666679,0.2323861,1.660449,0.5019125,-1.344832,2.790967,-2.25738,-1.042192,0.227081,0,0,10.64516,18.29912,-0.1977604,0.4373763,-1.152972,-0.3433273,3.435266,0.01588176,0.1078081,0.4602655,0.2936443,-0.9676052,1.61775,-0.02992408,0.3859411,1.339209,0.8195273,280.7595,310.0597,54.24389
0,0.977779,0.2848073,1.593483,0.4971311,-1.360362,2.784974,-2.26104,-1.0384,0.3425672,0,0,10.66471,18.1916,-0.1751115,0.4554014,-1.12757,-0.3552891,3.452018,0.001082841,0.09720999,0.4358248,0.304455,-0.9638156,1.622904,-0.03371056,0.3883299,1.335689,0.8210949,279.8745,313.9761,50.77865
0,0.9888902,0.3319075,1.522173,0.4870596,-1.374395,2.779603,-2.265397,-1.036714,0.1492997,0,0,10.70381,18.1916,-0.1688974,0.4807873,-1.025304,-0.3629388,3.469726,-0.01389717,0.0730401,0.4465951,0.3334559,-0.9592695,1.629581,-0.0374009,0.3904906,1.331901,0.8227967,279.2039,319.5256,45.53666
0,1.000001,0.3589243,1.413608,0.4870292,-1.386799,2.776201,-2.269663,-1.034977,0.1557844,0,0,10.73314,18.11339,-0.177513,0.4848691,-0.9080487,-0.3688616,3.484643,-0.02569285,0.05265477,0.4796533,0.3101895,-0.9568482,1.63809,-0.04236051,0.3924376,1.327978,0.8245754,278.7449,325.7894,39.54442
0,1.011112,0.4371214,1.302049,0.4889848,-1.398182,2.773512,-2.276843,-1.032684,0.2062871,0,0,10.73314,17.88856,-0.2095003,0.4295354,-0.8951037,-0.3784405,3.491418,-0.02857492,0.03412047,0.468986,0.2731171,-0.9554261,1.644029,-0.04545616,0.3942043,1.323992,0.8263268,278.4601,332.1019,33.46336
0,1.022224,0.4864421,1.18792,0.4580349,-1.407437,2.770541,-2.283559,-1.029244,0.3107298,0,0,10.70381,17.56598,-0.2414631,0.399779,-0.8885136,-0.3885051,3.499624,-0.03253131,0.04418689,0.4967204,0.3113191,-0.9507672,1.65197,-0.05101977,0.3957566,1.31993,0.8279017,278.2644,338.0658,27.75559
0,1.033335,0.5081085,1.069487,0.4325305,-1.416045,2.768055,-2.289514,-1.028883,0.02830976,0,0,10.64516,17.07722,-0.2666686,0.4200113,-0.8488587,-0.3966523,3.512982,-0.04102307,0.06194198,0.5266078,0.3707353,-0.9448906,1.661137,-0.05769366,0.3970433,1.315801,0.8294045,278.1675,343.9479,22.16718
0,1.044446,0.522313,0.9327209,0.3880686,-1.422082,2.766317,-2.29556,-1.025556,0.3018752,0,0,10.52786,16.38319,-0.3029096,0.4667846,-0.7366444,-0.4011099,3.530548,-0.05286242,0.03683853,0.5214133,0.4157473,-0.9392394,1.668157,-0.06128919,0.3980255,1.311515,0.8309447,278.1152,349.1095,17.27159
0,1.055557,0.5374614,0.8451315,0.3601447,-1.428963,2.764229,-2.30163,-1.021401,0.3748502,0,0,10.41056,15.7478,-0.333012,0.5018685,-0.6489928,-0.4056229,3.547127,-0.06344263,0.0423426,0.5203606,0.4327366,-0.9343051,1.675593,-0.06630179,0.3987537,1.306972,0.8325385,278.2362,353.6489,12.8701
0,1.066668,0.5396346,0.8334215,0.3602573,-1.438229,2.761225,-2.307237,-1.018112,0.2955277,0,0,10.27371,15.25904,-0.326217,0.5209525,-0.6064167,-0.4114999,3.562008,-0.07392429,0.06264076,0.514971,0.4399943,-0.9295817,1.682544,-0.07186407,0.3993146,1.30224,0.8342618,278.5867,357.8959,8.689731
0,1.077779,0.5215736,0.8216606,0.3625625,-1.447677,2.758265,-2.311925,-1.015207,0.2612598,0,0,10.1564,14.95601,-0.3004463,0.5654856,-0.576741,-0.4174857,3.580515,-0.08856342,0.07755077,0.4776575,0.4484218,-0.9247012,1.687898,-0.07656907,0.3997433,1.297407,0.8361158,279.0922,1.258384,5.363796
0,1.08889,0.492838,0.8033181,0.3500524,-1.456036,2.755213,-2.315955,-1.012048,0.2848026,0,0,10.0782,15.02444,-0.2700754,0.5664884,-0.5290332,-0.4223928,3.594734,-0.09980862,0.09273463,0.4702039,0.4759707,-0.918838,1.694624,-0.0821444,0.4001548,1.292588,0.8381237,279.6352,4.70376,1.891011
0,1.100002,0.4619517,0.7687291,0.3121457,-1.46311,2.751581,-2.319473,-1.008411,0.3284374,0,0,10.0391,15.28837,-0.2669631,0.5238639,-0.5270001,-0.4286379,3.603111,-0.1045456,0.119513,0.4722879,0.4884786,-0.9133449,1.70216,-0.08914346,0.4006446,1.287932,0.8401667,280.2242,8.798368,357.7655
0,1.111113,0.4067555,0.6894097,0.2843562,-1.468032,2.749822,-2.321764,-1.005178,0.2913056,0,0,10.05865,15.7087,-0.3030191,0.4333098,-0.4767935,-0.4321394,3.605263,-0.1016688,0.1494539,0.5212128,0.4870108,-0.9087776,1.712441,-0.09817024,0.4012735,1.283615,0.8422481,280.8581,12.5586,354.0599
0,1.122224,0.3621127,0.646455,0.2668181,-1.473725,2.74775,-2.323992,-1.00235,0.2546305,0,0,10.1173,16.27566,-0.3185988,0.3863906,-0.4149468,-0.4344265,3.611134,-0.1030737,0.1560344,0.5883089,0.4878873,-0.9043195,1.724514,-0.1075331,0.4020776,1.279764,0.8443912,281.4336,15.28186,351.4386
0,1.133335,0.2931116,0.5564898,0.2434649,-1.477535,2.747166,-2.324815,-0.9989757,0.3053601,0,0,10.20528,16.88172,-0.281067,0.3681227,-0.3779889,-0.4377022,3.618722,-0.1081992,0.1386814,0.5978932,0.4571596,-0.9010954,1.734006,-0.1141998,0.4031657,1.276488,0.8467246,281.9023,17.16639,349.6707
0,1.144446,0.2219309,0.4587653,0.1924729,-1.478718,2.746359,-2.324536,-0.9972904,0.1507869,0,0,10.29326,17.2825,-0.2577185,0.3254523,-0.3771763,-0.4421503,3.62255,-0.1098447,0.1383172,0.5733372,0.4284544,-0.897905,1.741267,-0.1202907,0.404439,1.273847,0.8492089,282.2639,18.64405,348.3829
0,1.155557,0.168812,0.404074,0.176148,-1.481626,2.745609,-2.324502,-0.9945804,0.2460389,0,0,10.37146,17.51711,-0.256919,0.2764737,-0.3953745,-0.4474856,3.623906,-0.1081539,0.1402067,0.5562442,0.410358,-0.8945952,1.748817,-0.1266575,0.4058003,1.271795,0.8517184,282.3577,20.01055,347.1834
0,1.166668,0.114616,0.3590373,0.1661243,-1.484364,2.74518,-2.323598,-0.992493,0.1883551,0,0,10.42033,17.62463,-0.2419775,0.2817685,-0.3944171,-0.4521829,3.630808,-0.1122166,0.1393666,0.5669369,0.4295305,-0.8898553,1.758518,-0.1342321,0.4072137,1.270174,0.8543366,282.257,21.08654,346.2499
0,1.17778,0.02330777,0.2692228,0.1652019,-1.485575,2.746909,-2.320379,-0.9920355,0.04004522,0,0,10.44966,17.64418,-0.2001638,0.3157093,-0.3733927,-0.4561318,3.640627,-0.1205014,0.1281737,0.5606574,0.47973,-0.8834632,1.767539,-0.1410144,0.4085783,1.268999,0.8570523,282.2433,21.60982,345.8868
0,1.188891,-0.02870029,0.2157616,0.1648376,-1.487069,2.748045,-2.318126,-0.9907561,0.1165668,0,0,10.45943,17.71261,-0.1961026,0.3933225,-0.2891412,-0.4572008,3.656663,-0.1328393,0.1239077,0.5233983,0.489422,-0.8784479,1.77436,-0.1465375,0.4098231,1.268246,0.8597949,282.2083,22.40004,345.2285
0,1.200002,-0.08922806,0.1795528,0.1856373,-1.489885,2.749436,-2.315217,-0.9879433,0.2560922,0,0,10.45943,17.70284,-0.2190192,0.471088,-0.2494196,-0.4597473,3.674396,-0.1454786,0.1408178,0.5031118,0.4818171,-0.8741906,1.781746,-0.1534913,0.4108605,1.267897,0.862528,282.1777,23.31834,344.4297
0,1.211113,-0.165692,0.1434014,0.2192642,-1.492741,2.75185,-2.310878,-0.9886751,-0.06895951,0,0,10.47898,17.56598,-0.2010745,0.5635898,-0.1673745,-0.4602113,3.6966,-0.1638323,0.1895826,0.4507509,0.4718053,-0.8698267,1.786802,-0.1607362,0.4115354,1.268048,0.8652851,282.1873,23.78519,344.0765
0,1.222224,-0.2325995,0.1017918,0.2369449,-1.49481,2.75453,-2.306222,-0.9881947,0.04477912,0,0,10.50831,17.31183,-0.1595304,0.5059248,-0.1496955,-0.4618976,3.703594,-0.1699068,0.1883113,0.4155838,0.4622895,-0.8656296,1.79222,-0.1661962,0.4117836,1.268662,0.8680164,281.9913,24.12622,343.7257
0,1.233335,-0.2772294,0.07828108,0.2447793,-1.496935,2.756613,-2.301804,-0.9867518,0.1315898,0,0,10.55719,16.94037,-0.1621405,0.3738605,-0.1680063,-0.4644473,3.700508,-0.1652329,0.1804692,0.3761259,0.4357998,-0.8623507,1.796382,-0.1705771,0.4116599,1.269645,0.8707946,281.6509,24.96504,342.7541
0,1.244446,-0.3217541,0.04543486,0.27828,-1.499367,2.76028,-2.296907,-0.9865041,0.0217531,0,0,10.63539,16.41251,-0.2028297,0.2812776,-0.1646457,-0.4661581,3.699429,-0.1604517,0.1804147,0.3718584,0.4326136,-0.8584177,1.802668,-0.1766307,0.4111553,1.270913,0.8736386,281.2553,25.87816,341.6489
0,1.255558,-0.3280065,0.02863317,0.3040461,-1.502182,2.763586,-2.293507,-0.9870666,-0.05128261,0,0,10.73314,15.92375,-0.2113736,0.2333344,-0.1518649,-0.4673917,3.701556,-0.1597886,0.1698402,0.3527117,0.4444856,-0.8536204,1.808069,-0.1817714,0.4103105,1.272368,0.8764987,280.8,26.3534,340.8695
0,1.266669,-0.3118193,-0.01374477,0.3214737,-1.503671,2.76791,-2.290921,-0.9868066,0.02437912,0,0,10.84066,15.53275,-0.1940124,0.2055073,-0.1041143,-0.4671659,3.704623,-0.1611236,0.1655705,0.3250319,0.45097,-0.848963,1.812665,-0.1864524,0.4092828,1.273932,0.8794054,280.3646,26.72951,340.089
0,1.27778,-0.3021244,-0.04247539,0.3206717,-1.504853,2.771434,-2.288285,-0.9885142,-0.1561669,0,0,10.94819,15.26882,-0.2087869,0.1735436,-0.07634559,-0.4671275,3.706432,-0.1599127,0.1781986,0.2685321,0.4519983,-0.8442077,1.815075,-0.1904054,0.4081501,1.275608,0.8823561,280.0488,27.27892,339.1265
0,1.288891,-0.2860458,-0.0970724,0.2881604,-1.503893,2.774971,-2.286076,-0.9895444,-0.09278809,0,0,11.01662,15.25904,-0.3130115,0.1385995,-0.0436213,-0.466687,3.707156,-0.153539,0.1962797,0.2184254,0.4614738,-0.839022,1.817271,-0.1947407,0.4069403,1.277287,0.8852184,279.671,27.96446,338.0708
0,1.300002,-0.2794964,-0.1730824,0.2495008,-1.501294,2.779097,-2.283485,-0.9896147,-0.005759813,0,0,11.06549,15.52297,-0.3255225,0.1577644,-0.01579991,-0.4664074,3.712825,-0.1546399,0.1953959,0.212065,0.4806715,-0.8335332,1.821721,-0.1998239,0.4056304,1.278777,0.8878947,279.2145,28.44172,337.2621
0,1.311113,-0.2579863,-0.2445444,0.2320495,-1.498732,2.783845,-2.281693,-0.9899524,-0.03099063,0,0,11.11437,16.06061,-0.2497923,0.2182974,-0.02375274,-0.4676063,3.722422,-0.1632345,0.1860456,0.2153041,0.5020709,-0.8279299,1.826597,-0.2048647,0.4043655,1.279937,0.8905098,278.7796,28.45568,336.8564
0,1.322224,-0.2044104,-0.325256,0.2380376,-1.495883,2.790209,-2.281732,-0.989473,0.04408281,0,0,11.15347,16.84262,-0.1559467,0.2851902,-0.03397425,-0.4693337,3.734051,-0.1752182,0.1775567,0.196248,0.4957067,-0.8228742,1.830807,-0.2093229,0.4033065,1.280681,0.8931665,278.422,27.48633,337.4042
0,1.333336,-0.1830566,-0.337968,0.2370367,-1.494571,2.794741,-2.280868,-0.9900647,-0.05460783,0,0,11.19257,17.80059,-0.1144969,0.2882975,-0.04707917,-0.4707947,3.740448,-0.1809139,0.174106,0.181226,0.4894704,-0.8184192,1.833543,-0.2130968,0.4025168,1.281003,0.8959034,278.2206,25.87736,338.6651
0,1.344447,-0.1115629,-0.3944525,0.208632,-1.490798,2.799782,-2.282478,-0.9916711,-0.1465135,0,0,11.25122,18.739,-0.1051019,0.2701963,-0.06635928,-0.4726195,3.744805,-0.1839445,0.1579901,0.1759158,0.4779301,-0.8140383,1.837272,-0.2168625,0.4018695,1.280925,0.8985209,278.165,24.49118,339.8434
0,1.355558,-0.08169946,-0.4211822,0.1885722,-1.487531,2.804502,-2.282956,-0.9908147,0.07928646,0,0,11.30987,19.41349,-0.1329301,0.2521696,-0.07682605,-0.4741822,3.748845,-0.1849571,0.1302322,0.1866297,0.4696843,-0.8097666,1.841992,-0.2205793,0.4011605,1.280432,0.9008723,278.1703,23.49003,340.7221
0,1.366669,-0.0390842,-0.4382668,0.1694398,-1.484131,2.809039,-2.284463,-0.9928025,-0.1828261,0,0,11.3392,19.7654,-0.1234758,0.2510985,-0.09393883,-0.4760938,3.753936,-0.1884834,0.1162014,0.1855655,0.4538532,-0.805815,1.845908,-0.2240584,0.4003857,1.279608,0.9030892,278.292,22.68666,341.3851
0,1.37778,0.02041769,-0.4019082,0.1624978,-1.482742,2.812488,-2.286806,-0.9915545,0.1155641,0,0,11.34897,19.79472,-0.08711868,0.2957426,-0.09202675,-0.478055,3.763563,-0.1973844,0.09019402,0.175983,0.4147263,-0.8030688,1.849017,-0.2263072,0.3994637,1.27843,0.9050044,278.3809,20.94977,342.9281
0,1.388891,0.06612121,-0.3654599,0.1683819,-1.481941,2.816016,-2.289337,-0.9920392,-0.04573111,0,0,11.32942,19.49169,-0.04730119,0.3349884,-0.05392253,-0.4782633,3.774268,-0.2076059,0.07293979,0.1781261,0.3957323,-0.7997974,1.852994,-0.2291863,0.3984697,1.276976,0.9068004,278.5578,19.17657,344.4518
0,1.400002,0.1405199,-0.3096837,0.1782468,-1.482397,2.818883,-2.29355,-0.9926507,-0.05569667,0,0,11.25122,19.00293,-0.05689429,0.3776503,-0.06869526,-0.4806755,3.785306,-0.216495,0.06615476,0.1589116,0.364941,-0.7970862,1.855339,-0.2312258,0.3973911,1.275307,0.9083358,278.7804,17.73126,345.629
0,1.411114,0.1840887,-0.2743438,0.1798807,-1.482286,2.821578,-2.297351,-0.9924611,0.01741681,0,0,11.16325,18.3089,-0.08673462,0.4011771,-0.07800926,-0.4829957,3.795504,-0.2235524,0.06261093,0.1343726,0.3383842,-0.7944433,1.857102,-0.2330325,0.3962888,1.27348,0.90959,279.0366,17.13233,345.9716
0,1.422225,0.2541953,-0.2219212,0.1759418,-1.483078,2.823386,-2.302727,-0.9936962,-0.1134408,0,0,11.06549,17.42913,-0.1050086,0.3863346,-0.0938689,-0.4852146,3.802589,-0.228129,0.05917372,0.1055921,0.3235521,-0.7914355,1.858321,-0.2343909,0.3952572,1.27159,0.9108008,279.3458,16.98637,345.8893
0,1.433336,0.2997483,-0.1611454,0.1634695,-1.484235,2.824267,-2.307535,-0.9929245,0.07114777,0,0,10.98729,16.44184,-0.1127256,0.3768138,-0.1236525,-0.4884461,3.809375,-0.2325978,0.05150238,0.090669,0.3076803,-0.7886733,1.859973,-0.2358208,0.3942947,1.269627,0.9117888,279.6173,17.03091,345.6443
0,1.444447,0.3282929,-0.1143222,0.1479897,-1.485218,2.824894,-2.31221,-0.9939311,-0.09312498,0,0,10.94819,15.61095,-0.07956469,0.3969586,-0.1132209,-0.4904754,3.819737,-0.2420441,0.037433,0.09173892,0.2875873,-0.7864368,1.862413,-0.2373369,0.3934443,1.267596,0.9126732,279.8904,17.00378,345.514
0,1.455558,0.3388326,-0.08775197,0.1370331,-1.485915,2.825829,-2.316543,-0.9930187,0.08388869,0,0,10.92864,15.00489,-0.01049589,0.3765668,-0.1287143,-0.4931743,3.826058,-0.2498128,0.03197727,0.08108499,0.2780735,-0.7838748,1.864039,-0.2386384,0.3927174,1.265429,0.9132065,280.1171,17.07036,345.2684
0,1.466669,0.3524947,-0.04518983,0.1269688,-1.48741,2.825858,-2.32093,-0.9922864,0.06578191,0,0,10.91887,14.61388,0.04456495,0.3146685,-0.1505557,-0.4958252,3.827585,-0.2533359,0.02310253,0.07146943,0.2483524,-0.7823212,1.865124,-0.2392456,0.3922307,1.263105,0.9135043,280.3668,17.37301,344.8221
0,1.47778,0.3650345,0.01874748,0.124155,-1.489943,2.825461,-2.325394,-0.9914421,0.0763767,0,0,10.92864,14.4086,0.05760962,0.229538,-0.2253569,-0.5004378,3.824936,-0.2520829,0.01838331,0.05225205,0.2090165,-0.7812921,1.865584,-0.239713,0.3920267,1.260639,0.913658,280.6667,17.69264,344.4568
0,1.488891,0.3691844,0.05181725,0.1259303,-1.492113,2.825311,-2.329656,-0.9911646,0.02457648,0,0,10.96774,14.28153,0.02719117,0.1743075,-0.2816715,-0.5053902,3.822858,-0.2494237,0.006354574,0.06394597,0.1771542,-0.7806881,1.867258,-0.2405298,0.3922279,1.259272,0.9135625,280.6199,19.13426,343.065
0,1.500003,0.3754551,0.07839595,0.118183,-1.49412,2.824847,-2.334022,-0.9909814,0.01636863,0,0,10.96774,14.24242,0.03033,0.1444715,-0.2796127,-0.5084054,3.822888,-0.2499236,0.009466674,0.06392192,0.1696634,-0.7792255,1.868768,-0.241761,0.3926116,1.258584,0.9131643,280.407,21.73441,340.4952
0,1.511114,0.3657098,0.1015671,0.09453221,-1.495713,2.823509,-2.337682,-0.9905026,0.04351516,0,0,10.97752,14.16422,0.06126064,0.1145404,-0.2660551,-0.5108635,3.822268,-0.2512482,0.01678084,0.03938594,0.1632344,-0.7774545,1.868686,-0.242051,0.393041,1.258079,0.9127231,280.203,24.78558,337.4798
0,1.522225,0.3485438,0.09355193,0.0467238,-1.495362,2.82217,-2.340792,-0.99038,0.0106759,0,0,11.01662,14.03715,0.08393175,0.1058953,-0.2257629,-0.5121978,3.823544,-0.2540949,0.008072367,0.02339596,0.1495012,-0.7761554,1.868593,-0.2418068,0.3934323,1.257629,0.9124869,279.9918,27.70536,334.6232
0,1.533336,0.3260596,0.07692565,-0.009507939,-1.494198,2.820381,-2.343428,-0.9895827,0.07273372,0,0,11.07527,13.81232,0.0680558,0.07073961,-0.2011883,-0.5134479,3.822126,-0.2530309,-0.008116841,0.01169375,0.1326444,-0.7752084,1.868524,-0.2411303,0.3937528,1.257207,0.9123431,279.8004,29.8077,332.5157
0,1.544447,0.291911,0.05719201,-0.05182066,-1.492858,2.818959,-2.345393,-0.9888653,0.064911,0,0,11.1828,13.44086,0.04592036,0.06862123,-0.1711855,-0.51456,3.823165,-0.2537385,-0.008080658,0.01276479,0.1358406,-0.7736371,1.869412,-0.2417053,0.3940823,1.256841,0.912237,279.6497,31.23794,330.9913
0,1.555558,0.2673815,0.04190773,-0.07928918,-1.491621,2.817704,-2.34742,-0.9883651,0.04525005,0,0,11.32942,13.0694,0.04640242,0.08771019,-0.1168308,-0.5144663,3.826749,-0.2574171,-0.01017436,0.0223598,0.1369128,-0.772257,1.870763,-0.2424752,0.3944556,1.25653,0.9121337,279.4766,32.49878,329.5702
0,1.566669,0.2439419,0.03750724,-0.08449942,-1.49113,2.816726,-2.349283,-0.987702,0.06035205,0,0,11.52493,12.74682,0.0947524,0.1312088,-0.07985754,-0.5150245,3.83261,-0.2652844,-0.02298794,0.0223894,0.1349118,-0.771008,1.871513,-0.2422491,0.3949386,1.256267,0.9120738,279.342,33.77251,328.0764
0,1.577781,0.2194211,0.03196907,-0.09609285,-1.490237,2.815573,-2.350815,-0.9878197,-0.01115026,0,0,11.76931,12.48289,0.1228626,0.1939414,-0.04801874,-0.5156764,3.841145,-0.274986,-0.03788062,0.01923387,0.1382696,-0.7693989,1.872134,-0.2417303,0.3954948,1.25604,0.9120201,279.3571,35.27229,326.3056
0,1.588892,0.2013031,0.02217947,-0.1097854,-1.489114,2.814405,-2.352367,-0.9878064,0.001464157,0,0,12.07234,12.31672,0.1113573,0.2237698,-0.03083657,-0.516494,3.847667,-0.2814644,-0.02864449,0.005311452,0.1083636,-0.7690575,1.871687,-0.2414081,0.3961241,1.25584,0.9120495,279.3333,36.74814,324.6235
0,1.600003,0.1608487,-0.008071516,-0.1359938,-1.486571,2.81347,-2.352659,-0.9876402,0.0152969,0,0,12.36559,12.36559,0.1062693,0.228001,-0.002023242,-0.5163305,3.853263,-0.2873034,-0.02142062,-0.007520271,0.08913251,-0.7685835,1.871171,-0.2410917,0.3966941,1.255655,0.9119813,279.4415,38.47274,322.6889
0,1.611114,0.1352795,-0.02433771,-0.1549285,-1.484358,2.812312,-2.353156,-0.9878021,-0.01484618,0,0,12.61975,12.41447,0.09781769,0.1896346,0.01928765,-0.5156381,3.855267,-0.2899053,-0.01105742,-0.03101875,0.06775189,-0.7682447,1.869671,-0.240182,0.3972487,1.255532,0.9120119,279.4241,39.72408,321.3272
0,1.622225,0.09482156,-0.05350509,-0.1800781,-1.481282,2.811329,-2.352732,-0.9867331,0.09802059,0,0,12.81525,12.41447,0.0604405,0.1268649,0.02800499,-0.51496,3.854286,-0.2885431,-0.007025752,-0.04064827,0.04854909,-0.768086,1.868577,-0.2393985,0.3976883,1.255419,0.9119807,279.4927,40.69375,320.147
0,1.633336,0.04684357,-0.04087916,-0.1789909,-1.479986,2.809904,-2.351674,-0.9870724,-0.03172208,0,0,12.96188,12.31672,0.0552531,0.07462236,0.0631182,-0.5129504,3.854081,-0.2887942,-0.003852349,-0.03852786,0.0463786,-0.7675859,1.868312,-0.2391489,0.3980592,1.25537,0.9119887,279.5271,41.03073,319.5563
0,1.644447,0.0255404,-0.0290952,-0.1652025,-1.479032,2.808748,-2.351291,-0.986462,0.05639183,0,0,13.04985,11.98436,0.07214209,0.0341078,0.05652684,-0.5122787,3.85242,-0.2887421,-0.002735902,-0.0342641,0.05062079,-0.7668157,1.868222,-0.2390326,0.3984327,1.255363,0.9120375,279.5504,40.99255,319.2899
0,1.655559,0.007390812,-0.008807465,-0.1546966,-1.478577,2.807308,-2.35076,-0.9861014,0.03270216,0,0,13.09873,11.55425,0.07843436,-0.02451064,0.06277782,-0.5107954,3.848727,-0.2866887,-0.005871881,-0.02892296,0.05490866,-0.7660007,1.868277,-0.2388999,0.3988495,1.255421,0.9121646,279.6455,40.7987,319.1694
0,1.66667,-0.009647891,-0.01746631,-0.1620096,-1.476829,2.806185,-2.350007,-0.987041,-0.0858995,0,0,13.10851,11.09482,0.07202619,-0.06606415,0.07447676,-0.5090473,3.845159,-0.2841137,-0.01462005,-0.04277136,0.03798581,-0.7657914,1.866995,-0.2373614,0.3992913,1.255592,0.9123221,279.9043,40.96008,318.6904
0,1.677781,-0.02452892,-0.0411405,-0.1798332,-1.474134,2.805184,-2.349209,-0.9872946,-0.02221626,0,0,13.07918,10.59628,0.06240397,-0.0905451,0.07770827,-0.5076523,3.84221,-0.2819819,-0.01054469,-0.04707257,0.02090168,-0.7660103,1.865884,-0.2366469,0.3997456,1.255698,0.9125182,280.1642,41.15468,318.2731
0,1.688892,-0.03298458,-0.06575537,-0.1880813,-1.471429,2.804476,-2.348526,-0.9872828,0.001317735,0,0,13.02053,10.1173,0.05718484,-0.08949,0.09160306,-0.5059314,3.841263,-0.281538,-0.007307224,-0.03962165,0.02298173,-0.765678,1.86573,-0.2365414,0.4001995,1.255795,0.9126959,280.4018,41.38058,317.8187
0,1.700003,-0.05317944,-0.08185003,-0.1910532,-1.468731,2.803979,-2.347125,-0.987433,-0.01362753,0,0,12.9912,9.853374,0.05177543,-0.0798665,0.07781061,-0.5053391,3.840518,-0.2814056,0.005467344,-0.05137045,0.02499703,-0.765106,1.864506,-0.2361294,0.4006068,1.255888,0.9128571,280.5877,41.35328,317.5904
0,1.711114,-0.06278823,-0.07655329,-0.191078,-1.466895,2.802817,-2.345982,-0.9877291,-0.02685696,0,0,12.9521,9.960899,0.04009256,-0.07238629,0.08004766,-0.5042248,3.839808,-0.2808165,0.007534046,-0.05138585,0.01858187,-0.7649994,1.863668,-0.2356991,0.4009706,1.255964,0.9130188,280.7125,41.02653,317.6466
0,1.722225,-0.06490006,-0.07866054,-0.1878501,-1.464839,2.802126,-2.345167,-0.9872088,0.0479415,0,0,12.913,10.48876,0.04993644,-0.04475151,0.1034523,-0.5024661,3.841845,-0.2834519,-0.004244547,-0.03645546,0.009093901,-0.7652295,1.863716,-0.2352695,0.4013326,1.256043,0.9131813,280.7713,40.65807,317.8213
0,1.733337,-0.05525298,-0.09352468,-0.1866613,-1.462354,2.801714,-2.344818,-0.9876642,-0.04193277,0,0,12.86413,11.3392,0.1011413,-0.02038399,0.104161,-0.5013912,3.843698,-0.2879705,-0.01165428,-0.02791025,0.01128923,-0.7650063,1.863751,-0.2349462,0.4017297,1.256163,0.9133626,280.8434,40.20371,318.0822
0,1.744448,-0.03711596,-0.1062906,-0.1919078,-1.459703,2.801147,-2.344828,-0.9881691,-0.04562476,0,0,12.7957,12.38514,0.1065943,0.0008884817,0.1126751,-0.5001256,3.845719,-0.2911314,-0.02451068,-0.03001746,0.005037866,-0.7650042,1.863069,-0.2337582,0.4022012,1.256314,0.9135615,280.9464,39.8713,318.2364
0,1.755559,-0.01898453,-0.1190962,-0.2003542,-1.456701,2.800608,-2.345102,-0.9887582,-0.05342672,0,0,12.69795,13.29423,0.08539258,0.02544226,0.1182075,-0.4990471,3.848901,-0.2941169,-0.02772742,-0.03427219,0.004010578,-0.7648923,1.862304,-0.2328074,0.4026998,1.256461,0.9137099,281.0293,39.66128,318.298
0,1.76667,-0.01151231,-0.1287308,-0.2077369,-1.453745,2.799959,-2.345127,-0.9892306,-0.04275142,0,0,12.60019,13.99804,0.07800817,0.038235,0.1236159,-0.4977933,3.851405,-0.2968884,-0.02227921,-0.03107927,0.01460053,-0.7643475,1.86199,-0.2325826,0.4031703,1.256594,0.9137827,281.0565,39.33359,318.4883
0,1.777781,-0.00720948,-0.1393263,-0.2023115,-1.450889,2.799878,-2.345121,-0.9895177,-0.02591332,0,0,12.48289,14.51613,0.08125699,0.04994085,0.1268065,-0.4966007,3.85423,-0.3003595,-0.02327912,-0.02893647,0.01993506,-0.7638862,1.861754,-0.2321669,0.403602,1.256686,0.9137696,281.0056,39.06091,318.6536
0,1.788892,-0.002895564,-0.1424125,-0.1937609,-1.448552,2.799849,-2.345252,-0.9892642,0.02333327,0,0,12.36559,14.78983,0.08857056,0.06060786,0.1054635,-0.4964303,3.856466,-0.3035165,-0.02657994,-0.03533342,0.01146049,-0.7638388,1.860871,-0.2311405,0.4040231,1.256743,0.9136936,280.9015,38.87377,318.7465
0,1.800003,0.001410335,-0.1368527,-0.1725236,-1.446773,2.799925,-2.345417,-0.9890996,0.01475046,0,0,12.25806,14.65298,0.08744293,0.06168998,0.0969522,-0.4958678,3.858413,-0.306178,-0.02461364,-0.03749554,-0.003472842,-0.7642617,1.85995,-0.2302489,0.404533,1.256797,0.9136291,280.8154,38.6789,318.8567
0,1.811115,0.01101522,-0.1270382,-0.1545379,-1.445297,2.799834,-2.345815,-0.9891939,-0.008739492,0,0,12.16031,14.24242,0.08525564,0.05531492,0.09163566,-0.4951163,3.859843,-0.3083237,-0.01610736,-0.04604778,-0.00355219,-0.764127,1.858654,-0.2295355,0.4052417,1.256836,0.9135821,280.5512,37.23862,320.3524
0,1.822226,0.01950543,-0.104458,-0.1377488,-1.444332,2.799357,-2.34625,-0.9892077,-0.001178202,0,0,12.06256,13.57771,0.08088736,0.02230057,0.08734114,-0.494238,3.858511,-0.3080412,-0.008751113,-0.05034221,-0.01214472,-0.7643421,1.857545,-0.2288979,0.4061634,1.256888,0.9135126,280.2347,35.61765,322.1799
0,1.833337,0.01413061,-0.08522279,-0.1294055,-1.443267,2.798817,-2.346107,-0.9894277,-0.02015404,0,0,11.98436,12.80547,0.06790312,-0.02131708,0.07672646,-0.493137,3.85536,-0.3055527,-0.004628338,-0.05144677,-0.02497037,-0.764846,1.856351,-0.2280864,0.4072555,1.256954,0.9134113,279.8898,34.09702,324.1108
0,1.844448,0.01185563,-0.03393141,-0.1139439,-1.443761,2.79722,-2.345948,-0.9894911,-0.005648774,0,0,11.89638,12.20919,0.02710887,-0.0744407,0.05458909,-0.4925351,3.849496,-0.2992322,-0.01005441,-0.05250992,-0.03343246,-0.7653105,1.855295,-0.2269285,0.4084656,1.257037,0.9133086,279.5795,32.84002,325.8687
0,1.855559,0.006432816,0.00131499,-0.1025656,-1.444056,2.795939,-2.34565,-0.9888855,0.05539829,0,0,11.80841,11.75953,0.02188356,-0.06698976,0.06529605,-0.4912914,3.849493,-0.2992727,-0.006731236,-0.03865567,-0.0249663,-0.7653099,1.855395,-0.2270611,0.4097202,1.257093,0.9131592,279.3255,32.4488,326.7285
0,1.86667,0.001128674,0.004599925,-0.09193072,-1.443627,2.795383,-2.345455,-0.9889292,-0.004492155,0,0,11.73998,11.5347,0.05166332,-0.03614533,0.04913373,-0.4914795,3.851031,-0.3022533,-0.005598757,-0.02906307,-0.02073402,-0.7654032,1.855442,-0.2270169,0.4109455,1.257164,0.9130068,279.1992,33.18615,326.3709
0,1.877781,0.01180392,0.00903124,-0.07922068,-1.443544,2.794955,-2.345913,-0.9887763,0.01405885,0,0,11.72043,11.5738,0.06756715,-0.02657863,0.0362437,-0.4915119,3.851012,-0.3035668,-0.006641967,-0.02479948,-0.01966612,-0.7655768,1.855109,-0.2266611,0.4121745,1.257231,0.9128745,279.0836,33.03167,326.843
0,1.888893,0.01612182,0.008157875,-0.06217776,-1.443513,2.794861,-2.34624,-0.9887912,-0.001472678,0,0,11.73021,11.82796,0.0663957,-0.0137636,0.01922785,-0.4919588,3.85132,-0.3044403,-0.004576718,-0.03227248,-0.02393921,-0.765874,1.853992,-0.2258656,0.4132636,1.257331,0.9126234,279.1639,33.76087,326.2946
0,1.900004,0.01939145,-0.007758707,-0.05669849,-1.442704,2.795025,-2.346577,-0.9894373,-0.05902277,0,0,11.77908,12.18964,0.05047545,0.001188934,0.02151626,-0.4917026,3.852676,-0.3056334,-0.002381898,-0.03759269,-0.01649623,-0.7656577,1.853181,-0.2253364,0.4140933,1.257392,0.912053,279.4654,33.85731,326.3392
0,1.911115,0.01308016,-0.03336666,-0.05854755,-1.441392,2.795342,-2.346463,-0.9893079,0.01234863,0,0,11.83773,12.49267,0.03339761,0.006573305,0.01527035,-0.4917905,3.853277,-0.3059719,-0.004507639,-0.04929726,-0.01219524,-0.7654138,1.85186,-0.2241306,0.4146546,1.257483,0.9116321,279.421,35.47078,324.8195
0,1.922226,0.008917287,-0.06002643,-0.05932614,-1.439746,2.795992,-2.346465,-0.9892237,0.00745179,0,0,11.87683,12.68817,0.03029172,-0.001965471,0.02913037,-0.4909165,3.853047,-0.3060539,0.002758527,-0.04295344,-0.03145639,-0.7663912,1.851237,-0.2238927,0.4149351,1.257533,0.9110322,279.6373,33.95774,326.4208
0,1.933337,-0.0005389154,-0.1006177,-0.0663401,-1.437251,2.797058,-2.346325,-0.98873,0.04511077,0,0,11.89638,12.7957,0.03662254,-0.02755324,0.03010821,-0.4901021,3.850664,-0.304615,0.005802717,-0.02807761,-0.04962186,-0.7676045,1.851147,-0.2239878,0.4150718,1.257596,0.9106762,279.3597,33.8098,326.6435
0,1.944448,-0.002582341,-0.1273,-0.07032264,-1.434869,2.79809,-2.346357,-0.9887635,-0.003479716,0,0,11.92571,12.7957,0.01947264,-0.05200755,0.02488264,-0.4895348,3.847821,-0.3016866,-0.0006283773,-0.009968193,-0.05811305,-0.7687603,1.851473,-0.2240099,0.4150447,1.257697,0.9104423,279.1683,31.94705,328.4616
0,1.955559,-0.007791802,-0.1495773,-0.05942579,-1.433006,2.799538,-2.346289,-0.9886101,0.01415343,0,0,11.89638,12.59042,0.01421105,-0.05946848,0.03556513,-0.4884994,3.846372,-0.3003577,-0.01015297,-0.0163219,-0.05054593,-0.768959,1.850804,-0.2230933,0.41498,1.257786,0.910243,278.9884,30.04215,330.3548
0,1.966671,-0.00990586,-0.1441277,-0.04668959,-1.431975,2.800431,-2.346218,-0.988804,-0.01782064,0,0,11.85728,12.28739,0.01634248,-0.04667599,0.03130772,-0.4883518,3.846672,-0.3009511,-0.007973161,-0.0269706,-0.04309526,-0.769041,1.84975,-0.2223212,0.4148497,1.257868,0.9100402,278.8506,28.09671,332.2464
0,1.977782,-0.01420026,-0.1269937,-0.03619951,-1.431302,2.800976,-2.345968,-0.9887023,0.009482445,0,0,11.79863,11.93548,0.02060588,-0.03602577,0.02809588,-0.4881814,3.846818,-0.3014605,-0.006940328,-0.02804338,-0.04630137,-0.7696152,1.849069,-0.2218522,0.4147065,1.257929,0.9097967,278.7759,26.31793,333.9995
0,1.988893,-0.01848334,-0.1173889,-0.03309637,-1.43034,2.801362,-2.34575,-0.9887907,-0.008161531,0,0,11.73998,11.58358,0.02811193,-0.0254014,0.03125316,-0.4876812,3.847281,-0.3024118,-0.006917007,-0.01952365,-0.04631515,-0.7701483,1.849014,-0.2217289,0.4145665,1.257975,0.9095619,278.6943,25.13602,335.215
0,2.000004,-0.02274708,-0.1163342,-0.03202771,-1.429156,2.802106,-2.345439,-0.9887028,0.008160226,0,0,11.73021,11.39785,0.02268069,-0.03602273,0.02169115,-0.4875545,3.845585,-0.3009319,-0.01429097,-0.0162967,-0.03878562,-0.770272,1.848837,-0.2211127,0.4144707,1.258014,0.9092957,278.7095,24.12877,336.2525
0,2.011115,-0.02063712,-0.1131672,-0.03526182,-1.42792,2.802589,-2.34538,-0.9887763,-0.006811245,0,0,11.73998,11.31965,-0.01784414,-0.06149115,0.02516712,-0.4866655,3.842334,-0.296221,-0.01742576,-0.007756419,-0.0355699,-0.7706234,1.849131,-0.2210996,0.4144319,1.258061,0.9090827,278.6877,23.75007,336.6706
0,2.022226,-0.02173433,-0.100334,-0.03006285,-1.427341,2.802955,-2.345145,-0.9886762,0.00924297,0,0,11.77908,11.31965,-0.05497499,-0.04863141,0.04040031,-0.4856168,3.843148,-0.2950205,-0.02276332,-0.0002928702,-0.03872353,-0.7712003,1.84923,-0.2207505,0.4144334,1.258112,0.9088956,278.729,23.27688,337.1774
0,2.033337,-0.0260442,-0.08324865,-0.02489495,-1.427102,2.803134,-2.344712,-0.9889787,-0.02772421,0,0,11.84751,11.40763,-0.05043224,-0.02098899,0.06704365,-0.4841957,3.845981,-0.2971054,-0.03134645,0.001850693,-0.04502909,-0.7719401,1.849134,-0.2200264,0.4144268,1.25817,0.9087265,278.7402,22.79652,337.6816
0,2.044448,-0.0303587,-0.07047956,-0.02501741,-1.426597,2.803122,-2.344137,-0.9888701,0.0101962,0,0,11.92571,11.52493,-0.03107037,-0.02640668,0.09138006,-0.4823517,3.845921,-0.2975947,-0.03891366,0.009303654,-0.0577515,-0.7731375,1.849171,-0.2194125,0.4144059,1.258222,0.9085497,278.7513,22.14332,338.3514
0,2.055559,-0.04963101,-0.05253214,-0.03366502,-1.426147,2.80264,-2.342801,-0.9887023,0.01525617,0,0,11.99413,11.58358,-0.06001407,-0.06466359,0.08088921,-0.4812881,3.84197,-0.2924534,-0.04959625,0.0146494,-0.06191035,-0.7740078,1.849331,-0.2186109,0.4143978,1.258288,0.908389,278.7955,21.59227,338.9191
0,2.06667,-0.06674282,-0.04742147,-0.04858074,-1.425131,2.802108,-2.341361,-0.9886042,0.008845933,0,0,11.97458,11.59335,-0.1069433,-0.07839151,0.07910505,-0.4801573,3.839562,-0.2873218,-0.05164106,0.02424076,-0.05658263,-0.7746225,1.849746,-0.2183353,0.4144207,1.258364,0.9082245,278.8957,21.00471,339.5309
0,2.077781,-0.09126097,-0.05512037,-0.06333945,-1.42369,2.801858,-2.339441,-0.9879678,0.05818311,0,0,11.86706,11.55425,-0.1377313,-0.05807972,0.08577411,-0.4790494,3.840689,-0.2856898,-0.05142081,0.04024638,-0.03956361,-0.7746438,1.851233,-0.2188461,0.4144772,1.258433,0.9080963,278.9333,20.64115,339.9273
0,2.088892,-0.09974851,-0.06369815,-0.06536243,-1.422353,2.801996,-2.338217,-0.9879097,0.004901929,0,0,11.66178,11.48583,-0.08858197,-0.01880354,0.0918438,-0.4782638,3.843966,-0.2893777,-0.05455367,0.05730125,-0.03742921,-0.7752845,1.852868,-0.2192261,0.4145924,1.258522,0.9080411,279.0248,20.21294,340.3806
0,2.100003,-0.1029035,-0.07327703,-0.06312479,-1.421053,2.802426,-2.337016,-0.9875358,0.03429915,0,0,11.38807,11.43695,-0.0512053,-0.0157193,0.1022129,-0.4767191,3.844872,-0.291034,-0.06526619,0.05838596,-0.04371243,-0.7762268,1.853564,-0.2186178,0.4147745,1.258618,0.9080725,279.164,19.65389,340.9443
0,2.111114,-0.1029035,-0.07327703,-0.06312479,-1.421053,2.802426,-2.337016,-0.9882783,-0.06808663,0,0,11.03617,11.40763,-0.0512053,-0.0157193,0.1022129,-0.4767191,3.844872,-0.291034,-0.06526619,0.05838596,-0.04371243,-0.7762268,1.853564,-0.2186178,0.4150024,1.258749,0.9081988,279.3382,19.05991,341.5439
0,2.122225,-0.1180626,-0.05262146,-0.1208247,-1.417533,2.799443,-2.333697,-0.9896802,-0.127527,0,0,10.68426,11.32942,-0.2261874,-0.1164733,0.1012934,-0.4733375,3.833805,-0.2710105,-0.05569341,0.05196045,-0.04379299,-0.7772127,1.854291,-0.2182602,0.4163844,1.258883,0.9072692,279.3962,13.03952,348.3001
0,2.133336,-0.1394448,-0.05942673,-0.1537202,-1.414738,2.797833,-2.331026,-0.9875709,0.1939293,0,0,10.35191,11.20235,-0.2801233,-0.1174887,0.1517913,-0.4693502,3.83318,-0.2653912,-0.05741296,0.08716934,-0.01293664,-0.7766656,1.857921,-0.2200996,0.4173024,1.258964,0.9074069,279.4738,13.01234,348.7011
0,2.144447,-0.1703161,-0.1263506,-0.2275157,-1.408017,2.796675,-2.327703,-0.9878575,-0.02788636,0,0,10.05865,11.01662,-0.2293495,-0.004783124,0.2037778,-0.4664921,3.845175,-0.2756276,-0.09199481,0.164018,0.02246436,-0.7761048,1.865216,-0.2228507,0.4180926,1.259121,0.9077393,279.858,15.51473,346.1892
0,2.155558,-0.1819053,-0.1809717,-0.2514266,-1.402472,2.79688,-2.325289,-0.9875044,0.03281374,0,0,9.872923,10.76246,-0.09879625,0.1013428,0.2423373,-0.464205,3.858574,-0.2916702,-0.1119955,0.1939291,0.0386037,-0.7758875,1.870241,-0.224281,0.4187635,1.259287,0.9081305,280.1989,15.21187,346.3388
0,2.166669,-0.2093812,-0.267719,-0.285614,-1.394934,2.797851,-2.322095,-0.9869339,0.05195984,0,0,9.775171,10.52786,-0.04534447,0.1363369,0.254759,-0.4618284,3.866258,-0.2998346,-0.115293,0.1928463,0.02905047,-0.776427,1.872667,-0.224713,0.4195705,1.259531,0.9086077,280.4719,11.42207,350.0606
0,2.17778,-0.2156168,-0.3179179,-0.2957353,-1.388563,2.79884,-2.319658,-0.9877766,-0.07734828,0,0,9.784947,10.36168,-0.06259905,0.1310962,0.2293222,-0.4606731,3.869927,-0.301811,-0.1164059,0.1875177,0.02587423,-0.7766907,1.87533,-0.2252736,0.4206882,1.259989,0.9091873,280.8538,7.418483,354.0239
0,2.188891,-0.2187919,-0.3286475,-0.3020081,-1.383148,2.798971,-2.317136,-0.9871619,0.05699316,0,0,9.902249,10.25415,-0.06595947,0.1151457,0.2133384,-0.459178,3.872316,-0.3031245,-0.1165496,0.1789767,0.01417065,-0.7773671,1.877524,-0.2256134,0.4222698,1.260474,0.909749,281.1865,2.41514,359.3572
0,2.200002,-0.2272872,-0.3673944,-0.3367509,-1.375594,2.798932,-2.314245,-0.988012,-0.07813695,0,0,10.08798,10.2346,-0.0652059,0.07150787,0.1876891,-0.4579705,3.87099,-0.3013279,-0.1143761,0.1555519,0.02377323,-0.7768942,1.878924,-0.2254899,0.4238822,1.261045,0.9101523,281.7138,349.1042,13.06378
0,2.211113,-0.2315205,-0.391039,-0.3556663,-1.368708,2.799042,-2.311515,-0.9883241,-0.02772097,0,0,10.28348,10.33236,-0.05432706,0.04477495,0.2237834,-0.4538969,3.872293,-0.3024898,-0.1141621,0.1481292,0.04615956,-0.7757948,1.881272,-0.2259008,0.4254382,1.261829,0.9104134,282.3279,342.2932,20.30963
0,2.222224,-0.2325226,-0.4188666,-0.3670994,-1.361322,2.799657,-2.308955,-0.9881148,0.01943281,0,0,10.47898,10.55719,-0.02750877,0.02015862,0.2554889,-0.4497376,3.873762,-0.3045849,-0.1108354,0.1545322,0.05676903,-0.775259,1.884493,-0.2271354,0.4272241,1.262517,0.9109128,282.516,343.4257,19.80095
0,2.233335,-0.2335836,-0.4220989,-0.3702674,-1.354879,2.799634,-2.306319,-0.988315,-0.0184758,0,0,10.66471,10.86999,-0.02113767,0.007358387,0.2575459,-0.4469897,3.874912,-0.3055479,-0.1118752,0.1502732,0.05998993,-0.7747236,1.88679,-0.2275226,0.4294163,1.263048,0.9114683,282.6631,345.0267,18.75048
0,2.244446,-0.2356783,-0.4349239,-0.3733269,-1.348022,2.800047,-2.303641,-0.9884924,-0.01598025,0,0,10.85044,11.27077,-0.01872471,0.005169451,0.2948149,-0.4424501,3.878557,-0.308605,-0.1044272,0.1342794,0.06313332,-0.7741117,1.888284,-0.2277498,0.4316658,1.263625,0.9120001,282.9276,345.0903,19.19785
0,2.255557,-0.2238094,-0.4720954,-0.3665949,-1.34047,2.80157,-2.301817,-0.9886283,-0.01224686,0,0,11.02639,11.63245,-0.0110804,0.0157675,0.3150119,-0.4385315,3.882816,-0.3126141,-0.09599088,0.1193244,0.0577417,-0.7738358,1.889278,-0.2278542,0.4337113,1.264371,0.9124416,283.2589,344.3282,20.40778
0,2.266668,-0.2183471,-0.5029019,-0.3599042,-1.332855,2.803371,-2.29998,-0.988559,0.006449135,0,0,11.19257,11.92571,-0.001441389,0.02532354,0.3181465,-0.4352873,3.88696,-0.3167415,-0.07913308,0.09155989,0.04588365,-0.7738432,1.889246,-0.227716,0.4354454,1.265374,0.9128311,283.4814,343.6231,21.46223
0,2.277779,-0.2042945,-0.5431571,-0.3424853,-1.325129,2.80623,-2.2989,-0.9891838,-0.05715265,0,0,11.31965,12.19941,0.01438004,0.001868874,0.3062671,-0.4322646,3.887393,-0.3178544,-0.06860701,0.07340997,0.03834372,-0.7737447,1.889427,-0.2275067,0.4368305,1.266666,0.9131877,283.5489,342.9874,22.39361
0,2.28889,-0.189237,-0.5555594,-0.3114998,-1.318895,2.808957,-2.298015,-0.989163,0.002329625,0,0,11.4174,12.50244,0.007830024,-0.01940942,0.2935002,-0.4292296,3.886826,-0.3171175,-0.06443956,0.04357311,0.03727816,-0.7732328,1.888735,-0.2263687,0.4376759,1.268111,0.9134334,283.6162,340.9001,24.62027
0,2.300001,-0.1721284,-0.540179,-0.2722911,-1.313878,2.811504,-2.297389,-0.9896099,-0.04092999,0,0,11.47605,12.85435,-0.0008358359,-0.02894332,0.2786349,-0.4266986,3.887324,-0.3171865,-0.0664476,0.02017457,0.05438074,-0.7718666,1.888359,-0.2253596,0.4380594,1.269573,0.9136664,283.6556,338.6737,26.88166
0,2.311112,-0.1593459,-0.520717,-0.2490914,-1.308944,2.813515,-2.296645,-0.9898006,-0.01715805,0,0,11.51515,13.24536,-0.002032176,-0.02039145,0.2594882,-0.4246091,3.889195,-0.3188238,-0.06426659,0.009526666,0.06183074,-0.7708765,1.888281,-0.2247055,0.4381094,1.270893,0.9139597,283.6373,336.9612,28.5959
0,2.322223,-0.1274203,-0.4926616,-0.2260381,-1.304715,2.815281,-2.296989,-0.9900067,-0.01881994,0,0,11.51515,13.55816,0.005235359,-0.006513417,0.23069,-0.4233973,3.891657,-0.3214363,-0.05790293,-7.98367E-05,0.06177758,-0.7701403,1.887948,-0.2240584,0.437918,1.271922,0.9142496,283.6018,335.6698,29.8364
0,2.333334,-0.08279264,-0.4475673,-0.2074617,-1.301077,2.816244,-2.297889,-0.9899204,0.007941706,0,0,11.48583,13.77322,-0.007978156,-0.007471174,0.1764601,-0.4233286,3.890676,-0.3199655,-0.05809529,-0.01181554,0.0468832,-0.7700999,1.887172,-0.2227649,0.4375454,1.272572,0.9144433,283.6148,334.6984,30.71841
0,2.344445,-0.06473213,-0.4260914,-0.1981461,-1.296849,2.817494,-2.298117,-0.9909042,-0.09009147,0,0,11.42717,13.89052,-0.03138073,0.002174906,0.177726,-0.4216253,3.892949,-0.3207466,-0.05704038,0.0009607859,0.04259101,-0.7699092,1.887999,-0.2227593,0.4370529,1.272911,0.9145481,283.6804,333.9574,31.29454
0,2.355556,-0.03602636,-0.3895039,-0.1730336,-1.293956,2.818878,-2.299083,-0.9915513,-0.05857909,0,0,11.3392,13.96872,-0.02166514,0.05540431,0.176671,-0.4204545,3.900269,-0.3275701,-0.05363865,0.02973896,0.05529127,-0.7691635,1.890494,-0.2239985,0.436345,1.273018,0.9144806,283.7427,333.1464,31.90898
0,2.366668,-0.01152319,-0.3689111,-0.1477506,-1.291057,2.820686,-2.300403,-0.9905952,0.08767209,0,0,11.24145,13.89052,0.007020131,0.08412553,0.1573173,-0.4201818,3.905909,-0.3339181,-0.04093143,0.03182403,0.04769155,-0.7691188,1.891066,-0.2244025,0.4355015,1.272914,0.9142862,283.7994,332.3654,32.45891
0,2.377779,0.03198218,-0.288419,-0.106093,-1.291259,2.821143,-2.302552,-0.9909367,-0.03222543,0,0,11.12415,13.60704,0.03415291,0.07670715,0.08891644,-0.4217243,3.905691,-0.3351165,-0.04234242,0.003024288,0.02218278,-0.7695332,1.889382,-0.2226363,0.4347615,1.27274,0.9141758,283.8876,331.9878,32.54556
0,2.38889,0.04997864,-0.2466635,-0.09165476,-1.289882,2.821728,-2.303813,-0.9909905,-0.004745164,0,0,11.00684,13.11828,0.01063359,0.06078166,0.08481679,-0.420821,3.90606,-0.3345018,-0.04569492,-0.009770075,0.01051464,-0.7697409,1.888442,-0.2213281,0.4342337,1.272561,0.9140667,283.9274,331.8588,32.47676
0,2.400001,0.0711239,-0.1813228,-0.06468368,-1.290328,2.821727,-2.305308,-0.9919151,-0.08469457,0,0,10.86022,12.45357,-0.02264164,0.05772853,0.05417711,-0.4214649,3.907103,-0.3338917,-0.04781996,0.003011305,0.00838735,-0.7698442,1.889144,-0.2211294,0.4338639,1.272339,0.9138517,283.9306,331.7687,32.51289
0,2.411112,0.07953165,-0.1460814,-0.05973625,-1.28984,2.821629,-2.306426,-0.9907992,0.1024822,0,0,10.72336,11.75953,-0.02175204,0.05669586,0.03179155,-0.4222559,3.907946,-0.3345404,-0.04021169,0.01472528,0.02000596,-0.7693174,1.890195,-0.2217164,0.4335718,1.271968,0.913464,283.8954,331.7044,32.60231
0,2.422223,0.0889675,-0.1066367,-0.06016856,-1.289571,2.820952,-2.307532,-0.9907982,-0.001021283,0,0,10.60606,11.20235,-0.007858165,0.04918921,0.0391292,-0.4215411,3.9092,-0.3362222,-0.02204966,0.01361658,0.02514191,-0.768951,1.89038,-0.2222783,0.4334163,1.271521,0.9130682,283.8448,332.0783,32.23821
0,2.433334,0.09210923,-0.1003201,-0.06875809,-1.288197,2.820856,-2.30857,-0.990257,0.04945436,0,0,10.54741,10.76246,0.01859817,0.04701208,0.01760943,-0.4221771,3.909342,-0.3374699,-0.01576498,-0.005583989,0.01977896,-0.768746,1.889336,-0.2216131,0.4334101,1.271117,0.9127632,283.7374,332.6866,31.64227
