ref,t,emg1,emg2,emg1raw,emg2raw,aDotS,bDotS,gDotS,aS,bS,gS,aDotSH,bDotSH,gDotSH,aSH,bSH,gSH
90,0,477,364,501,486,-0.994655,-0.08725536,-0.4119765,-0.8619491,3.050077,-0.003706587,-0.4666932,-0.2002811,0.3498706,-0.3484283,2.569108,2.747858
90,0.01111111,524,443,509,482,-0.9570402,-0.1422627,-0.3934637,-0.8591448,3.044194,0.009752496,-0.5265175,-0.1708948,0.3629195,-0.3478568,2.555951,2.76801
90,0.02222222,524,443,509,482,-0.9119843,-0.1939193,-0.3621162,-0.8556763,3.03995,0.02149331,-0.3577426,-0.2377537,0.3460708,-0.3510211,2.541481,2.779958
90,0.03333334,524,443,509,482,-0.8680363,-0.2360808,-0.3372743,-0.8522648,3.035686,0.03286447,-0.3955222,-0.1955665,0.3226613,-0.3510329,2.533738,2.792388
90,0.04444445,524,443,509,482,-0.8166517,-0.2727708,-0.3039727,-0.8484203,3.032099,0.04306065,-0.4234548,-0.1670317,0.322722,-0.3508667,2.522877,2.808066
90,0.05555556,544,600,500,477,-0.7675155,-0.2849596,-0.2730581,-0.8454306,3.028697,0.05272739,-0.3987603,-0.1710276,0.3428211,-0.3516107,2.507701,2.825845
90,0.06666667,544,600,500,477,-0.7333244,-0.2984791,-0.2570139,-0.8419168,3.025161,0.06238242,-0.4170614,-0.1734537,0.3131317,-0.3528183,2.498432,2.839589
90,0.07777778,544,600,500,477,-0.7333244,-0.2984791,-0.2570139,-0.8419168,3.025161,0.06238242,-0.4170614,-0.1734537,0.3131317,-0.3528183,2.498432,2.839589
90,0.08888889,544,600,500,477,-0.6328597,-0.3336689,-0.205798,-0.834044,3.019062,0.07824474,-0.4068283,-0.136189,0.2958441,-0.3535091,2.479231,2.866301
90,0.1,544,600,500,477,-0.608217,-0.3439867,-0.1897644,-0.8302565,3.016592,0.08512155,-0.4038319,-0.1042071,0.3020777,-0.3529093,2.468495,2.880577
90,0.1111111,607,817,528,477,-0.5707271,-0.3571975,-0.1567308,-0.8265935,3.014709,0.09041858,-0.383842,-0.05814505,0.3155411,-0.3510249,2.459441,2.892368
90,0.1222222,607,817,528,477,-0.5376056,-0.3674636,-0.1343226,-0.8223106,3.012981,0.09672068,-0.3333417,-0.003514826,0.2893608,-0.3489551,2.454003,2.89978
90,0.1333333,607,817,528,477,-0.4959967,-0.3743057,-0.1034576,-0.8188831,3.011564,0.102202,-0.2993145,-0.002220809,0.2742013,-0.3481279,2.446909,2.908339
90,0.1444445,607,817,528,477,-0.4533284,-0.3738597,-0.07905807,-0.8147883,3.010611,0.1068412,-0.2812653,-0.02887958,0.2347852,-0.3487314,2.441757,2.915881
90,0.1555556,607,817,528,477,-0.4288244,-0.3703851,-0.06423469,-0.810916,3.009436,0.1120094,-0.271751,-0.05240136,0.1953805,-0.3495026,2.439134,2.920992
90,0.1666667,578,982,503,471,-0.3915666,-0.352977,-0.04533394,-0.8074848,3.008914,0.1156994,-0.2536211,-0.06508589,0.183595,-0.3500821,2.433383,2.928902
90,0.1777778,578,982,503,471,-0.3554009,-0.3281941,-0.03084731,-0.8040115,3.00738,0.1197464,-0.2333803,-0.05957803,0.184485,-0.3498968,2.427622,2.935898
90,0.1888889,578,982,503,471,-0.3331091,-0.3013077,-0.01627363,-0.8014005,3.007256,0.1229166,-0.2144925,-0.04354014,0.1629694,-0.3496549,2.424168,2.941034
90,0.2,578,982,503,471,-0.2992207,-0.2444655,0.005415395,-0.8000972,3.007958,0.1251462,-0.2071737,-0.0414142,0.1437282,-0.3495516,2.421378,2.945668
90,0.2111111,535,983,505,467,-0.2865282,-0.2176894,0.01465406,-0.7980716,3.007649,0.1283031,-0.2020133,-0.04682706,0.1117295,-0.3499564,2.420966,2.947917
90,0.2222222,535,983,505,467,-0.2600712,-0.1705918,0.02473909,-0.7973925,3.008305,0.1300038,-0.1806141,-0.05622861,0.1137532,-0.3505769,2.416705,2.953357
90,0.2333333,535,983,505,467,-0.238951,-0.1257393,0.02633756,-0.7971278,3.008737,0.1318009,-0.1521693,-0.03907335,0.08362478,-0.3502238,2.417183,2.953323
90,0.2444444,535,983,505,467,-0.2221159,-0.07775277,0.0246972,-0.797197,3.008723,0.1339725,-0.1376366,-0.04027839,0.02919577,-0.3510318,2.420306,2.951609
90,0.2555556,535,983,505,467,-0.207336,-0.04680953,0.02326466,-0.7974095,3.009067,0.1356699,-0.115087,-0.04853951,0.0429153,-0.3514771,2.417756,2.95459
90,0.2666667,542,983,510,465,-0.1936205,-0.0126062,0.02819145,-0.7981504,3.009865,0.1369094,-0.106499,-0.05377023,0.0460849,-0.3519261,2.415257,2.95793
90,0.2777778,542,983,510,465,-0.1819619,0.003455609,0.03118335,-0.7982953,3.010412,0.1383214,-0.1075298,-0.04843362,0.05244225,-0.3523373,2.413737,2.960148
90,0.2888889,542,983,510,465,-0.173459,0.01209389,0.03852854,-0.7985824,3.011345,0.1393675,-0.1033689,-0.03238428,0.05661019,-0.3518872,2.411392,2.963393
90,0.3,542,983,510,465,-0.1585079,0.006899774,0.04494298,-0.7983997,3.01226,0.1401068,-0.08545568,-0.02596666,0.03192349,-0.3521461,2.41312,2.961768
90,0.3111111,553,983,505,468,-0.14677,0.003796458,0.04920778,-0.7981542,3.013016,0.1410245,-0.07489356,-0.0398549,0.003159573,-0.3529988,2.414654,2.96088
90,0.3222222,553,983,505,468,-0.1254555,0.0006679446,0.04706269,-0.7980173,3.013632,0.1414059,-0.06749043,-0.05057056,-0.01920387,-0.3542723,2.416101,2.959814
90,0.3333333,553,983,505,468,-0.1094829,0.002877489,0.04806819,-0.7980232,3.014435,0.1416498,-0.07712097,-0.03460882,-0.008557934,-0.3539213,2.415587,2.961296
90,0.3444445,553,983,505,468,-0.09883729,0.002887771,0.04485251,-0.7980295,3.015138,0.1420701,-0.0761057,-0.01000738,0.01047648,-0.3533179,2.414923,2.962508
90,0.3555556,553,983,505,468,-0.0903132,0.000758864,0.0416601,-0.7979379,3.015652,0.1424711,-0.07827287,-0.004693761,0.01153216,-0.3531735,2.414512,2.963821
90,0.3666667,562,983,508,469,-0.07853169,-0.01410478,0.04179367,-0.7973019,3.016214,0.1426086,-0.07279794,-0.01204408,0.02431801,-0.3534766,2.412551,2.966348
90,0.3777778,562,983,508,469,-0.0646281,-0.02682848,0.04190345,-0.796625,3.016863,0.1425686,-0.06951258,-0.01624669,0.03069411,-0.3536124,2.411474,2.967978
90,0.3888889,562,983,508,469,-0.05071789,-0.04278814,0.03778614,-0.7958388,3.017205,0.1425356,-0.07149966,-0.03545679,0.02759273,-0.3545109,2.410915,2.969299
90,0.4,562,983,508,469,-0.04006294,-0.04381993,0.03670776,-0.7952673,3.017642,0.1423854,-0.07052197,-0.03229254,0.01904807,-0.3547927,2.410849,2.970132
90,0.4111111,543,982,500,468,-0.02516765,-0.04281266,0.02705798,-0.7946164,3.01729,0.1424386,-0.06427653,-0.01949614,0.01254602,-0.354765,2.41111,2.970339
90,0.4222222,543,982,500,468,-0.01456754,-0.033238,0.02160416,-0.7945296,3.017409,0.1422325,-0.05689271,-0.01519878,0.008207878,-0.3549674,2.410987,2.970994
90,0.4333333,543,982,500,468,-0.01674843,-0.02370583,0.01724501,-0.7945312,3.017493,0.1424232,-0.05260268,-0.01513667,0.01137268,-0.3549296,2.410722,2.971675
90,0.4444444,543,982,500,468,-0.01575963,-0.007803296,0.01066345,-0.7946729,3.01718,0.1427545,-0.04199948,-0.01615207,0.003843132,-0.3552076,2.411073,2.971582
90,0.4555556,543,982,500,468,-0.009461991,0.00916417,0.0008784686,-0.7952636,3.016952,0.1428488,-0.04306509,-0.03221858,-0.01524428,-0.3559214,2.412695,2.970543
90,0.4666667,486,983,498,474,0.001060288,0.03358334,-0.0111269,-0.7963672,3.016543,0.1428461,-0.03877839,-0.03430944,-0.01527623,-0.3563118,2.413354,2.970135
90,0.4777778,486,983,498,474,0.02116948,0.0623719,-0.01575948,-0.7975944,3.016183,0.1423337,-0.03041608,-0.01506435,-0.01542707,-0.3560497,2.413981,2.969676
90,0.4888889,486,983,498,474,0.03068374,0.07619171,-0.02232159,-0.7988844,3.015829,0.1419689,-0.01872177,0.001074972,-0.002804521,-0.355548,2.413508,2.969805
90,0.5,486,983,498,474,0.04228608,0.09741152,-0.03430881,-0.8004535,3.014886,0.141841,-0.00916858,0.02362548,0.0183272,-0.3545243,2.411673,2.97138
90,0.5111111,486,983,498,474,0.04331654,0.1015968,-0.04181363,-0.8017771,3.014217,0.1417824,-0.001706354,0.02581776,0.0193326,-0.3542782,2.411081,2.971574
90,0.5222223,482,984,501,479,0.04225103,0.1005041,-0.04393023,-0.8029196,3.013676,0.1417052,0.01207557,0.02374671,0.007525077,-0.3540342,2.411684,2.970516
90,0.5333334,482,984,501,479,0.03264084,0.1036144,-0.04820804,-0.804157,3.01296,0.1421143,0.01841465,0.01627455,-0.00845792,-0.3540364,2.412969,2.969001
90,0.5444446,482,984,501,479,0.02296247,0.1248783,-0.04841498,-0.8061293,3.012593,0.1423657,0.02809013,-0.007152047,-0.02333093,-0.354863,2.414567,2.966904
90,0.5555557,482,984,501,479,0.02296247,0.1248783,-0.04841498,-0.8061293,3.012593,0.1423657,0.02809013,-0.007152047,-0.02333093,-0.354863,2.414567,2.966904
90,0.5666668,445,983,507,476,0.01219758,0.1547379,-0.04126678,-0.8102375,3.012064,0.1426964,0.03883554,-0.03485043,-0.04245412,-0.3564455,2.417528,2.963047
90,0.577778,445,983,507,476,0.01003999,0.1622083,-0.0392115,-0.8122876,3.01194,0.1427342,0.03791298,-0.04547237,-0.03707144,-0.3569813,2.41807,2.961951
90,0.5888891,445,983,507,476,0.01433979,0.1634472,-0.0243214,-0.8139355,3.012446,0.1419167,0.02838049,-0.04658669,-0.03060587,-0.3575549,2.4182,2.961779
90,0.6000003,445,983,507,476,0.02505681,0.1518436,-0.01782842,-0.8153251,3.012645,0.1412301,0.01875952,-0.04025145,-0.0284268,-0.3576055,2.418617,2.961405
90,0.6111114,445,983,507,476,0.03042193,0.1454797,-0.0167107,-0.8166818,3.012574,0.1406916,0.01769209,-0.03277005,-0.02097929,-0.3577424,2.417929,2.961772
90,0.6222225,392,927,499,482,0.04327807,0.1284904,-0.01655666,-0.8176517,3.01253,0.1398937,0.01124782,-0.03928209,-0.03475147,-0.3585094,2.419592,2.960332
90,0.6333337,392,927,499,482,0.05080087,0.1135781,-0.01960764,-0.8186398,3.012289,0.1391811,0.01123262,-0.03929846,-0.03688052,-0.3591102,2.420547,2.959315
90,0.6444448,392,927,499,482,0.05514853,0.09444498,-0.01728097,-0.8192165,3.012216,0.1384876,0.009064376,-0.0275546,-0.02839508,-0.359042,2.420546,2.959265
90,0.655556,392,927,499,482,0.05415495,0.08059008,-0.01607293,-0.8196176,3.011949,0.1379778,0.007930186,-0.02010603,-0.03055116,-0.3589686,2.421781,2.95796
90,0.6666671,370,790,507,489,0.04466102,0.06143254,-0.01051926,-0.8197657,3.012024,0.1377099,0.002485812,-0.01701509,-0.04331084,-0.359172,2.424049,2.955944
90,0.6777782,370,790,507,489,0.04474035,0.04546162,-0.009287801,-0.8198723,3.011838,0.1372348,0.00357971,-0.02019195,-0.04331284,-0.3594857,2.425727,2.954271
90,0.6888894,370,790,507,489,0.04159076,0.03695318,-0.006008409,-0.8200406,3.011581,0.1369776,0.003559444,-0.02556701,-0.05286213,-0.3600711,2.427249,2.95275
90,0.7000005,370,790,507,489,0.04696093,0.03066453,0.001504809,-0.8202094,3.011902,0.1361142,0.01640948,-0.02220343,-0.04018765,-0.3602405,2.427516,2.951954
90,0.7111117,370,790,507,489,0.04699422,0.0264322,0.004739434,-0.820342,3.011963,0.1354409,0.01859757,-0.02321782,-0.03273467,-0.3605494,2.427539,2.951746
90,0.7222228,397,679,508,490,0.04700313,0.02321364,0.002643252,-0.820505,3.011955,0.134937,0.02384008,-0.0168025,-0.03706409,-0.3606304,2.428966,2.95
90,0.7333339,397,679,508,490,0.04489325,0.02105892,0.001596402,-0.8206574,3.011785,0.1344215,0.02059723,-0.01470321,-0.03917092,-0.3607305,2.430025,2.949112
90,0.7444451,397,679,508,490,0.04170429,0.01999159,0.002680274,-0.8208294,3.01189,0.1339954,0.01949849,-0.01794717,-0.04660489,-0.361221,2.431798,2.947382
90,0.7555562,397,679,508,490,0.04170429,0.01999159,0.002680274,-0.8208294,3.01189,0.1339954,0.01949849,-0.01794717,-0.04660489,-0.361221,2.431798,2.947382
90,0.7666674,415,555,508,489,0.02780751,0.03483994,0.00254402,-0.8218579,3.011991,0.1333919,0.02280933,-0.02640006,-0.03912358,-0.3619539,2.433259,2.945563
90,0.7777785,415,555,508,489,0.02671522,0.04334836,0.001391069,-0.822594,3.012119,0.1328529,0.0228577,-0.03064014,-0.03803692,-0.3622357,2.434222,2.94437
90,0.7888896,415,555,508,489,0.02030845,0.04968037,-0.0008006692,-0.823166,3.011995,0.132626,0.02504469,-0.03057297,-0.02955114,-0.3624999,2.435321,2.943077
90,0.8000008,415,555,508,489,0.02027638,0.05496076,-0.005118727,-0.823917,3.011916,0.132455,0.0218184,-0.03061966,-0.0337891,-0.362926,2.43645,2.94185
90,0.8111119,415,555,508,489,0.01706836,0.0592041,-0.005157597,-0.8246004,3.011976,0.1322185,0.01863578,-0.03384219,-0.03483828,-0.3634613,2.438286,2.940094
90,0.8222231,405,468,501,489,0.01709338,0.05388942,-0.004035231,-0.825051,3.012021,0.131998,0.01650295,-0.03171913,-0.03270241,-0.3638086,2.438987,2.939296
90,0.8333342,405,468,501,489,0.0192412,0.05281449,-0.006164213,-0.8256779,3.011858,0.1315911,0.01121175,-0.03387372,-0.02840309,-0.3643066,2.439566,2.938941
90,0.8444453,405,468,501,489,0.01606128,0.04848895,-0.01143157,-0.8262053,3.01171,0.1314648,0.01016829,-0.03279698,-0.02413938,-0.3646651,2.439786,2.938642
90,0.8555565,405,468,501,489,0.01716268,0.03888356,-0.01346164,-0.8264422,3.011496,0.1314052,0.01231532,-0.03383467,-0.02412966,-0.3649127,2.439652,2.938456
90,0.8666676,405,468,501,489,0.01184371,0.03670834,-0.01555404,-0.8268428,3.011331,0.1314749,0.01126891,-0.03704426,-0.02517221,-0.3654794,2.440213,2.937837
90,0.8777788,369,392,503,495,0.01185967,0.0335241,-0.01445455,-0.8271506,3.011219,0.1314233,0.01011511,-0.0253257,-0.02307619,-0.3655061,2.440304,2.937763
90,0.8888899,369,392,503,495,0.006574862,0.0238561,-0.01967179,-0.8272087,3.010648,0.131697,0.009013303,-0.01678205,-0.0167154,-0.3654794,2.440369,2.937808
90,0.900001,369,392,503,495,0.007678924,0.0164383,-0.01639857,-0.827221,3.01053,0.1316507,0.005849363,-0.01785842,-0.01349155,-0.3657106,2.44042,2.937778
90,0.9111122,369,392,503,495,0.008775346,0.01220085,-0.01528697,-0.8273957,3.010411,0.1314424,0.007975901,-0.01998533,-0.01669145,-0.3660504,2.441042,2.937043
90,0.9222233,372,317,493,493,0.01621171,0.01539377,-0.01853372,-0.827687,3.010064,0.1312885,0.01226796,-0.02742728,-0.02094813,-0.366614,2.441707,2.936171
90,0.9333345,372,317,493,493,0.02261013,0.01327891,-0.0195905,-0.8278245,3.009738,0.1310808,0.007920835,-0.02109303,-0.02414333,-0.3668526,2.442621,2.935504
90,0.9444456,372,317,493,493,0.02580489,0.01432241,-0.02280778,-0.8280662,3.009267,0.1309119,0.008926153,-0.008270815,-0.01781962,-0.3666299,2.442867,2.93514
90,0.9555568,372,317,493,493,0.0247103,0.02178592,-0.02182005,-0.8285211,3.009051,0.1308283,0.006737461,0.001304131,-0.01573236,-0.3664973,2.443817,2.934142
90,0.9666679,372,317,493,493,0.02258079,0.02500997,-0.01971833,-0.8290809,3.008934,0.1305689,0.007833282,0.001333209,-0.01147902,-0.3664707,2.443857,2.933977
90,0.977779,364,282,503,496,0.02148872,0.03357299,-0.01554632,-0.8296892,3.008943,0.130366,0.01315822,0.004578831,-0.008323672,-0.3664414,2.443385,2.934093
90,0.9888902,364,282,503,496,0.02677528,0.04528811,-0.01782733,-0.8304802,3.008474,0.1300304,0.0205979,-0.00179931,-0.01899539,-0.3667024,2.444518,2.93253
90,1.000001,364,282,503,496,0.02886776,0.05598363,-0.01475056,-0.8313867,3.008533,0.1296001,0.02919617,-0.01560268,-0.024318,-0.3673255,2.445297,2.931247
90,1.011112,364,282,503,496,0.03095492,0.06878874,-0.01276857,-0.83233,3.008449,0.1291782,0.03235185,-0.008089274,-0.02010649,-0.3670481,2.44539,2.930862
90,1.022224,369,241,496,495,0.02880885,0.07414014,-0.009625133,-0.8332903,3.008589,0.128823,0.02688934,0.004629517,-0.02438924,-0.3667721,2.446654,2.929526
90,1.033335,369,241,496,495,0.02134988,0.07627344,-0.006435453,-0.8341809,3.008764,0.1286877,0.02577296,0.01100506,-0.02548485,-0.3666209,2.447981,2.927922
90,1.044446,369,241,496,495,0.01283637,0.08061172,0.003126078,-0.8352648,3.009345,0.1283388,0.03217435,0.008922141,-0.02658619,-0.3666331,2.448932,2.926507
90,1.055557,369,241,496,495,0.009636782,0.0860157,0.01159813,-0.8362768,3.010006,0.127877,0.04077377,-0.009156354,-0.03614838,-0.367235,2.450367,2.924555
90,1.066668,369,241,496,495,0.009646542,0.08605132,0.01479447,-0.8372057,3.010446,0.1273998,0.04728611,-0.02187658,-0.03400378,-0.3678704,2.450901,2.923351
90,1.077779,368,210,518,502,0.01501206,0.0808275,0.02229605,-0.8378875,3.011174,0.1265832,0.04623897,-0.02614451,-0.03396716,-0.3682747,2.451361,2.922698
90,1.08889,368,210,518,502,0.01940859,0.05210739,0.02471892,-0.8376712,3.011472,0.1259095,0.03453453,-0.02300501,-0.0264331,-0.3683301,2.451305,2.922909
90,1.100002,368,210,518,502,0.02481845,0.03296712,0.02597717,-0.8374907,3.011876,0.1252144,0.02906501,-0.002793308,-0.02329491,-0.3678614,2.452067,2.921989
90,1.111113,368,210,518,502,0.03131697,0.005256314,0.02199772,-0.836876,3.01193,0.1246881,0.02153678,0.009957561,-0.0169201,-0.3674896,2.452824,2.921402
90,1.122224,362,214,496,494,0.03457536,-0.01181948,0.01791174,-0.836272,3.011929,0.1242146,0.00980161,0.01199164,-0.01684549,-0.3672984,2.453387,2.921089
90,1.133335,362,214,496,494,0.03995895,-0.02677675,0.01271922,-0.8355529,3.011557,0.1238279,0.007674417,0.006617399,-0.02426226,-0.3674603,2.454699,2.919621
90,1.144446,362,214,496,494,0.03675409,-0.02465972,0.01270373,-0.8353367,3.011705,0.1234226,0.00874196,0.004485513,-0.02639043,-0.3675429,2.455671,2.918592
90,1.155557,362,214,496,494,0.03463015,-0.02681052,0.01166613,-0.8349745,3.011772,0.1230482,0.005463913,0.01084778,-0.02746132,-0.3672451,2.456656,2.918017
90,1.166668,362,214,496,494,0.03139827,-0.01830214,0.0115823,-0.8349665,3.011943,0.122679,0.004459911,0.01087968,-0.01893156,-0.3670789,2.456635,2.918003
90,1.17778,362,214,496,494,0.03139827,-0.01830214,0.0115823,-0.8349665,3.011943,0.122679,0.004459911,0.01087968,-0.01893156,-0.3670789,2.456635,2.918003
90,1.188891,378,219,505,498,0.02177713,-0.005503231,0.0157201,-0.8352456,3.01247,0.1218758,0.001289374,0.01407962,-0.01145915,-0.3668057,2.456787,2.917897
90,1.200002,378,219,505,498,0.02280404,0.003011656,0.01456133,-0.8354927,3.012685,0.1214444,-0.001904049,0.01191457,-0.01355483,-0.3667721,2.457398,2.917277
90,1.211113,378,219,505,498,0.02170179,0.01368815,0.01657769,-0.8359705,3.013029,0.1209325,-0.0008453187,0.0108448,-0.01782623,-0.366648,2.458736,2.915923
90,1.222224,378,219,505,498,0.01953735,0.02112439,0.01543763,-0.8364025,3.013266,0.1206167,0.0002803477,0.004467146,-0.01673852,-0.3667998,2.459044,2.915609
90,1.233335,344,216,508,502,0.01205491,0.02535937,0.01540283,-0.8368563,3.013446,0.1206449,-0.006099472,0.002282873,-0.01775195,-0.3668275,2.459806,2.915138
90,1.244446,344,216,508,502,0.01205559,0.02959107,0.01216289,-0.8373303,3.013614,0.1200063,-0.00828809,0.006511088,-0.02095241,-0.3667167,2.46075,2.914411
90,1.255558,344,216,508,502,0.006729167,0.02956877,0.01217508,-0.8376344,3.013854,0.1199243,-0.01141333,0.002242205,-0.01665476,-0.3668451,2.461124,2.914208
90,1.266669,344,216,508,502,0.0003357492,0.02637849,0.01328489,-0.8381357,3.014106,0.1201682,-0.01143155,0.003298375,-0.01772544,-0.3669181,2.461703,2.913816
90,1.27778,362,220,492,498,-0.0006730459,0.01469068,0.01660809,-0.8379508,3.014424,0.1199898,-0.007180176,0.003333971,-0.01880781,-0.3667977,2.461986,2.913556
90,1.288891,362,220,492,498,-0.003831494,0.005099479,0.01778768,-0.8377277,3.014786,0.1199456,-0.01148865,0.009692512,-0.01882164,-0.3665655,2.463344,2.912466
90,1.300002,362,220,492,498,-0.004885421,0.00297595,0.0188781,-0.8376712,3.015092,0.1198252,-0.004067913,0.009737166,-0.0231316,-0.3664744,2.46429,2.911523
90,1.311113,362,220,492,498,-0.004860304,-0.00125083,0.02211926,-0.8375375,3.015528,0.1195818,-0.006201896,0.005436212,-0.02735874,-0.3666843,2.465408,2.910731
90,1.322224,362,220,492,498,-0.0006033145,0.0009201821,0.0242172,-0.8375759,3.015981,0.1191727,-0.007270495,0.008638494,-0.02417036,-0.3665495,2.46607,2.910223
90,1.333336,354,235,505,500,-0.00482294,-0.005480975,0.02747515,-0.8370044,3.01611,0.1191386,-0.01682337,0.01394136,-0.01241229,-0.3662155,2.465871,2.910951
90,1.344447,354,235,505,500,-0.005856626,-0.01185403,0.02967625,-0.8366421,3.016572,0.1189112,-0.02322176,0.01602881,-0.01131631,-0.3659993,2.466663,2.910569
90,1.355558,354,235,505,500,-0.001534738,-0.02676398,0.02876612,-0.8358976,3.016976,0.1185282,-0.02854233,0.01063333,-0.01657888,-0.366093,2.467505,2.910224
90,1.366669,354,235,505,500,-0.000439316,-0.03101825,0.02987489,-0.8353111,3.017381,0.1180909,-0.03171898,0.007406689,-0.01759964,-0.3661085,2.467916,2.910274
90,1.37778,351,278,506,501,-0.0004150905,-0.03742097,0.02887774,-0.8346837,3.017687,0.1178939,-0.03171897,0.007406682,-0.01759964,-0.3660541,2.468476,2.910098
90,1.388891,351,278,506,501,-0.001517933,-0.03318735,0.02670615,-0.8344232,3.018021,0.1179296,-0.02961133,0.01276298,-0.01337767,-0.3658698,2.468624,2.910366
90,1.400002,351,278,506,501,-0.002603438,-0.0289422,0.02559807,-0.834191,3.01833,0.117774,-0.02639806,0.01065873,-0.01339072,-0.3658395,2.469032,2.910193
90,1.411114,351,278,506,501,-0.006962299,-0.00875676,0.02219537,-0.8346165,3.018579,0.1178848,-0.02317405,0.008548111,-0.01233802,-0.3660142,2.469325,2.910075
90,1.422225,351,278,506,501,-0.01022624,0.00937289,0.02520598,-0.8351716,3.01913,0.1176968,-0.01996079,0.006443858,-0.01235107,-0.3660398,2.469678,2.909882
90,1.433336,350,317,500,502,-0.01351845,0.03168013,0.02072155,-0.8359572,3.019569,0.1175296,-0.01564573,-0.005266082,-0.01658815,-0.3665862,2.470189,2.909633
90,1.444447,350,317,500,502,-0.01783635,0.04768625,0.02482252,-0.8368696,3.020248,0.1173921,-0.01352068,-0.007394376,-0.01978926,-0.3667977,2.470957,2.909007
90,1.455558,350,317,500,502,-0.0199688,0.05299624,0.02476282,-0.8374203,3.020546,0.1171796,-0.0124315,-0.01057722,-0.01978012,-0.3669847,2.471431,2.908726
90,1.466669,350,317,500,502,-0.0241921,0.0497912,0.0258627,-0.8377793,3.020851,0.1170438,-0.01338818,-0.0147874,-0.009090426,-0.3670305,2.47052,2.909803
90,1.47778,334,363,506,503,-0.02201925,0.04022428,0.02702476,-0.8379317,3.021314,0.116917,-0.01336742,-0.01263144,-0.003774198,-0.3670939,2.470217,2.910229
90,1.488891,334,363,506,503,-0.02301541,0.02634819,0.02504242,-0.8378406,3.02156,0.11681,-0.01654869,-0.00621191,0.006870192,-0.3668579,2.46944,2.911358
90,1.500003,334,363,506,503,-0.01973619,0.005034156,0.0231306,-0.8373266,3.021769,0.116811,-0.01880856,0.007608658,0.004689657,-0.3664068,2.469711,2.91136
90,1.511114,334,363,506,503,-0.0164923,-0.007758049,0.0211283,-0.8368856,3.021957,0.1167807,-0.02309645,0.006482739,-0.0005831178,-0.3663977,2.469538,2.91187
90,1.522225,334,363,506,503,-0.01002934,-0.02590081,0.01596883,-0.8361197,3.021674,0.1167711,-0.02415945,0.004333312,-0.002695867,-0.3664659,2.469834,2.911892
90,1.533336,316,391,498,500,-0.009970069,-0.04082532,0.01506197,-0.8352941,3.02174,0.1168302,-0.02206498,0.01289444,0.001508194,-0.3660744,2.469714,2.912131
90,1.544447,316,391,498,500,-0.01634067,-0.04938133,0.01302322,-0.8348685,3.021537,0.1174555,-0.0220552,0.01825635,0.008939839,-0.3656605,2.46912,2.912931
90,1.555558,316,391,498,500,-0.01952744,-0.05586505,0.005641999,-0.8340957,3.021268,0.1179317,-0.02311277,0.01824838,0.008951974,-0.3654267,2.46886,2.913352
90,1.566669,316,391,498,500,-0.02058087,-0.05690072,0.008851537,-0.8334005,3.021407,0.1181059,-0.02091136,0.008688398,0.007918366,-0.3653745,2.468731,2.913654
90,1.577781,316,391,498,500,-0.01952395,-0.06008416,0.006777261,-0.8330932,3.021877,0.1182012,-0.02409613,0.0129538,0.0143129,-0.3650608,2.468012,2.914664
90,1.588892,308,397,499,506,-0.01849141,-0.05154664,0.007749553,-0.8327348,3.021997,0.118287,-0.01873731,0.01087699,0.01642315,-0.3648936,2.467111,2.915592
90,1.600003,308,397,499,506,-0.01213552,-0.0440864,0.005524758,-0.8324264,3.021984,0.1182784,-0.02189475,0.01087417,0.02177248,-0.3647066,2.466127,2.916834
90,1.611114,308,397,499,506,-0.01321553,-0.04197725,0.00657382,-0.8316072,3.022079,0.1185176,-0.02300459,0.01620295,0.02177235,-0.3641276,2.46517,2.918034
90,1.622225,308,397,499,506,-0.01535613,-0.04203117,0.00231799,-0.8311635,3.021877,0.1188739,-0.02723044,0.0194046,0.03031015,-0.3636973,2.463797,2.919726
90,1.633336,297,392,503,509,-0.01749907,-0.03995785,-0.003021171,-0.8308647,3.02168,0.1191482,-0.02938002,0.01937095,0.02926368,-0.3635801,2.462903,2.921113
90,1.644447,297,392,503,509,-0.01749995,-0.03996113,-0.004085393,-0.8305483,3.021591,0.1193458,-0.03259473,0.02148479,0.03035739,-0.3631321,2.46153,2.922969
90,1.655559,297,392,503,509,-0.01430848,-0.03888282,-0.004104363,-0.8301424,3.021463,0.1194992,-0.0283691,0.01828291,0.02181956,-0.3629846,2.461538,2.923168
90,1.66667,297,392,503,509,-0.01114395,-0.03463645,-0.00629254,-0.8298165,3.02115,0.119879,-0.02839585,0.01828918,0.0175586,-0.3623966,2.461675,2.9233
90,1.677781,297,392,503,509,-0.009011501,-0.03570425,-0.007351609,-0.829416,3.020922,0.1200798,-0.02943591,0.0161551,0.01864171,-0.3622304,2.461074,2.924204
90,1.688892,313,415,491,498,-0.01007437,-0.03885429,-0.004105218,-0.8290911,3.02118,0.120319,-0.02943417,0.01188877,0.01548307,-0.3619987,2.460244,2.925446
90,1.700003,313,415,491,498,-0.009012889,-0.04103687,-0.009411383,-0.828616,3.020763,0.1206737,-0.03047736,0.01296581,0.01974678,-0.3617814,2.459368,2.926634
90,1.711114,313,415,491,498,-0.00687781,-0.04313242,-0.008308775,-0.8282878,3.021016,0.120622,-0.02512711,0.01196139,0.0229089,-0.3615704,2.458543,2.927651
90,1.722225,313,415,491,498,-0.003682505,-0.03986719,-0.003024158,-0.8279321,3.021123,0.1205032,-0.02090677,0.01411134,0.01967202,-0.3613121,2.458389,2.927912
90,1.733337,298,398,490,505,0.005879723,-0.03342234,-0.003106292,-0.8279656,3.021253,0.1200915,-0.0166795,0.0173282,0.01962003,-0.3612147,2.458075,2.928388
90,1.744448,298,398,490,505,0.004828226,-0.03234174,-0.000998925,-0.827597,3.020949,0.1201038,-0.02206122,0.02688728,0.02280897,-0.3605601,2.45753,2.929299
90,1.755559,298,398,490,505,0.005913518,-0.03658702,0.0001088523,-0.8270995,3.020918,0.1200276,-0.01989723,0.02693183,0.02704618,-0.3600775,2.456963,2.929983
90,1.76667,298,398,490,505,0.004857708,-0.03655808,0.002236336,-0.8268689,3.020865,0.1199717,-0.01557174,0.01737636,0.0249113,-0.3600498,2.457133,2.92986
90,1.777781,298,398,490,505,0.006987568,-0.03763721,0.0001119776,-0.8264529,3.02072,0.1199477,-0.0145061,0.008816784,0.01535686,-0.3601915,2.457263,2.929845
90,1.788892,298,393,525,514,0.00376734,-0.03124705,0.00111608,-0.8263016,3.020711,0.120002,-0.01342226,0.001344547,0.01006071,-0.3603289,2.457172,2.930127
90,1.800003,298,393,525,514,0.005887758,-0.03128353,-0.003150024,-0.8259634,3.020476,0.1200457,-0.01875407,-0.00084484,0.006913803,-0.3603939,2.457102,2.930534
90,1.811115,298,393,525,514,0.01012735,-0.02274366,-0.002203451,-0.8258276,3.020117,0.1198976,-0.01347792,0.008806175,0.01002122,-0.3599134,2.45696,2.9306
90,1.822226,298,393,525,514,0.01118285,-0.01844457,0.0009445818,-0.8257152,3.020215,0.1196739,-0.0114214,0.02162708,0.01420594,-0.3592902,2.456587,2.931019
90,1.833337,298,393,525,514,0.01754671,-0.006692816,0.002910051,-0.825761,3.019846,0.1193331,-0.01043987,0.03015082,0.01201648,-0.3587363,2.457165,2.93055
90,1.844448,295,390,499,500,0.02069361,0.00720197,0.005951493,-0.826152,3.020097,0.1188515,-0.002966806,0.02915154,0.01303261,-0.3583997,2.456873,2.930653
90,1.855559,295,390,499,500,0.02593299,0.02852817,0.005713174,-0.8269871,3.020299,0.1182944,-0.005069256,0.02165808,0.006693439,-0.358233,2.457143,2.930337
90,1.86667,295,390,499,500,0.02907299,0.0434769,0.007678116,-0.8278303,3.020623,0.1176728,-0.005054299,0.01843511,0.003522135,-0.3582617,2.456848,2.930511
90,1.877781,295,390,499,500,0.03323261,0.07341084,0.01587411,-0.8294128,3.021421,0.1166699,-0.003983594,0.01522904,0.001400291,-0.3583139,2.456888,2.930571
90,1.888893,311,387,502,502,0.03311042,0.1064893,0.02085095,-0.8313984,3.022193,0.1157884,-0.001871003,0.01094664,-0.007105679,-0.3582804,2.457295,2.930041
90,1.900004,311,387,502,502,0.04045897,0.1374902,0.02796267,-0.833644,3.023221,0.1144648,0.004444981,0.0173748,-0.01037839,-0.3579704,2.458037,2.929127
90,1.911115,311,387,502,502,0.0372007,0.1534799,0.02992758,-0.835513,3.023875,0.1137686,0.006452471,0.02479329,-0.02001689,-0.3577323,2.459497,2.927529
90,1.922226,311,387,502,502,0.03603503,0.1812279,0.03496345,-0.8382347,3.025008,0.1126379,0.005302464,0.0247281,-0.03172697,-0.3575832,2.461537,2.925579
90,1.933337,311,387,502,502,0.03388329,0.1961492,0.03478434,-0.8409741,3.025379,0.1115396,0.008528724,0.01512743,-0.03915194,-0.3578522,2.462744,2.924201
90,1.944448,306,384,520,508,0.0306918,0.1993398,0.03473712,-0.8433347,3.0258,0.1107737,0.000998972,0.01073376,-0.05399097,-0.3580812,2.465625,2.921699
90,1.955559,306,384,520,508,0.03072132,0.1907955,0.03269667,-0.8451888,3.026488,0.1099704,-6.719865E-05,0.006450357,-0.05929068,-0.3581057,2.468065,2.919394
90,1.966671,306,384,520,508,0.02763425,0.1641617,0.03298147,-0.8463867,3.027061,0.1093574,-0.01060437,0.002147675,-0.04960293,-0.3582447,2.468564,2.919169
90,1.977782,306,384,520,508,0.02561213,0.1342703,0.02797555,-0.8470461,3.027381,0.1089105,-0.0158987,0.001054496,-0.04636332,-0.3583821,2.469799,2.918309
90,1.988893,302,353,499,503,0.02471144,0.09378734,0.02840569,-0.8469917,3.027782,0.1083891,-0.01913911,0.003154686,-0.04848795,-0.3583475,2.471936,2.916738
90,2.000004,302,353,499,503,0.02164828,0.05857685,0.02452388,-0.8467388,3.027982,0.108086,-0.02131407,0.009533998,-0.04743768,-0.3582026,2.473502,2.91556
90,2.011115,302,353,499,503,0.01854694,0.03404115,0.02266001,-0.8464847,3.028222,0.107793,-0.02130525,0.01275393,-0.04320027,-0.3580476,2.475032,2.914301
90,2.022226,302,353,499,503,0.008030952,0.0009872681,0.02410017,-0.8455473,3.028527,0.1077888,-0.01806242,0.02243888,-0.02728173,-0.3576018,2.474639,2.914645
90,2.033337,302,353,499,503,0.005999103,-0.0214238,0.02114381,-0.8449656,3.028633,0.1074687,-0.02236689,0.02773058,-0.02727861,-0.3572487,2.475893,2.913853
90,2.044448,292,344,490,501,-0.002371766,-0.05874119,0.02155837,-0.8432505,3.028727,0.107653,-0.01807072,0.02779129,-0.02198577,-0.3569786,2.476499,2.913404
90,2.055559,292,344,490,501,-0.004436731,-0.07475699,0.01960304,-0.841977,3.028795,0.107613,-0.008411821,0.02684652,-0.01245956,-0.3567294,2.476102,2.913663
90,2.06667,292,344,490,501,-0.008629441,-0.0929056,0.01767422,-0.8404212,3.028768,0.1078543,-0.003007364,0.02480242,-0.005036415,-0.3563927,2.476192,2.913392
90,2.077781,292,344,490,501,-0.008640565,-0.09403835,0.01129407,-0.8394065,3.028531,0.1080934,0.0002482319,0.01844205,-0.003963896,-0.3563544,2.476188,2.91331
90,2.088892,255,337,506,505,-0.006513387,-0.09512875,0.008104363,-0.8383397,3.0284,0.1081883,0.0003159121,0.01955914,0.005622031,-0.3559523,2.475511,2.913867
90,2.100003,255,337,506,505,-0.006544404,-0.09201185,0.0006139875,-0.8374907,3.02803,0.1084812,0.002476294,0.02066748,0.0109277,-0.3556439,2.474961,2.914293
90,2.111114,255,337,506,505,-0.008697435,-0.08778203,-0.001556218,-0.8366411,3.027803,0.1087795,-0.002866514,0.01848884,0.008839554,-0.3554569,2.475324,2.914407
90,2.122225,255,337,506,505,-0.00874494,-0.07931648,-0.006972348,-0.8360179,3.027384,0.1091582,0.003548617,0.01534638,0.007753166,-0.3552343,2.474898,2.914509
90,2.133336,255,337,506,505,-0.009865552,-0.06763703,-0.01028913,-0.835644,3.02707,0.1095007,0.009980892,0.01435724,0.01196162,-0.3550462,2.474786,2.914296
90,2.144447,220,334,498,502,-0.007777035,-0.05805374,-0.01146077,-0.8352174,3.026845,0.1096828,0.01743656,0.01548822,0.01296739,-0.3547906,2.474444,2.914214
90,2.155558,220,334,498,502,-0.01212117,-0.03891929,-0.01378297,-0.8353175,3.026577,0.1101249,0.01216532,0.01012649,0.01409995,-0.3547016,2.473835,2.914761
90,2.166669,220,334,498,502,-0.01004958,-0.02719401,-0.01285447,-0.8350992,3.026268,0.1105792,0.007940128,0.01333357,0.02263462,-0.3543176,2.47289,2.915687
90,2.17778,220,334,498,502,-0.008980853,-0.02609075,-0.009672632,-0.8348392,3.026196,0.1107065,0.002524137,0.0185856,0.01625644,-0.3539836,2.473085,2.915636
90,2.188891,220,334,498,502,-0.006831942,-0.02925825,-0.008577958,-0.83455,3.02609,0.1107689,0.008970625,0.01333285,0.01943408,-0.3538212,2.472203,2.916351
90,2.200002,280,346,496,503,-0.003665458,-0.02395296,-0.01183773,-0.8344408,3.025781,0.1109398,0.00792277,0.0111937,0.01945206,-0.3537205,2.471641,2.916821
90,2.211113,280,346,496,503,-0.0004420821,-0.0292917,-0.01498421,-0.8340967,3.025404,0.1109121,0.009050873,0.008030346,0.02478619,-0.3536614,2.470471,2.917827
90,2.222224,280,346,496,503,0.0005619181,-0.01546192,-0.01726332,-0.8343476,3.025135,0.1110501,0.001536764,0.01543478,0.02693346,-0.3532401,2.469737,2.918878
90,2.233335,280,346,496,503,-0.0005183239,-0.01227342,-0.01836183,-0.8344365,3.024792,0.1113169,-0.002765713,0.01858558,0.02481876,-0.3529114,2.46931,2.919433
90,2.244446,279,346,503,507,-0.003708982,-0.0122638,-0.01622342,-0.8343236,3.024606,0.1115753,0.00147162,0.02289177,0.02690766,-0.3524337,2.468101,2.920529
90,2.255557,279,346,503,507,-0.006916949,-0.01124513,-0.01942242,-0.8342576,3.024171,0.1120488,0.004704451,0.01222789,0.01946872,-0.352611,2.468344,2.920093
90,2.266668,279,346,503,507,-0.003691703,-0.01335725,-0.01835438,-0.8339609,3.023659,0.112069,0.00910476,-0.003710494,0.02058726,-0.3529786,2.467061,2.921073
90,2.277779,279,346,503,507,-0.005788599,-0.01972349,-0.01508604,-0.8335737,3.023489,0.1123098,0.002668065,0.003704724,0.02272871,-0.3527069,2.46627,2.92195
90,2.28889,279,346,503,507,-0.00787921,-0.02505138,-0.01502967,-0.8333047,3.023134,0.1124126,-0.000558177,0.01008813,0.02698182,-0.3523266,2.465342,2.923062
90,2.300001,295,342,503,502,-0.004629113,-0.03781008,-0.01383781,-0.8325782,3.022867,0.1125473,-0.0005330648,0.00796281,0.0280573,-0.3522089,2.464414,2.923943
90,2.311112,295,342,503,502,-0.006722648,-0.04632923,-0.01267751,-0.8318437,3.022608,0.1128605,0.0005373787,0.004742452,0.02486623,-0.3524848,2.463775,2.924479
90,2.322223,295,342,503,502,-0.006690253,-0.05378007,-0.01259272,-0.8311422,3.022447,0.1129926,0.00265712,-0.0006026863,0.01741941,-0.3526457,2.463712,2.924448
90,2.333334,295,342,503,502,-0.005590551,-0.06229763,-0.01250566,-0.8302277,3.022117,0.1132525,0.002649768,-0.0005986858,0.01741831,-0.3525541,2.463152,2.92505
90,2.344445,293,339,507,508,-0.001336876,-0.05800587,-0.01255914,-0.8299971,3.021921,0.1131428,0.003638711,0.005780249,0.01311063,-0.3523266,2.463541,2.924515
90,2.355556,293,339,507,508,-0.0002895221,-0.05157655,-0.009433383,-0.8296221,3.021846,0.1131662,0.002586138,0.008993234,0.01842936,-0.3520869,2.462597,2.925397
90,2.366668,293,339,507,508,0.003969558,-0.04730193,-0.009500859,-0.8291891,3.0214,0.1130874,-0.001707567,0.01537276,0.02269506,-0.3516406,2.461574,2.926658
90,2.377779,293,339,507,508,0.002915774,-0.04617367,-0.003117986,-0.8286974,3.021545,0.112999,-0.002796028,0.01534858,0.01950707,-0.3514366,2.461344,2.926942
90,2.38889,293,339,507,508,0.002893597,-0.03868341,-7.278286E-07,-0.8284535,3.021626,0.1129127,0.0004582116,0.005782294,0.01740035,-0.351508,2.46088,2.927345
90,2.400001,428,345,494,502,0.008233082,-0.03543072,0.003145286,-0.8281547,3.021615,0.1125324,0.00904826,-0.00588397,0.01313217,-0.3516166,2.460361,2.927658
90,2.411112,428,345,494,502,0.007134799,-0.03124167,-0.003291961,-0.8279235,3.021319,0.1125798,0.01119519,-0.02084022,0.0004189503,-0.3524443,2.460618,2.927194
90,2.422223,428,345,494,502,0.00710642,-0.02486151,-0.004424405,-0.8278383,3.021191,0.1125851,0.004816141,-0.02304669,-0.001647072,-0.3529328,2.460181,2.927567
90,2.433334,428,345,494,502,0.005999889,-0.01528992,-0.005587772,-0.8279416,3.021073,0.112607,0.0005379319,-0.02202125,-0.003758439,-0.353084,2.460609,2.927164
90,2.444445,408,348,506,508,0.009153303,-0.0003179051,-0.001494806,-0.8283001,3.021188,0.1122533,-0.0004224516,-0.02408362,0.01010354,-0.3531421,2.459309,2.928614
90,2.455556,408,348,506,508,0.01653917,0.01674433,-0.002758007,-0.8289227,3.021204,0.1118687,-0.001459792,-0.02942888,0.00800643,-0.3535698,2.458939,2.929002
90,2.466667,408,348,506,508,0.01756151,0.03383045,0.0002432624,-0.8297569,3.021189,0.1114091,0.004020583,-0.04214857,0.01334848,-0.354405,2.457906,2.929631
90,2.477778,408,348,506,508,0.01646896,0.04129402,0.001232871,-0.8304008,3.021331,0.1111561,0.003976248,-0.03575189,0.01438302,-0.3545946,2.457199,2.930237
90,2.488889,408,348,506,508,0.01220805,0.03380066,0.001317365,-0.8302426,3.021226,0.1116562,0.001811646,-0.0336563,0.01119841,-0.3548758,2.456723,2.930645
90,2.5,371,346,498,500,0.005820477,0.03053516,-0.002910993,-0.8305616,3.020693,0.1120754,0.003788667,-0.01767582,0.007910269,-0.3546217,2.456867,2.930425
90,2.511111,371,346,498,500,0.003698681,0.02623112,-0.006056102,-0.8307412,3.020514,0.1122139,0.009030906,-0.01019829,0.004637107,-0.3546531,2.456985,2.930073
90,2.522222,371,346,498,500,0.007977027,0.02301933,-0.009240002,-0.8309643,3.02009,0.1121154,0.01868092,-0.02506412,-0.002819287,-0.3552971,2.457259,2.929444
90,2.533333,371,346,498,500,0.0090295,0.02621926,-0.009276262,-0.8313531,3.02003,0.1120221,0.02823265,-0.02286546,-0.005029493,-0.3555245,2.457436,2.928738
90,2.544444,371,346,498,500,0.008984609,0.02623057,-0.01032646,-0.8319598,3.020226,0.1124189,0.02611247,-0.01965372,-0.0007469277,-0.3553578,2.45638,2.929444
90,2.555555,339,354,483,499,0.007918131,0.02406254,-0.01349763,-0.8322693,3.020018,0.1124941,0.01977125,-0.02074236,0.005688406,-0.3557152,2.455902,2.929922
90,2.566666,339,354,483,499,0.00580579,0.0187028,-0.01556478,-0.8322682,3.019688,0.1127044,0.02085715,-0.02179096,0.005688475,-0.3558015,2.455466,2.929909
90,2.577777,339,354,483,499,0.0047698,0.007990292,-0.0207764,-0.8321074,3.019154,0.1130437,0.01658255,-0.02397677,0.001468886,-0.3561254,2.45555,2.929777
90,2.588888,339,354,483,499,0.00160558,0.002670288,-0.01964693,-0.8321638,3.018928,0.1131364,0.01762308,-0.02290916,-0.001744508,-0.3562447,2.455929,2.929097
90,2.599999,363,337,494,502,0.005852063,0.005857205,-0.02181746,-0.8323182,3.01863,0.1131108,0.01865739,-0.02184606,-0.004943268,-0.3563789,2.455823,2.928959
90,2.61111,363,337,494,502,0.003724657,0.003695907,-0.02392013,-0.832346,3.018205,0.1134123,0.01868885,-0.01968845,0.00142261,-0.3566164,2.455774,2.928767
90,2.622221,363,337,494,502,0.003696128,0.002627978,-0.02601757,-0.8326389,3.018209,0.1137654,0.01876298,-0.02606809,0.003598479,-0.3569674,2.454664,2.929513
90,2.633332,363,337,494,502,0.003675943,0.009041741,-0.0239542,-0.8329313,3.017963,0.1138864,0.01880455,-0.02925497,0.006811843,-0.357434,2.453808,2.930236
90,2.644443,363,337,494,502,0.002608737,0.01114409,-0.02504372,-0.8329532,3.017444,0.1140973,0.01561764,-0.03142059,0.005780235,-0.3578708,2.453449,2.930475
90,2.655554,371,327,515,509,-0.000589788,0.01112023,-0.0261008,-0.8330938,3.017038,0.1144707,0.01557429,-0.02609434,0.00575455,-0.3580082,2.453181,2.930559
90,2.666665,371,327,515,509,0.0004621316,0.01106848,-0.03142969,-0.8332626,3.016394,0.1148728,0.01449032,-0.02503624,0.004708007,-0.3580982,2.452429,2.931178
90,2.677776,371,327,515,509,-0.0005885065,0.007903245,-0.02819915,-0.8332967,3.016088,0.115202,0.01777539,-0.02602087,0.01535748,-0.3582394,2.450387,2.932776
90,2.688887,371,327,515,509,0.003688052,0.004735624,-0.02711128,-0.833294,3.0157,0.1153016,0.01458542,-0.02604887,0.01644092,-0.3585978,2.449819,2.933266
90,2.699998,424,316,495,503,0.002603207,0.004712662,-0.02817431,-0.8332871,3.015237,0.1158699,0.01458254,-0.02818713,0.0143189,-0.3589094,2.449486,2.933481
90,2.711109,424,316,495,503,0.00471678,0.008982024,-0.02822446,-0.8335273,3.014863,0.1160073,0.01559833,-0.02499616,0.01216252,-0.3591512,2.449203,2.933654
90,2.72222,424,316,495,503,0.004717471,0.01221414,-0.02611516,-0.8339422,3.014861,0.1158369,0.01340885,-0.02397433,0.006853491,-0.3593904,2.448988,2.933938
90,2.733331,424,316,495,503,0.004668035,0.02392048,-0.02730335,-0.8345569,3.014507,0.1160233,0.01347548,-0.02928494,0.010075,-0.3598181,2.448168,2.93455
90,2.744442,424,316,495,503,0.002530675,0.02604349,-0.02519673,-0.8345942,3.014084,0.1163876,0.01348211,-0.02714123,0.01326703,-0.3600242,2.447054,2.935426
90,2.755553,400,313,500,504,-0.002787266,0.02389196,-0.02516076,-0.8348387,3.013757,0.1167817,0.01662816,-0.02393503,0.01109603,-0.3602527,2.446802,2.935488
90,2.766664,400,313,500,504,-0.007043283,0.02387568,-0.0241042,-0.8350075,3.013068,0.1173953,0.01346467,-0.02716126,0.01220678,-0.3607337,2.44578,2.93641
90,2.777775,400,313,500,504,-0.003826216,0.01856218,-0.02405653,-0.8350901,3.012704,0.1175892,0.01029677,-0.03252382,0.01012543,-0.3612109,2.445332,2.936793
90,2.788886,400,313,500,504,-0.003835093,0.01958442,-0.02727195,-0.8352643,3.012032,0.1180286,0.01030628,-0.03143135,0.01437693,-0.3613963,2.444639,2.937505
90,2.799997,396,307,480,500,-0.007005502,0.0131804,-0.02719674,-0.8352382,3.011632,0.1184691,0.0102288,-0.0207541,0.01646185,-0.3610501,2.443938,2.938143
90,2.811108,396,307,480,500,-0.005894482,0.01001387,-0.02610201,-0.8354938,3.011302,0.1182625,0.01016159,-0.01330218,0.0153399,-0.3610149,2.444452,2.937523
90,2.822219,396,307,480,500,-0.008008113,0.005744535,-0.02605187,-0.8354512,3.010906,0.1186806,0.009178837,-0.02287723,0.01646706,-0.3612397,2.443333,2.938531
90,2.83333,396,307,480,500,-0.006895714,-0.00593508,-0.02167818,-0.834933,3.010556,0.1191008,0.01136372,-0.02711054,0.01858378,-0.3616594,2.443079,2.938512
90,2.844441,396,307,480,500,-0.006890048,-0.008037968,-0.02165264,-0.8352419,3.010319,0.1193725,0.00814913,-0.02822293,0.01435511,-0.3619604,2.44266,2.938857
90,2.855552,387,306,496,503,-0.003671869,-0.01226393,-0.01948575,-0.8349947,3.010067,0.1195056,0.006042376,-0.03037138,0.01651479,-0.3624461,2.441571,2.940018
90,2.866663,387,306,496,503,-0.005802877,-0.0154482,-0.01944364,-0.8350618,3.00982,0.1199914,0.003871499,-0.02077112,0.02181571,-0.3622357,2.440273,2.941245
90,2.877774,387,306,496,503,-0.01112202,-0.01868723,-0.0215269,-0.8347955,3.009369,0.1205677,0.001651816,-0.009070935,0.02283561,-0.3619998,2.439801,2.941769
90,2.888885,387,306,496,503,-0.0175089,-0.01871276,-0.02258575,-0.8347353,3.008809,0.1210939,0.001619028,-0.01124039,0.01645411,-0.3623113,2.439717,2.941877
90,2.899997,387,306,496,503,-0.01431114,-0.01869144,-0.02152614,-0.8345894,3.008507,0.1214774,0.004859119,-0.01866974,0.01540019,-0.3626128,2.439177,2.942352
90,2.911108,360,297,513,504,-0.01326616,-0.01125521,-0.02160871,-0.834362,3.008127,0.1217001,0.002735989,-0.01761715,0.01646004,-0.362795,2.439111,2.942328
90,2.922219,360,297,513,504,-0.01434884,-0.008040108,-0.01844607,-0.8342277,3.007898,0.1222279,0.003782593,-0.01333196,0.01856962,-0.3626661,2.43813,2.943174
90,2.93333,360,297,513,504,-0.01756994,-0.001661263,-0.01850464,-0.8344008,3.007646,0.1226652,0.001588227,-0.006968645,0.01641877,-0.3625596,2.43806,2.943213
90,2.944441,360,297,513,504,-0.01650636,-0.001684279,-0.02064588,-0.8343636,3.007099,0.1231243,0.001560345,-0.01126537,0.007924014,-0.3627076,2.438115,2.943154
90,2.955552,405,299,497,501,-0.01653156,0.004707104,-0.02071273,-0.8345979,3.006835,0.1235036,0.01121013,-0.01864257,0.007887917,-0.3630821,2.437738,2.94308
90,2.966663,405,299,497,501,-0.01971832,0.004693388,-0.02070797,-0.8346517,3.006459,0.123919,0.01328283,-0.01330133,0.0067783,-0.3630277,2.437728,2.942986
90,2.977774,405,299,497,501,-0.01759909,0.008984959,-0.01862763,-0.8348871,3.006272,0.1241907,0.00683149,-0.003752144,0.008911746,-0.3627113,2.437296,2.94347
90,2.988885,405,299,497,501,-0.01975612,0.01428046,-0.02080826,-0.8352195,3.00593,0.1246919,0.0004152455,0.0004686769,0.01106765,-0.3625414,2.436922,2.944074
90,2.999996,405,299,497,501,-0.01547271,0.01005853,-0.01864432,-0.8352333,3.005737,0.1248714,0.0004598852,0.0005028583,0.01745202,-0.3624525,2.436233,2.944746
90,3.011107,322,296,488,497,-0.01651742,0.009056054,-0.01223899,-0.8353031,3.005785,0.1250418,-0.001609684,-0.005899822,0.01962193,-0.3627284,2.435615,2.945473
90,3.022218,322,296,488,497,-0.01226503,0.005864119,-0.01115938,-0.8349361,3.005407,0.1256921,0.006880792,-0.003696884,0.01848836,-0.362518,2.434985,2.945849
90,3.033329,322,296,488,497,-0.01012352,0.005917047,-0.006903998,-0.8349905,3.005456,0.1257188,0.006904378,-0.01438816,0.0100104,-0.3629452,2.435368,2.945409
90,3.04444,322,296,488,497,-0.006966203,0.01227787,-0.01017295,-0.8351689,3.005257,0.1259388,0.003706411,-0.02084377,0.002609578,-0.3633814,2.435569,2.94526
90,3.055551,313,296,494,498,-0.005925901,0.01650951,-0.01341598,-0.8354778,3.005038,0.1261214,-0.002736798,-0.02093115,-0.003744304,-0.3637154,2.436313,2.944849
90,3.066662,313,296,494,498,-0.008041559,0.0154504,-0.0123406,-0.8356946,3.004783,0.126318,-0.007045862,-0.01243499,-0.0005564517,-0.3636988,2.435949,2.945426
90,3.077773,313,296,494,498,-0.01017069,0.01436571,-0.01338913,-0.8358299,3.004585,0.1266211,-0.01027828,-0.004986246,0.002624858,-0.3635066,2.435781,2.945771
90,3.088884,313,296,494,498,-0.005913848,0.01126715,-0.009091262,-0.8363764,3.004993,0.1267025,-0.00500219,-0.002834311,-0.0006194005,-0.3635795,2.435995,2.94559
90,3.099995,313,296,494,498,-0.008027801,0.009161802,-0.005867713,-0.8364121,3.005039,0.1268101,-0.0007000826,-0.01027652,-0.003807707,-0.364004,2.436054,2.945375
90,3.111106,332,276,488,501,-0.002661704,-0.0003861518,-0.002585886,-0.8359466,3.005054,0.1267473,-0.004985871,-0.004972309,-0.001683506,-0.3639241,2.436454,2.945144
90,3.122217,332,276,488,501,-0.00259633,-0.009899255,0.004978667,-0.8354943,3.00545,0.1263872,-0.01140914,0.001384353,0.001534685,-0.3636962,2.436035,2.945878
90,3.133328,332,276,488,501,-0.001481032,-0.020514,0.008282864,-0.8349606,3.005592,0.1262828,-0.00930753,0.003525164,0.0004405121,-0.3636525,2.436259,2.945761
90,3.144439,332,276,488,501,0.0006768368,-0.02365659,0.01256515,-0.8346363,3.005746,0.1260506,-0.005072715,0.003544254,-0.001720924,-0.3637281,2.436435,2.945688
90,3.15555,332,276,488,501,0.003875513,-0.0257969,0.01044852,-0.8342682,3.00574,0.1259265,-0.007156426,-0.006081132,-0.005919819,-0.3641101,2.436781,2.9455
90,3.166661,352,280,493,501,0.009210218,-0.02574279,0.01363021,-0.8339593,3.006027,0.1254945,-0.009362451,0.001349987,-0.008077397,-0.3638853,2.437584,2.94491
90,3.177772,352,280,493,501,0.008131418,-0.01936411,0.01249508,-0.8339817,3.006053,0.1252266,-0.01256336,0.007746987,-0.001693352,-0.3635891,2.437299,2.945421
90,3.188883,352,280,493,501,0.008141065,-0.01824322,0.01781013,-0.8337686,3.006491,0.1248602,-0.01147516,0.006708612,0.001501326,-0.3634922,2.436952,2.945958
90,3.199994,352,280,493,501,0.00390473,-0.02465989,0.01788244,-0.8331779,3.006521,0.1249236,-0.007241399,0.004587326,-0.003839982,-0.363522,2.437301,2.945655
90,3.211105,340,280,496,498,0.003915876,-0.02894308,0.01579646,-0.8327342,3.006622,0.124808,-0.008355129,0.006688211,-0.008103554,-0.3634341,2.437946,2.945177
90,3.222216,340,280,496,498,0.005010832,-0.03316457,0.02009314,-0.8320967,3.006873,0.124507,-0.009477077,0.007714557,-0.01448644,-0.3633617,2.438779,2.944565
90,3.233327,340,280,496,498,0.007138643,-0.03316743,0.0190223,-0.831694,3.007042,0.1242706,-0.01059196,0.009818397,-0.01874907,-0.3632333,2.439749,2.943815
90,3.244438,340,280,496,498,0.0039469,-0.03208122,0.0222153,-0.8313441,3.007422,0.124049,-0.007360568,0.008779364,-0.01663359,-0.3633415,2.439893,2.943488
90,3.255549,340,280,496,498,0.00496082,-0.0203818,0.01995969,-0.831392,3.007632,0.1238146,-0.001984215,0.004571897,-0.01452156,-0.3634235,2.440112,2.943155
90,3.26666,352,265,484,497,0.003888771,-0.0204105,0.01888743,-0.8309659,3.007616,0.1238578,-0.003079708,0.006664797,-0.01664944,-0.3635992,2.44055,2.942791
90,3.277771,352,265,484,497,0.004908167,-0.008688814,0.01876228,-0.8311657,3.007933,0.1235701,-0.00198246,0.005623853,-0.01345633,-0.3636046,2.440773,2.94259
90,3.288882,352,265,484,497,0.003840307,-0.004451913,0.01765364,-0.8310549,3.008089,0.1232021,-0.005198575,0.007724039,-0.01344538,-0.3635534,2.441327,2.942254
90,3.299993,352,265,484,497,-0.0004402762,-0.0002186904,0.01655513,-0.8311502,3.0083,0.1231781,-0.009502759,0.01301584,-0.0134399,-0.3633063,2.441895,2.941957
90,3.311104,308,255,492,503,0.0016908,0.001915419,0.0165469,-0.8310506,3.008898,0.1225699,-0.00630946,0.01518081,-0.01135768,-0.363187,2.442705,2.941191
90,3.322215,308,255,492,503,0.00167852,0.007206198,0.01329403,-0.8312376,3.00902,0.1222061,-0.003006596,0.002435085,-0.0102514,-0.3634283,2.442701,2.9412
90,3.333326,308,255,492,503,0.004854906,0.01363226,0.01534936,-0.8315331,3.009393,0.1218199,-0.002997962,0.004577882,-0.007066865,-0.3633878,2.442708,2.941201
90,3.344437,308,255,492,503,0.001636862,0.01785851,0.01318282,-0.8318352,3.009572,0.121764,-0.006254677,0.009863426,-0.008139464,-0.3633106,2.44329,2.940961
90,3.355548,308,255,492,503,0.004844921,0.01575675,0.01425752,-0.8320099,3.009757,0.1214705,-0.009459883,0.01197333,-0.007061044,-0.3631497,2.443538,2.940901
90,3.366659,308,257,501,498,0.001642127,0.01679843,0.01318959,-0.8322176,3.00994,0.1214146,-0.01364702,0.009842599,-0.00169,-0.3629739,2.443147,2.941277
90,3.37777,308,257,501,498,0.0006018309,0.01040291,0.01325911,-0.8321361,3.010147,0.1213091,-0.009437966,0.01626853,-0.001752351,-0.3626022,2.443434,2.940999
90,3.388881,308,257,501,498,-0.001517794,0.007196566,0.01222944,-0.8322373,3.010241,0.121307,-0.009460243,0.01518474,-0.006001735,-0.3624477,2.443828,2.940744
90,3.399992,308,257,501,498,-0.0004136553,-0.00129889,0.01444604,-0.8319651,3.010503,0.1210859,-0.01259626,0.01305049,-0.001722615,-0.3623982,2.444253,2.940424
90,3.411103,290,242,498,502,0.0006947722,-0.008741115,0.01451527,-0.8318799,3.010576,0.1207712,-0.01150594,0.01093384,-0.0006548506,-0.3623247,2.444237,2.940543
90,3.422215,290,242,498,502,-0.0003519449,-0.01193735,0.01454707,-0.8317339,3.010686,0.1206449,-0.01153267,0.01518821,-0.0006680251,-0.3621159,2.444086,2.940695
90,3.433326,290,242,498,502,-0.000325622,-0.01940509,0.01355963,-0.8312865,3.010777,0.1205906,-0.0105062,0.01516843,-0.006010206,-0.3620786,2.445143,2.939739
90,3.444437,290,242,498,502,0.001838397,-0.02686219,0.01362373,-0.8306719,3.010715,0.1204777,-0.00939671,0.01093491,-0.003858797,-0.3619188,2.444857,2.940164
90,3.455548,290,242,498,502,0.0007828064,-0.03007313,0.01259465,-0.8302373,3.010806,0.1204638,-0.008342301,0.01200586,-0.003869496,-0.3618133,2.444921,2.940207
90,3.466659,292,238,500,499,-0.001341596,-0.03220252,0.01367477,-0.8298399,3.010703,0.120687,-0.009360591,0.00989308,-0.000662396,-0.3615987,2.445153,2.940029
90,3.47777,292,238,500,499,-0.001352686,-0.03008318,0.01258731,-0.8295406,3.010812,0.1206247,-0.01038598,0.008840206,0.00361165,-0.3614874,2.444763,2.94053
90,3.488881,292,238,500,499,-0.002437171,-0.02690719,0.01148995,-0.8292722,3.010853,0.1207248,-0.01039338,0.006702395,0.0004359023,-0.3613366,2.444713,2.940702
90,3.499992,292,238,500,499,-0.003528783,-0.0216074,0.009306762,-0.8291571,3.0109,0.1207562,-0.007186937,0.007801333,0.002541572,-0.3612205,2.44445,2.940888
90,3.511103,292,238,500,499,-0.003535897,-0.01305241,0.01134478,-0.8293515,3.011142,0.1202971,-0.003999273,0.004601964,-0.001729058,-0.3613931,2.44482,2.940536
90,3.522214,310,244,490,498,-0.002477482,-0.009830347,0.0134391,-0.8293036,3.011395,0.1201331,-0.002956625,0.005683975,-0.001734021,-0.3611529,2.444654,2.940921
90,3.533325,310,244,490,498,-0.00252177,0.0008108467,0.01226282,-0.8296002,3.01158,0.1200462,-0.006167115,0.004577199,-0.00490105,-0.3611598,2.445086,2.940678
90,3.544436,310,244,490,498,-0.001459211,0.002967662,0.01436825,-0.8296743,3.011897,0.1198215,-0.005096807,0.002453617,-0.007019908,-0.3610693,2.445096,2.940662
90,3.555547,310,244,490,498,-0.006786403,-0.0002597254,0.01015739,-0.8300328,3.012025,0.1199701,-0.007168515,-0.002879315,-0.004847774,-0.3612179,2.444991,2.940886
90,3.566658,378,265,487,497,-0.004662665,0.00296642,0.01224888,-0.8301281,3.012285,0.1197906,-0.006062394,-0.01033809,-0.006950461,-0.3615614,2.445182,2.940797
90,3.577769,378,265,487,497,-0.001468154,0.004055099,0.0132945,-0.8301669,3.012549,0.1195631,0.001492021,-0.01556746,0.0004773228,-0.3618362,2.444394,2.941318
90,3.58888,378,265,487,497,-0.003578264,0.0008473136,0.01333023,-0.8300258,3.012664,0.119479,0.004642546,-0.004861006,0.006799797,-0.3615587,2.443639,2.941962
90,3.599991,378,265,487,497,-0.003567194,-0.001272037,0.01441767,-0.8299395,3.012913,0.1193506,-0.0006979008,-0.002765527,0.007893022,-0.3614575,2.443379,2.942416
90,3.611102,378,265,487,497,-0.002481202,-0.006594081,0.01447035,-0.829703,3.013086,0.119218,-0.008168349,-0.0006909408,0.009000273,-0.3614277,2.443181,2.942953
90,3.622213,348,253,475,499,-0.004525211,-0.02792973,0.01150547,-0.8289739,3.013102,0.1191424,-0.009234041,0.003588255,0.01431014,-0.3612168,2.442578,2.943711
90,3.633324,348,253,475,499,-0.009769082,-0.05141866,0.00856816,-0.8278042,3.012922,0.1195046,-0.00611615,0.006772963,0.00787296,-0.3611635,2.443101,2.943265
90,3.644435,348,253,475,499,-0.007578619,-0.07597128,-0.0007550797,-0.8269744,3.012717,0.1197964,-0.007169674,0.001403854,0.001523312,-0.3613585,2.443224,2.943043
90,3.655546,348,253,475,499,-0.01072773,-0.08877745,-0.001678592,-0.8256795,3.012454,0.1201821,-0.005028133,-0.002855741,-0.001667385,-0.3615263,2.443421,2.942852
90,3.666657,324,237,497,502,-0.01068596,-0.1027,-0.01005561,-0.8245258,3.011872,0.1205214,-0.01030723,-0.008219838,-0.001596388,-0.3616472,2.443109,2.943336
90,3.677768,324,237,497,502,-0.0117462,-0.1091732,-0.01744283,-0.8231969,3.011133,0.1211824,-0.01558651,-0.008231207,0.004834427,-0.3616887,2.442436,2.944262
90,3.688879,324,237,497,502,-0.01279443,-0.1156083,-0.02163801,-0.8219085,3.010386,0.1217906,-0.02519442,-0.001917718,0.007001147,-0.3616455,2.442188,2.944811
90,3.69999,324,237,497,502,-0.01599441,-0.1145554,-0.0216405,-0.8206957,3.009851,0.1224271,-0.0294721,0.006621309,0.01551571,-0.3611214,2.441292,2.946244
90,3.711101,324,237,497,502,-0.01178303,-0.0996644,-0.02607721,-0.8201258,3.009028,0.1227185,-0.02737227,0.007688947,0.01230069,-0.3610005,2.441039,2.946716
90,3.722212,354,243,497,502,-0.01083498,-0.07307188,-0.02955684,-0.8198328,3.008342,0.1233672,-0.02196671,-0.000786623,0.01337278,-0.3612067,2.440266,2.947514
90,3.733323,354,243,497,502,-0.009842612,-0.05496995,-0.03081341,-0.8197146,3.007808,0.1238231,-0.01557891,-0.003956346,0.00906641,-0.3614432,2.44074,2.947044
90,3.744434,354,243,497,502,-0.009977648,-0.02089185,-0.03225275,-0.8204022,3.007007,0.1244841,-0.008119874,-0.007113027,0.005832289,-0.361636,2.44071,2.946935
90,3.755545,354,243,497,502,-0.01006293,0.000401685,-0.03353966,-0.8210174,3.006568,0.1249049,-0.007041096,-0.009234844,0.004764087,-0.3617564,2.440722,2.946979
90,3.766656,370,263,493,499,-0.01224599,0.0228609,-0.0252558,-0.8219618,3.006433,0.125013,0.001433166,-0.009180297,-0.0006239153,-0.3616876,2.44109,2.946551
90,3.777767,370,263,493,499,-0.006977264,0.0377946,-0.02542529,-0.8228459,3.006183,0.1251169,0.006807851,-0.01124683,0.003608198,-0.3618325,2.440566,2.946837
90,3.788878,370,263,493,499,-0.00481889,0.0368269,-0.01691355,-0.8231852,3.005958,0.1252517,0.0163576,-0.007969957,0.00245923,-0.3616743,2.44047,2.946553
90,3.799989,370,263,493,499,-0.002644021,0.02835758,-0.01256975,-0.8232763,3.00594,0.1252325,0.02486293,-0.004686451,0.004512659,-0.3614932,2.440297,2.946318
90,3.8111,370,263,493,499,0.01350431,-0.005531382,0.0005117995,-0.8223389,3.005986,0.124588,0.0376605,-0.005643155,0.005489651,-0.3615752,2.439951,2.945917
90,3.822211,342,255,490,501,0.0232502,-0.03734914,0.01040154,-0.8212438,3.006217,0.1238194,0.04617904,-0.002365977,0.007555254,-0.3614267,2.439062,2.945908
90,3.833322,342,255,490,501,0.03400429,-0.05529537,0.0222784,-0.8201263,3.006774,0.1227861,0.04933693,0.004061751,0.008562258,-0.3611502,2.439012,2.945303
90,3.844433,342,255,490,501,0.04905558,-0.07957232,0.03847107,-0.8185114,3.00767,0.1212447,0.0492989,0.009383317,0.007470528,-0.3609169,2.439004,2.944604
90,3.855544,342,255,490,501,0.05875012,-0.09750046,0.0524813,-0.8168618,3.008702,0.1196409,0.05672031,0.01477486,0.008454604,-0.360575,2.438828,2.943943
90,3.866655,342,255,490,501,0.07374512,-0.1079405,0.06746483,-0.8152357,3.010028,0.1175051,0.05881877,0.01585148,0.007367371,-0.3604056,2.438747,2.943547
90,3.877766,328,264,495,500,0.08770555,-0.1204626,0.08780452,-0.813519,3.011809,0.1149058,0.07262296,0.02235971,0.008298926,-0.359955,2.438637,2.942456
90,3.888877,328,264,495,500,0.106914,-0.107285,0.1185115,-0.8124218,3.014593,0.1112813,0.09080236,0.02681548,0.0198664,-0.3595805,2.43723,2.942041
90,3.899988,328,264,495,500,0.1154355,-0.08993222,0.1449171,-0.8117225,3.017104,0.1081883,0.1279183,0.05055228,0.02161516,-0.3585105,2.436612,2.940164
90,3.911099,328,264,495,500,0.1366772,-0.05225738,0.1742985,-0.8119291,3.021001,0.1033812,0.1584246,0.06232081,-0.01702836,-0.3579043,2.440736,2.933938
90,3.92221,339,267,499,504,0.1589842,-0.02200833,0.2016224,-0.8128841,3.025104,0.09858703,0.1666221,0.06005044,-0.06181771,-0.3574985,2.446199,2.926991
90,3.933321,339,267,499,504,0.1887901,-0.0003569759,0.2236898,-0.8131877,3.029385,0.09273446,0.1748604,0.06207097,-0.09704469,-0.3573589,2.452143,2.919472
90,3.944432,339,267,499,504,0.2100697,0.01271854,0.2458637,-0.8129379,3.033727,0.08746993,0.1767882,0.07160167,-0.1130875,-0.3565898,2.457392,2.912645
90,3.955544,339,267,499,504,0.2345131,0.02258807,0.2648838,-0.8128985,3.038536,0.08206158,0.1775342,0.08531585,-0.1408633,-0.3558921,2.464772,2.903806
90,3.966655,339,267,499,504,0.2632668,0.03779971,0.2827598,-0.8133981,3.04355,0.07497863,0.1731792,0.08947976,-0.1515106,-0.3554659,2.47078,2.896098
90,3.977766,351,271,494,501,0.2845957,0.04434298,0.2890263,-0.8138375,3.048147,0.067762,0.1709579,0.08511704,-0.168518,-0.3552236,2.477816,2.88767
90,3.988877,351,271,494,501,0.3144241,0.05635204,0.3058674,-0.8145283,3.053512,0.05980927,0.1645145,0.07109018,-0.1918439,-0.3557035,2.485719,2.878475
90,3.999988,351,271,494,501,0.3389477,0.06611747,0.323828,-0.8136714,3.059225,0.05126372,0.1687229,0.05716528,-0.2141779,-0.3562553,2.494238,2.86849
90,4.011099,351,271,494,501,0.3550245,0.05358447,0.3420269,-0.8137795,3.06506,0.04290832,0.1824833,0.06577128,-0.2185848,-0.356135,2.501858,2.85874
89,4.02221,399,274,497,501,0.3646854,0.03767106,0.351792,-0.8123797,3.071211,0.03450178,0.1770314,0.0731248,-0.2281786,-0.3561062,2.510443,2.848814
88,4.033321,399,274,497,501,0.3701002,0.01857287,0.3573032,-0.8119307,3.076889,0.02633653,0.1598246,0.08144614,-0.2408774,-0.3559224,2.519702,2.83882
87,4.044433,399,274,497,501,0.3765559,0.0004917756,0.360696,-0.810875,3.082842,0.01804771,0.1404673,0.09294218,-0.2535608,-0.355614,2.528758,2.829199
86,4.055544,399,274,497,501,0.3861643,-0.002633646,0.3638994,-0.8107067,3.088542,0.00956501,0.1328861,0.1024377,-0.2599443,-0.3552209,2.538436,2.818854
85,4.066655,399,274,497,501,0.3978482,0.004801571,0.3616714,-0.8103035,3.094203,0.0007909588,0.1328587,0.1066915,-0.2599589,-0.3550132,2.54713,2.809066
84,4.077766,333,257,493,501,0.4052568,0.0122257,0.3573263,-0.8103142,3.09965,-0.007528756,0.140389,0.1025169,-0.2546668,-0.3549472,2.55534,2.79961
83,4.088878,333,257,493,501,0.4147903,0.02394712,0.3539834,-0.8109341,3.104931,-0.01601412,0.1404364,0.1036266,-0.2472105,-0.3545583,2.563394,2.790487
82,4.099989,333,257,493,501,0.4190035,0.03886814,0.3548883,-0.8114796,3.110491,-0.02475994,0.133111,0.1025809,-0.2311655,-0.3542483,2.570224,2.782712
81,4.1111,333,257,493,501,0.4253606,0.04632731,0.3526634,-0.8123019,3.115755,-0.03324371,0.1256105,0.1046291,-0.2343097,-0.3541141,2.578393,2.773913
80,4.122211,326,254,496,501,0.4295936,0.05378209,0.3504364,-0.8133321,3.120864,-0.04172161,0.1093561,0.1075269,-0.2682953,-0.3543485,2.590329,2.76196
79,4.133323,326,254,496,501,0.435995,0.05276381,0.3525611,-0.814073,3.126279,-0.05046211,0.1072257,0.1053783,-0.2703946,-0.3543357,2.599706,2.752031
78,4.144434,326,254,496,501,0.4391779,0.04865045,0.3590345,-0.8154658,3.132697,-0.0591797,0.1190782,0.1077103,-0.2491914,-0.3539959,2.606919,2.743653
77,4.155545,326,254,496,501,0.4349293,0.04543817,0.359079,-0.8161321,3.138073,-0.06758091,0.1531622,0.14014,-0.2123069,-0.3519852,2.61286,2.735646
76,4.166656,326,254,496,501,0.4254151,0.02848621,0.3689027,-0.81662,-3.13852,-0.07630489,0.2064452,0.1512971,-0.197842,-0.3509056,2.620427,2.724891
75,4.177768,245,251,507,503,0.4254734,0.01357299,0.3690582,-0.8166717,-3.132896,-0.08487601,0.2181412,0.1546075,-0.1958239,-0.3500789,2.628648,2.714605
74,4.188879,245,251,507,503,0.425614,-0.020381,0.3822496,-0.8157987,-3.125567,-0.09437923,0.2319555,0.1589902,-0.1948818,-0.3492011,2.6366,2.704315
73,4.19999,245,251,507,503,0.4546966,-0.08925725,0.4085215,-0.8131728,-3.116989,-0.1059661,0.2242166,0.1737434,-0.216205,-0.3482882,2.64747,2.691931
72,4.211102,245,251,507,503,0.4751121,-0.1198476,0.4300965,-0.8116218,-3.109338,-0.1170406,0.2283326,0.1790457,-0.2301037,-0.3475329,2.65775,2.679626
71,4.222213,245,251,507,503,0.5073278,-0.1640958,0.4646496,-0.8094646,-3.098996,-0.1306451,0.2534699,0.1918207,-0.2740291,-0.3472011,2.672101,2.66268
70,4.233324,298,255,488,499,0.5383902,-0.1849235,0.4988809,-0.8077255,-3.089572,-0.1440254,0.2765395,0.2121181,-0.2998721,-0.3466312,2.686533,2.645613
69,4.244435,298,255,488,499,0.5800647,-0.1863761,0.5521027,-0.8062928,-3.078155,-0.1594466,0.2989522,0.2305469,-0.2734915,-0.3449342,2.696745,2.632157
68,4.255547,298,255,488,499,0.6195321,-0.1589347,0.6145738,-0.8067524,-3.066115,-0.1758027,0.3608645,0.2879015,-0.1932738,-0.3407099,2.703234,2.620475
67,4.266658,298,255,488,499,0.6556464,-0.09635437,0.6788864,-0.8087552,-3.052506,-0.1934568,0.4521734,0.3462922,-0.1686692,-0.3367168,2.714495,2.602659
66,4.277769,332,280,492,500,0.6917313,-0.04141378,0.7251037,-0.8112159,-3.040528,-0.2097293,0.5015694,0.3537395,-0.2532138,-0.3357159,2.734106,2.577154
65,4.28888,332,280,492,500,0.7193924,-0.00897032,0.7609186,-0.8140351,-3.028127,-0.2269578,0.5084112,0.3373413,-0.3522603,-0.336468,2.756151,2.550877
64,4.299992,332,280,492,500,0.7406991,-0.0001508445,0.7853202,-0.8157875,-3.015238,-0.2444121,0.5027874,0.3328189,-0.3969364,-0.3366198,2.776022,2.526753
63,4.311103,332,280,492,500,0.7844363,0.006777503,0.8202981,-0.8186099,-3.001908,-0.2634633,0.4853425,0.3195667,-0.4627955,-0.3380255,2.798136,2.501232
62,4.322214,332,280,492,500,0.8281909,0.003965661,0.842606,-0.8209983,-2.988615,-0.2828842,0.4575412,0.2764094,-0.5252379,-0.3410657,2.819462,2.476665
61,4.333325,319,267,507,504,0.8801998,0.05425606,0.8440841,-0.8255213,-2.977017,-0.3018688,0.4205413,0.2430966,-0.5226694,-0.3433262,2.836302,2.457139
60,4.344437,319,267,507,504,0.9140252,0.1031866,0.8275758,-0.8303412,-2.965944,-0.320194,0.3801938,0.2375577,-0.5063608,-0.3441342,2.853191,2.438288
59,4.355548,319,267,507,504,0.9418097,0.08633906,0.8362077,-0.8339268,-2.953968,-0.3395014,0.3473561,0.2620624,-0.4529778,-0.3438338,2.868384,2.421101
58,4.366659,319,267,507,504,0.9718584,0.01638626,0.8666285,-0.834926,-2.941203,-0.3578111,0.3352501,0.307766,-0.4552484,-0.343895,2.889019,2.398141
57,4.37777,304,264,495,501,0.9987741,-0.07142149,0.9165941,-0.8362773,-2.924842,-0.3790019,0.3238602,0.3928576,-0.4630263,-0.3426998,2.913724,2.37155
56,4.388882,304,264,495,501,1.023424,-0.08908151,0.9508126,-0.8392787,-2.909745,-0.4011924,0.3264899,0.4567808,-0.4655063,-0.3418625,2.9387,2.344583
55,4.399993,304,264,495,501,1.038384,-0.0908419,0.98498,-0.8428676,-2.893669,-0.4238463,0.3475142,0.495299,-0.4637083,-0.3411339,2.962642,2.317539
54,4.411104,304,264,495,501,1.04892,-0.07573224,1.012528,-0.8464873,-2.879034,-0.4443431,0.4347814,0.5334518,-0.4304554,-0.3394231,2.985177,2.289338
53,4.422215,304,264,495,501,1.060646,-0.06806549,1.028402,-0.851175,-2.864582,-0.465944,0.4944981,0.5061463,-0.4520347,-0.3403744,3.006523,2.262373
52,4.433327,360,278,487,503,1.080927,-0.08057775,1.050925,-0.8555576,-2.848804,-0.488624,0.5587479,0.4233475,-0.4979111,-0.3440927,3.0251,2.236988
51,4.444438,360,278,487,503,1.092763,-0.09732331,1.075576,-0.860225,-2.833256,-0.5112188,0.5981948,0.3958392,-0.5246896,-0.3468474,3.045438,2.21033
50,4.455549,360,278,487,503,1.127068,-0.1373132,1.108953,-0.8646235,-2.816448,-0.5355217,0.6104248,0.4202073,-0.5728401,-0.3500416,3.071384,2.178771
49,4.46666,360,278,487,503,1.14845,-0.1679857,1.125228,-0.8689719,-2.800359,-0.5585389,0.6100733,0.444642,-0.5899947,-0.3524129,3.096448,2.148864
48,4.477772,234,291,500,504,1.16661,-0.1890354,1.144692,-0.8740745,-2.783125,-0.5829468,0.6062926,0.4309861,-0.5408912,-0.3540923,3.114117,2.12564
47,4.488883,234,291,500,504,1.176256,-0.2134238,1.154551,-0.8789635,-2.766801,-0.6063432,0.5960164,0.4301141,-0.4875438,-0.3550494,3.131688,2.102986
46,4.499994,234,291,500,504,1.190251,-0.2419214,1.172922,-0.8841098,-2.750121,-0.6304917,0.5695014,0.4342605,-0.4660686,-0.3566697,-3.132494,2.079568
45,4.511106,234,291,500,504,1.196668,-0.2438654,1.187854,-0.8901451,-2.734003,-0.6540101,0.5356441,0.427744,-0.4402099,-0.3580987,-3.114615,2.057827
44,4.522217,234,291,500,504,1.211645,-0.2434969,1.216586,-0.8968552,-2.717546,-0.6780967,0.5157391,0.416016,-0.4037861,-0.3593808,-3.100023,2.0393
43,4.533328,211,318,495,503,1.211625,-0.2282714,1.248405,-0.9045256,-2.701347,-0.7013547,0.5181513,0.4194328,-0.3622724,-0.3599496,-3.084428,2.018929
42,4.544439,211,318,495,503,1.209457,-0.2226871,1.267609,-0.9127388,-2.685099,-0.7244565,0.5509384,0.4527828,-0.3531091,-0.3609025,-3.064285,1.993287
41,4.555551,211,318,495,503,1.195614,-0.2215306,1.283613,-0.9206787,-2.669288,-0.7468334,0.6042925,0.4457808,-0.3492093,-0.3624339,-3.047563,1.969395
40,4.566662,211,318,495,503,1.184864,-0.2192353,1.294393,-0.92953,-2.653475,-0.768697,0.6478416,0.4118329,-0.3973064,-0.3662635,-3.032331,1.947356
39,4.577773,211,318,495,503,1.191221,-0.2212659,1.296591,-0.9382215,-2.63832,-0.7909125,0.6375982,0.3866959,-0.5110998,-0.373062,-3.014207,1.923747
38,4.588884,182,335,497,503,1.210371,-0.2146246,1.31569,-0.9476348,-2.62328,-0.8135589,0.5571399,0.3246398,-0.6529343,-0.3823415,-2.998648,1.90528
37,4.599996,182,335,497,503,1.242333,-0.2133478,1.324152,-0.9570948,-2.608683,-0.8366448,0.5220428,0.275099,-0.6993104,-0.3902703,-2.986861,1.889545
36,4.611107,182,335,497,503,1.267993,-0.2514468,1.33737,-0.9662795,-2.592782,-0.8601754,0.4652851,0.1948195,-0.6835904,-0.3970059,-2.980248,1.879544
35,4.622218,182,335,497,503,1.277741,-0.2875345,1.347304,-0.9752102,-2.577177,-0.8834472,0.4423839,0.1714466,-0.6364304,-0.4020553,-2.971776,1.867261
34,4.633329,246,348,498,504,1.283251,-0.3481596,1.354374,-0.9838068,-2.560471,-0.906866,0.4164988,0.1513687,-0.5583696,-0.405723,-2.965992,1.857963
33,4.644441,246,348,498,504,1.288737,-0.3842161,1.367524,-0.9929537,-2.544217,-0.93028,0.3838165,0.1352769,-0.5250542,-0.4105401,-2.959367,1.8487
32,4.655552,246,348,498,504,1.293111,-0.4203783,1.370041,-1.002078,-2.528285,-0.9531693,0.3424234,0.1253952,-0.515108,-0.4154723,-2.953081,1.840315
31,4.666663,246,348,498,504,1.315542,-0.4460333,1.351099,-1.01093,-2.513237,-0.9763633,0.3089495,0.1537641,-0.5373811,-0.4213238,-2.943121,1.829052
30,4.677774,246,348,498,504,1.319869,-0.4609492,1.349098,-1.020332,-2.498297,-0.998989,0.2985288,0.2216962,-0.5696248,-0.4274517,-2.928542,1.8129
29,4.688886,199,356,495,503,1.342295,-0.4842393,1.359986,-1.030209,-2.482683,-1.022407,0.3310753,0.2720305,-0.5743606,-0.432484,-2.915196,1.7965
28,4.699997,199,356,495,503,1.36486,-0.518092,1.374092,-1.040127,-2.466965,-1.046294,0.3586768,0.2893134,-0.5672193,-0.4378652,-2.903944,1.781617
27,4.711108,199,356,495,503,1.402389,-0.576292,1.394906,-1.050325,-2.449861,-1.071422,0.3864046,0.2821118,-0.5684539,-0.4433774,-2.894043,1.767794
26,4.722219,199,356,495,503,1.431319,-0.6058256,1.413241,-1.061013,-2.433632,-1.09615,0.4014886,0.2705878,-0.5557455,-0.4487091,-2.885236,1.755145
25,4.733331,187,348,494,504,1.464462,-0.6233444,1.460265,-1.07335,-2.417307,-1.120971,0.427837,0.2295598,-0.4950113,-0.4521089,-2.88064,1.745873
24,4.744442,187,348,494,504,1.486831,-0.6124478,1.476082,-1.085869,-2.402529,-1.145112,0.4368398,0.1881897,-0.4756981,-0.4566837,-2.87641,1.737155
23,4.755553,187,348,494,504,1.504785,-0.5579911,1.480774,-1.099118,-2.390405,-1.167938,0.4054846,0.1315491,-0.4581362,-0.4612632,-2.875081,1.732331
22,4.766665,187,348,494,504,1.505813,-0.5484114,1.479606,-1.112042,-2.377401,-1.19049,0.3729674,0.08664846,-0.4427399,-0.4656489,-2.872961,1.726985
21,4.777776,187,348,494,504,1.518548,-0.5237843,1.498389,-1.125301,-2.365127,-1.212643,0.4428142,0.1205438,-0.6053736,-0.476104,-2.864787,1.713047
20,4.788887,177,333,500,504,1.523782,-0.4960296,1.509797,-1.139614,-2.353588,-1.234663,0.4165222,0.1605774,-0.6543725,-0.4842404,-2.85578,1.701236
19,4.799998,177,333,500,504,1.542742,-0.415818,1.535529,-1.155504,-2.344579,-1.256044,0.4065815,0.124545,-0.59873,-0.4890965,-2.853681,1.695448
18,4.81111,177,333,500,504,1.5531,-0.342119,1.557158,-1.171912,-2.336556,-1.276463,0.4542871,0.08907217,-0.5296836,-0.4930022,-2.852825,1.688154
17,4.822221,177,333,500,504,1.568532,-0.1863875,1.574693,-1.189676,-2.332826,-1.295656,0.5110292,0.08651674,-0.4960127,-0.4974827,-2.850004,1.678333
16,4.833332,178,324,498,502,1.573478,-0.0787249,1.578893,-1.207268,-2.330132,-1.314019,0.4809619,0.1707303,-0.4333386,-0.5003685,-2.84073,1.665842
15,4.844443,178,324,498,502,1.563315,0.07345012,1.564547,-1.225095,-2.331084,-1.330585,0.4738297,0.1933886,-0.364156,-0.5023952,-2.834221,1.655264
14,4.855555,178,324,498,502,1.543636,0.2021155,1.553681,-1.24282,-2.332533,-1.346551,0.4804113,0.1503371,-0.2457393,-0.501755,-2.833675,1.649428
13,4.866666,178,324,498,502,1.511299,0.313597,1.537623,-1.260119,-2.334961,-1.361786,0.4948958,0.1369424,-0.1755097,-0.502204,-2.831541,1.641788
12,4.877777,178,324,498,502,1.497169,0.3804365,1.515652,-1.277251,-2.337876,-1.377031,0.5419067,0.1556311,-0.1376079,-0.5023484,-2.826813,1.630211
11,4.888888,184,312,498,502,1.470099,0.4948733,1.475086,-1.293732,-2.343203,-1.391425,0.5757307,0.1750527,-0.1518249,-0.5047244,-2.820722,1.617396
10,4.9,184,312,498,502,1.458184,0.5414354,1.455457,-1.310332,-2.347518,-1.406161,0.5933579,0.1824016,-0.2063327,-0.5085306,-2.815741,1.60601
9,4.911111,184,312,498,502,1.438718,0.6112147,1.425025,-1.326574,-2.3534,-1.420432,0.5950914,0.1703978,-0.2723346,-0.5132812,-2.811988,1.596028
8,4.922222,184,312,498,502,1.420274,0.6777427,1.378573,-1.34169,-2.360609,-1.43373,0.6047925,0.1148522,-0.3190101,-0.5180168,-2.812237,1.589307
7,4.933333,184,312,498,502,1.404082,0.723155,1.353698,-1.357149,-2.367733,-1.447369,0.6199847,0.07017285,-0.3306304,-0.5218555,-2.813242,1.583052
6,4.944445,231,307,500,503,1.387838,0.7736974,1.298846,-1.371041,-2.376351,-1.460489,0.6324689,0.005419731,-0.3037528,-0.5242512,-2.816831,1.57866
5,4.955556,231,307,500,503,1.353205,0.8887014,1.207208,-1.383226,-2.388279,-1.472349,0.6034753,-0.0360623,-0.2404726,-0.5251029,-2.819455,1.575062
4,4.966667,231,307,500,503,1.300325,1.022648,1.091944,-1.393752,-2.40247,-1.482676,0.5969529,-0.09014231,-0.1783772,-0.5253788,-2.824037,1.572585
3,4.977778,231,307,500,503,1.258375,1.094115,1.010333,-1.403827,-2.416113,-1.492999,0.6138741,-0.1279693,-0.09735973,-0.5240398,-2.829457,1.569963
2,4.98889,213,288,502,503,1.173097,1.311188,0.8080102,-1.409005,-2.435951,-1.50025,0.623374,-0.07011068,-0.04551829,-0.5234097,-2.827095,1.56067
1,5.000001,213,288,502,503,1.067677,1.478053,0.5913079,-1.412003,-2.456601,-1.506093,0.6213781,-0.0550524,-0.01148396,-0.5224962,-2.827384,1.554075
-2.421439E-08,5.011112,213,288,502,503,1.024473,1.571238,0.4466507,-1.414636,-2.476377,-1.513162,0.6106413,-0.0294801,0.005506881,-0.5221537,-2.826573,1.546966
-2.421439E-08,5.022223,213,288,502,503,0.9620099,1.673809,0.2848271,-1.4151,-2.49786,-1.518961,0.6411238,0.003718972,-0.01193071,-0.5227807,-2.824707,1.537444
-2.421439E-08,5.033335,213,288,502,503,0.9074582,1.686489,0.1889445,-1.415801,-2.517081,-1.524527,0.6678392,-0.01418591,-0.01951321,-0.523195,-2.825948,1.530543
-2.421439E-08,5.044446,270,317,500,502,0.8221829,1.654389,0.09993264,-1.415333,-2.534702,-1.52839,0.7071027,-0.1203808,-0.01610674,-0.52299,-2.834854,1.529609
-2.421439E-08,5.055557,270,317,500,502,0.774694,1.496965,0.0366234,-1.414701,-2.547205,-1.534114,0.7518875,-0.2424678,-0.006284378,-0.5225905,-2.846901,1.530525
-2.421439E-08,5.066669,270,317,500,502,0.7338255,1.281362,0.01012631,-1.414332,-2.555943,-1.539797,0.7547438,-0.3383665,-0.01755808,-0.522746,-2.858967,1.532591
-2.421439E-08,5.07778,270,317,500,502,0.7174984,1.053962,-0.03022359,-1.412734,-2.5621,-1.546384,0.7329869,-0.4184788,-0.02553873,-0.523048,-2.872118,1.536548
-2.421439E-08,5.088891,274,331,503,505,0.7192767,0.8472995,-0.02918994,-1.412529,-2.566581,-1.553726,0.7078263,-0.458079,-0.0155884,-0.5228541,-2.88415,1.539766
-2.421439E-08,5.100002,274,331,503,505,0.7113669,0.6778817,-0.0263826,-1.412299,-2.570309,-1.561081,0.6538304,-0.4819028,0.001988798,-0.5221404,-2.896173,1.544305
-2.421439E-08,5.111114,274,331,503,505,0.7043288,0.5704287,-0.008251071,-1.412587,-2.5742,-1.568212,0.5760667,-0.4793487,0.006845502,-0.5217447,-2.906687,1.549198
-2.421439E-08,5.122225,274,331,503,505,0.6931113,0.440884,0.03673705,-1.413903,-2.575947,-1.575054,0.4872303,-0.4407298,-0.004379205,-0.5220808,-2.91433,1.552517
-2.421439E-08,5.133336,274,331,503,505,0.6679013,0.3537112,0.06325181,-1.415322,-2.577659,-1.581647,0.4323523,-0.3869173,-0.0159316,-0.5225111,-2.920011,1.554151
-2.421439E-08,5.144447,278,374,502,506,0.6205157,0.2327725,0.1295806,-1.418425,-2.5773,-1.587622,0.3661722,-0.2682923,-0.03941717,-0.5235018,-2.920178,1.551962
-2.421439E-08,5.155559,278,374,502,506,0.593005,0.1946474,0.1609583,-1.421155,-2.578624,-1.593486,0.3297583,-0.1483597,-0.07060303,-0.5251839,-2.91713,1.546615
-2.421439E-08,5.16667,278,374,502,506,0.5399222,0.1661256,0.2018289,-1.424382,-2.579927,-1.597912,0.3062031,-0.0347017,-0.09866586,-0.5270859,-2.912605,1.539861
-2.421439E-08,5.177781,278,374,502,506,0.4931239,0.1663265,0.2381439,-1.427901,-2.581833,-1.60203,0.2789157,0.0160709,-0.1274567,-0.5292425,-2.909905,1.535136
-2.421439E-08,5.188892,278,374,502,506,0.4419409,0.1952146,0.2677791,-1.43151,-2.584778,-1.605108,0.2692619,0.02225333,-0.1433097,-0.5305118,-2.911262,1.532157
-2.421439E-08,5.200004,237,429,499,508,0.3863946,0.247327,0.2769408,-1.434579,-2.588993,-1.607575,0.264001,-0.01202089,-0.1718788,-0.5332394,-2.913726,1.531556
-2.421439E-08,5.211115,237,429,499,508,0.3521992,0.297356,0.2871225,-1.437549,-2.593443,-1.610323,0.2683563,-0.05157387,-0.2132424,-0.5363052,-2.917003,1.530292
-2.421439E-08,5.222226,237,429,499,508,0.2954847,0.3739511,0.2939241,-1.440895,-2.599778,-1.611257,0.2811752,-0.07820094,-0.2377211,-0.5395991,-2.92015,1.529576
-2.421439E-08,5.233337,237,429,499,508,0.26128,0.4249221,0.2934227,-1.443434,-2.605448,-1.612682,0.3122725,-0.1260847,-0.2675215,-0.5431197,-2.926994,1.530903
-2.421439E-08,5.244449,167,488,497,508,0.1918357,0.4801934,0.3015467,-1.446969,-2.612565,-1.611825,0.3254176,-0.1739831,-0.2812147,-0.5462191,-2.933671,1.531998
-2.421439E-08,5.25556,167,488,497,508,0.1309872,0.5226944,0.3118721,-1.450294,-2.619261,-1.610529,0.3256234,-0.2048837,-0.2864235,-0.5496349,-2.939608,1.533612
-2.421439E-08,5.266671,167,488,497,508,0.08620992,0.5440001,0.3255963,-1.454107,-2.626124,-1.609538,0.3268574,-0.2058937,-0.2714894,-0.5520344,-2.944697,1.533727
-2.421439E-08,5.277782,167,488,497,508,0.00307411,0.5823402,0.3509061,-1.458168,-2.633644,-1.606701,0.3204213,-0.1834577,-0.2502662,-0.5543998,-2.94734,1.532702
-2.421439E-08,5.288894,167,488,497,508,-0.04057494,0.5875424,0.3541076,-1.461683,-2.640009,-1.604445,0.3119963,-0.1770411,-0.2331802,-0.5564398,-2.950758,1.532127
-2.421439E-08,5.300005,157,539,495,510,-0.1183207,0.5754936,0.3458616,-1.46512,-2.646286,-1.600367,0.3045841,-0.1684883,-0.2161402,-0.558468,-2.953772,1.531572
-2.421439E-08,5.311116,157,539,495,510,-0.1513089,0.5509304,0.3525543,-1.468869,-2.651429,-1.596768,0.3003458,-0.1663964,-0.213975,-0.5607243,-2.957925,1.531583
-2.421439E-08,5.322227,157,539,495,510,-0.1937152,0.4879798,0.35648,-1.472877,-2.65527,-1.593128,0.2992606,-0.1632048,-0.2129183,-0.5630098,-2.96137,1.531201
-2.421439E-08,5.333339,157,539,495,510,-0.2243361,0.4026846,0.3595464,-1.476916,-2.657701,-1.589757,0.2939628,-0.1675286,-0.2160564,-0.5655212,-2.965528,1.531435
-2.421439E-08,5.34445,184,588,493,509,-0.2378584,0.2853707,0.3501111,-1.480503,-2.658452,-1.586552,0.2844346,-0.171841,-0.2117234,-0.5678701,-2.969329,1.531848
-2.421439E-08,5.355561,184,588,493,509,-0.2376509,0.2117273,0.337017,-1.483906,-2.658902,-1.583887,0.2749153,-0.1633041,-0.1925204,-0.5694595,-2.97227,1.531544
-2.421439E-08,5.366673,184,588,493,509,-0.2245453,0.09322286,0.3073115,-1.486533,-2.657212,-1.581996,0.2600422,-0.1484276,-0.1700884,-0.5706095,-2.974956,1.531302
-2.421439E-08,5.377784,184,588,493,509,-0.2008579,-0.01361664,0.2710681,-1.488587,-2.654336,-1.580399,0.2494762,-0.1388234,-0.1476778,-0.5715692,-2.9774,1.530824
-2.421439E-08,5.388895,184,588,493,509,-0.1793349,-0.103377,0.2378562,-1.490442,-2.651014,-1.57919,0.226307,-0.1442147,-0.1165853,-0.5721477,-2.981068,1.532108
-2.421439E-08,5.400006,211,601,493,509,-0.1610964,-0.1514684,0.2159586,-1.492554,-2.64851,-1.578345,0.2082388,-0.1411234,-0.1068863,-0.5731229,-2.983781,1.532546
-2.421439E-08,5.411118,211,601,493,509,-0.1088132,-0.2125908,0.1610813,-1.492915,-2.644595,-1.578743,0.1847134,-0.1253058,-0.09826415,-0.5740135,-2.985627,1.532851
-2.421439E-08,5.422229,211,601,493,509,-0.07687962,-0.2213102,0.1312839,-1.493801,-2.642164,-1.578923,0.1750664,-0.1115026,-0.09080186,-0.5748428,-2.987358,1.532554
-2.421439E-08,5.43334,211,601,493,509,-0.02796309,-0.223766,0.08433514,-1.493527,-2.639671,-1.580042,0.1557258,-0.08927643,-0.08649862,-0.5756513,-2.988119,1.532102
-2.421439E-08,5.444451,251,608,492,509,0.006043119,-0.2133109,0.05434285,-1.493629,-2.63769,-1.581197,0.1396786,-0.07445833,-0.07685552,-0.576193,-2.989056,1.53192
-2.421439E-08,5.455563,251,608,492,509,0.06651437,-0.1689606,-0.001621619,-1.492365,-2.63676,-1.583593,0.128168,-0.07550311,-0.05012051,-0.5759384,-2.990806,1.53224
-2.421439E-08,5.466674,251,608,492,509,0.0897953,-0.132889,-0.02334696,-1.491545,-2.636181,-1.585225,0.1220031,-0.08826773,-0.0329683,-0.5758729,-2.993361,1.533303
-2.421439E-08,5.477785,251,608,492,509,0.1172355,-0.06701978,-0.04964728,-1.490379,-2.637105,-1.587118,0.1199854,-0.09249674,-0.02228021,-0.5758526,-2.995467,1.533823
-2.421439E-08,5.488896,251,608,492,509,0.1223681,-0.01172265,-0.06088735,-1.489295,-2.638417,-1.588487,0.1190104,-0.1010218,-0.01903356,-0.5759331,-2.998155,1.53488
-2.421439E-08,5.500008,309,594,490,509,0.1272591,0.1148805,-0.08031628,-1.48773,-2.643077,-1.589601,0.1199925,-0.09355451,-0.02121725,-0.5763326,-2.999396,1.534622
-2.421439E-08,5.511119,309,594,490,509,0.1216987,0.1894334,-0.08106816,-1.486836,-2.647075,-1.590465,0.1145233,-0.07655649,-0.02019373,-0.5765855,-3.000269,1.534324
-2.421439E-08,5.52223,309,594,490,509,0.1022186,0.2841155,-0.08626647,-1.485648,-2.65235,-1.590627,0.1080462,-0.06380261,-0.01701068,-0.5767049,-3.000746,1.533702
-2.421439E-08,5.533341,309,594,490,509,0.09568363,0.3461412,-0.06131605,-1.485695,-2.657607,-1.591101,0.1123686,-0.05837537,-0.001089724,-0.5762953,-3.001884,1.533463
-2.421439E-08,5.544453,359,573,489,507,0.07413366,0.4292209,-0.05680224,-1.485117,-2.664604,-1.590824,0.1102332,-0.05410226,0.005303207,-0.5760114,-3.002804,1.533299
-2.421439E-08,5.555564,359,573,489,507,0.06342814,0.4440771,-0.0590494,-1.484462,-2.669773,-1.590817,0.1188584,-0.0603849,0.01165308,-0.5757845,-3.004231,1.532979
-2.421439E-08,5.566675,359,573,489,507,0.05172001,0.4505762,-0.04524289,-1.484273,-2.674954,-1.590682,0.1305786,-0.06884658,0.004148315,-0.5759086,-3.006133,1.533043
-2.421439E-08,5.577786,359,573,489,507,0.04329529,0.4241121,-0.02685583,-1.484206,-2.679017,-1.590318,0.140126,-0.08164382,-0.01717045,-0.5766037,-3.008348,1.533005
-2.421439E-08,5.588898,359,573,489,507,0.04024625,0.3880523,-0.01049305,-1.484482,-2.682476,-1.590417,0.1410902,-0.08598293,-0.03420079,-0.5773818,-3.010505,1.533391
-2.421439E-08,5.600009,403,550,488,507,0.04148949,0.3467308,0.01125535,-1.485298,-2.685377,-1.59074,0.1324034,-0.08400971,-0.05545003,-0.5784679,-3.011866,1.533165
-2.421439E-08,5.61112,403,550,488,507,0.04160041,0.3213267,0.02642456,-1.485783,-2.688552,-1.590933,0.1099212,-0.078916,-0.06276373,-0.5793115,-3.013391,1.53396
-2.421439E-08,5.622231,403,550,488,507,0.03963249,0.2831909,0.0481284,-1.48686,-2.690709,-1.59116,0.09612959,-0.07900039,-0.05520467,-0.5796722,-3.015018,1.5346
-2.421439E-08,5.633343,403,550,488,507,0.03654439,0.2566703,0.06012669,-1.487781,-2.692883,-1.591314,0.07378009,-0.06632993,-0.03698444,-0.5795177,-3.015857,1.535146
-2.421439E-08,5.644454,403,550,488,507,0.02922159,0.223781,0.07435197,-1.489258,-2.694714,-1.591361,0.05784228,-0.05358411,-0.01454432,-0.5789808,-3.016422,1.535575
-2.421439E-08,5.655565,429,534,489,508,0.008039542,0.1864495,0.07477558,-1.489979,-2.696196,-1.590904,0.04501701,-0.03337666,0.002509631,-0.5784397,-3.016231,1.535183
-2.421439E-08,5.666677,429,534,489,508,0.003832482,0.1683084,0.07284171,-1.490734,-2.697686,-1.590738,0.03736434,-0.008927852,0.005656952,-0.578225,-3.015419,1.534388
-2.421439E-08,5.677788,429,534,489,508,-0.01315656,0.145752,0.06031245,-1.49088,-2.698717,-1.590216,0.02978228,0.003783979,0.002455463,-0.578356,-3.014582,1.53343
-2.421439E-08,5.688899,429,534,489,508,-0.02058237,0.1307396,0.05302394,-1.491267,-2.699825,-1.589712,0.02640842,0.01971149,-0.00185021,-0.5784418,-3.013577,1.532512
-2.421439E-08,5.70001,442,530,488,507,-0.04074949,0.1049982,0.04266134,-1.491201,-2.700223,-1.588903,0.0188674,0.03030929,-0.00184564,-0.5784929,-3.012268,1.531292
-2.421439E-08,5.711122,442,530,488,507,-0.05772551,0.07500925,0.0312775,-1.491114,-2.700449,-1.587818,0.009322634,0.02490695,-0.0006829023,-0.5784535,-3.012002,1.531396
-2.421439E-08,5.722233,442,530,488,507,-0.06830025,0.04183352,0.01992204,-1.491037,-2.700007,-1.586786,0.006192029,0.01634745,-0.002741893,-0.5784391,-3.012148,1.531414
-2.421439E-08,5.733344,442,530,488,507,-0.08418846,0.002280292,0.01079413,-1.491313,-2.699237,-1.585356,0.003145861,0.002483405,0.001602331,-0.5783496,-3.013023,1.53222
-2.421439E-08,5.744455,442,530,488,507,-0.09052499,-0.01909892,0.005700275,-1.491251,-2.698446,-1.584236,2.170913E-05,-0.002854377,0.003776718,-0.578307,-3.013134,1.532264
-2.421439E-08,5.755567,465,535,487,507,-0.09471428,-0.0490617,-0.00569121,-1.491077,-2.697138,-1.583246,-0.002021914,-0.009250063,0.00808735,-0.5780311,-3.013742,1.532844
-2.421439E-08,5.766678,465,535,487,507,-0.09036914,-0.08217016,-0.0149457,-1.490736,-2.695341,-1.58251,-0.01686031,-0.003967674,0.02415007,-0.5773515,-3.013345,1.533071
-2.421439E-08,5.777789,465,535,487,507,-0.08178403,-0.1121134,-0.02744963,-1.489973,-2.693152,-1.581939,-0.02965702,0.00019411,0.0253002,-0.5769536,-3.012946,1.533171
-2.421439E-08,5.7889,465,535,487,507,-0.06890511,-0.1516284,-0.04091758,-1.489216,-2.690521,-1.58174,-0.04252976,0.009665854,0.02535137,-0.5766665,-3.012455,1.533694
-2.421439E-08,5.800012,489,539,488,508,-0.05925974,-0.1804654,-0.05022918,-1.488475,-2.687689,-1.581365,-0.05751408,0.01484153,0.02225435,-0.576324,-3.012101,1.534427
-2.421439E-08,5.811123,489,539,488,508,-0.04527903,-0.2274093,-0.0604167,-1.487747,-2.683861,-1.581659,-0.07140026,0.01898673,0.02340709,-0.5759763,-3.011563,1.535261
-2.421439E-08,5.822234,489,539,488,508,-0.03767082,-0.2818011,-0.06839486,-1.486818,-2.679226,-1.581819,-0.07671109,0.01359257,0.01814427,-0.5759171,-3.011467,1.536027
-2.421439E-08,5.833345,489,539,488,508,-0.02799152,-0.3159004,-0.07232449,-1.486009,-2.674937,-1.582035,-0.08733516,0.01031753,0.02037095,-0.5756023,-3.011385,1.537425
-2.421439E-08,5.844457,489,539,488,508,-0.01291163,-0.3745294,-0.08028226,-1.484922,-2.669172,-1.582834,-0.09050129,0.0124664,0.02890312,-0.5751144,-3.010857,1.538269
-2.421439E-08,5.855568,497,543,487,508,-0.004332356,-0.3936988,-0.08223038,-1.483979,-2.66441,-1.583438,-0.1033034,0.01984857,0.03534958,-0.5746473,-3.00994,1.539001
-2.421439E-08,5.866679,497,543,487,508,0.005273774,-0.4065512,-0.09170515,-1.482791,-2.659551,-1.584143,-0.1150244,0.02296411,0.03968337,-0.5741099,-3.009317,1.54012
-2.421439E-08,5.87779,497,543,487,508,0.01697655,-0.4054804,-0.09495031,-1.481564,-2.65509,-1.584922,-0.1182167,0.02400739,0.04184212,-0.5734617,-3.008919,1.541217
-2.421439E-08,5.888902,497,543,487,508,0.01795766,-0.3810334,-0.1005337,-1.480299,-2.651432,-1.585478,-0.1245001,0.01973119,0.0514941,-0.5726781,-3.008858,1.542698
-2.421439E-08,5.900013,497,543,487,508,0.02531715,-0.3533126,-0.1018998,-1.479189,-2.648303,-1.586048,-0.1264101,0.01449667,0.07603791,-0.5711628,-3.008863,1.544261
-2.421439E-08,5.911124,500,546,487,507,0.02525879,-0.3287241,-0.09362838,-1.47848,-2.64522,-1.586625,-0.1250775,0.01252653,0.1090611,-0.5691543,-3.008678,1.545371
-2.421439E-08,5.922235,500,546,487,507,0.02933922,-0.2723018,-0.09954271,-1.47725,-2.643722,-1.587301,-0.1238915,0.01367833,0.1271689,-0.5671622,-3.008425,1.546564
-2.421439E-08,5.933347,500,546,487,507,0.03123043,-0.195598,-0.09714595,-1.476092,-2.642911,-1.58767,-0.1195839,0.02445792,0.1473277,-0.5650045,-3.007398,1.547075
-2.421439E-08,5.944458,500,546,487,507,0.02998771,-0.1337518,-0.09138788,-1.475238,-2.643098,-1.587945,-0.1057623,0.02670154,0.1472226,-0.5633507,-3.006852,1.547545
-2.421439E-08,5.955569,498,546,488,507,0.01910629,-0.05595273,-0.08576652,-1.474524,-2.644466,-1.587701,-0.09942371,0.02779393,0.1418391,-0.5620096,-3.006238,1.548038
-2.421439E-08,5.966681,498,546,488,507,0.01252311,0.01769092,-0.07053562,-1.474041,-2.64651,-1.587523,-0.08593945,0.04267497,0.1107761,-0.5616735,-3.004712,1.547427
-2.421439E-08,5.977792,498,546,488,507,0.007026315,0.07955614,-0.0626374,-1.473494,-2.649064,-1.587253,-0.08326915,0.06486056,0.06484231,-0.5622279,-3.002126,1.546018
-2.421439E-08,5.988903,498,546,488,507,0.009012656,0.1275142,-0.06100535,-1.472787,-2.651599,-1.587142,-0.08489869,0.09341916,0.02317166,-0.5630966,-2.998777,1.544315
-2.421439E-08,6.000014,498,546,488,507,0.002497332,0.1797946,-0.05088538,-1.472293,-2.654906,-1.586911,-0.08955725,0.1199088,0.0007069642,-0.5636953,-2.995106,1.542374
-2.421439E-08,6.011126,496,536,488,507,0.002470674,0.1872445,-0.05095064,-1.471879,-2.656897,-1.586684,-0.09593337,0.120944,0.003950944,-0.563453,-2.992435,1.541331
-2.421439E-08,6.022237,496,536,488,507,0.003612448,0.1703247,-0.03905976,-1.471746,-2.658341,-1.586607,-0.09782125,0.1092983,0.02319585,-0.562695,-2.990704,1.541011
