loc,t,aDotS,bDotS,gDotS,aS,bS,gS,qE,qDotE,aDotSH,bDotSH,gDotSH,aSH,bSH,gSH,aDotUB,bDotUB,gDotUB,aUB,bUB,gUB,xHand,yHand,zHand,aHand,bHand,gHand
1,0,0.124316,-0.4992492,0.290302,-1.341891,-0.7821422,-1.327132,-1.237915,-0.01596238,-0.2070159,0.1667994,-0.1679057,-0.3810179,-0.6708396,1.628418,-0.0883153,0.2120432,0.1026553,-0.8150343,-2.185441,1.474263,-0.6980739,1.17278,-0.3134644,300.5911,212.7786,2.145869
1,0.01111111,0.124316,-0.4992492,0.290302,-1.341891,-0.7821422,-1.327132,-1.237839,0.007172787,-0.2070159,0.1667994,-0.1679057,-0.3810179,-0.6708396,1.628418,-0.0883153,0.2120432,0.1026553,-0.8150343,-2.185441,1.474263,-0.6968606,1.172257,-0.3151372,300.6055,212.6273,2.003133
1,0.02222222,0.09216675,-0.5321429,0.2626803,-1.343685,-0.7681553,-1.331691,-1.237033,0.07373314,-0.2356597,0.1592295,-0.1529082,-0.3837807,-0.6621865,1.62684,-0.09211936,0.2037328,0.08778051,-0.81409,-2.178638,1.472011,-0.6953835,1.171617,-0.3169611,300.6978,212.3306,1.716686
1,0.03333334,0.05725123,-0.5363069,0.2390303,-1.345167,-0.7547659,-1.335125,-1.23897,-0.177532,-0.2534286,0.2103688,-0.1436701,-0.3864529,-0.6449015,1.616973,-0.100782,0.2093444,0.07628652,-0.8129911,-2.171094,1.469398,-0.6939933,1.17098,-0.3186966,300.8358,212.0806,1.34089
1,0.04444445,0.05725123,-0.5363069,0.2390303,-1.345167,-0.7547659,-1.335125,-1.23858,0.03736669,-0.2534286,0.2103688,-0.1436701,-0.3864529,-0.6449015,1.616973,-0.100782,0.2093444,0.07628652,-0.8129911,-2.171094,1.469398,-0.6926852,1.170009,-0.3211142,300.8017,211.9243,1.40303
1,0.05555556,0.03443362,-0.5133895,0.2333345,-1.346268,-0.7494311,-1.335867,-1.237562,0.09273776,-0.2627769,0.2412263,-0.1347369,-0.3876092,-0.6344885,1.610575,-0.1042085,0.2126641,0.0635829,-0.8130002,-2.167109,1.467974,-0.6909062,1.168691,-0.3240068,300.8556,211.4875,1.428189
1,0.06666667,-0.01053658,-0.4515309,0.2281902,-1.349075,-0.7398363,-1.33631,-1.23732,0.02157165,-0.2645987,0.256963,-0.1100409,-0.3890239,-0.6178816,1.601325,-0.1129789,0.2045119,0.06384498,-0.8116031,-2.158902,1.465136,-0.6887519,1.167461,-0.326393,301.1281,211.0115,0.8695267
1,0.07777778,-0.01053658,-0.4515309,0.2281902,-1.349075,-0.7398363,-1.33631,-1.236778,0.04959407,-0.2645987,0.256963,-0.1100409,-0.3890239,-0.6178816,1.601325,-0.1129789,0.2045119,0.06384498,-0.8116031,-2.158902,1.465136,-0.6868596,1.166309,-0.3286539,301.4326,210.7245,0.3663949
1,0.08888889,-0.03176241,-0.403027,0.2222784,-1.351895,-0.7309589,-1.336931,-1.238114,-0.1223683,-0.2550054,0.1969312,-0.07879739,-0.3896705,-0.6107411,1.600173,-0.124506,0.1974564,0.0801247,-0.8093304,-2.152353,1.463777,-0.6852716,1.165305,-0.3310559,301.7344,210.5239,0.01795905
1,0.1,-0.04404415,-0.3745739,0.2155338,-1.353103,-0.7273828,-1.336681,-1.236977,0.1052363,-0.2508411,0.1734602,-0.07694788,-0.3904034,-0.6075315,1.599819,-0.1309335,0.1838015,0.05369268,-0.8094587,-2.149605,1.463497,-0.6839396,1.164732,-0.3329856,301.9622,210.3174,359.6347
1,0.1111111,-0.05944331,-0.3483723,0.2024153,-1.354274,-0.7239505,-1.335907,-1.237821,-0.07808379,-0.2445799,0.1285881,-0.06789479,-0.3908647,-0.60812,1.602851,-0.1325046,0.1486623,0.03455313,-0.8098572,-2.149166,1.46472,-0.6832021,1.164491,-0.3351648,302.1273,210.373,359.3842
1,0.1222222,-0.06941904,-0.3273461,0.193622,-1.355214,-0.7207627,-1.33544,-1.237911,-0.007254752,-0.23921,0.1135307,-0.0563812,-0.3910027,-0.6057504,1.603059,-0.1327858,0.1380941,0.03564493,-0.8092548,-2.145898,1.463771,-0.6825706,1.164687,-0.3371845,302.0931,210.2633,359.3392
1,0.1333333,-0.08386001,-0.295777,0.1836505,-1.356416,-0.7181725,-1.334584,-1.23762,0.02677014,-0.2262908,0.1004711,-0.03640471,-0.3906399,-0.604088,1.603581,-0.1361764,0.131804,0.03573152,-0.8089719,-2.144177,1.464232,-0.6820556,1.165291,-0.3389713,301.9484,210.0907,359.2922
1,0.1444445,-0.09621651,-0.2631215,0.1736695,-1.357415,-0.7156169,-1.333436,-1.238143,-0.04797177,-0.2176866,0.08749244,-0.02170441,-0.390315,-0.6023644,1.604128,-0.1409756,0.1287878,0.01778165,-0.8090358,-2.141288,1.463783,-0.6816596,1.166197,-0.3405297,301.7094,209.9362,359.2601
1,0.1555556,-0.1063304,-0.234661,0.1637408,-1.358314,-0.713577,-1.332429,-1.238123,0.002464123,-0.2123022,0.08847499,-0.01642042,-0.3902799,-0.5996576,1.603802,-0.1448792,0.1161353,0.00616121,-0.809364,-2.139469,1.464528,-0.6814549,1.167241,-0.3419656,301.3992,209.7754,359.2818
1,0.1666667,-0.1097985,-0.2188299,0.1550497,-1.359237,-0.7113964,-1.331522,-1.237994,0.01177334,-0.2015626,0.08299537,-0.005927923,-0.3899384,-0.5973023,1.603363,-0.1442572,0.1043897,0.002948474,-0.8095152,-2.138458,1.465422,-0.6813512,1.168278,-0.3432478,301.0423,209.6762,359.3201
1,0.1777778,-0.1217709,-0.2001107,0.1334808,-1.35943,-0.7094704,-1.3301,-1.238391,-0.03623935,-0.1920451,0.07338355,-0.008255146,-0.3901004,-0.5961401,1.604064,-0.1500201,0.09717843,-0.006500811,-0.8100851,-2.135951,1.465303,-0.681302,1.169202,-0.3444203,300.755,209.6125,359.346
1,0.1888889,-0.1250921,-0.1896801,0.1173852,-1.35982,-0.7073553,-1.328829,-1.23864,-0.0224197,-0.1759993,0.05931434,0.005281358,-0.3896109,-0.5954258,1.604816,-0.1501422,0.09930794,-0.01395722,-0.8106332,-2.134451,1.465936,-0.6813307,1.169964,-0.3455372,300.579,209.5469,359.3405
1,0.2,-0.1219967,-0.1822225,0.1098704,-1.360211,-0.7054186,-1.328079,-1.238316,0.02988358,-0.1684847,0.04850569,0.01681262,-0.3890069,-0.5947915,1.605932,-0.1550884,0.08455835,-0.02340843,-0.8110391,-2.133484,1.46702,-0.6813241,1.170567,-0.3465388,300.4717,209.5003,359.3432
1,0.2111111,-0.1209986,-0.1769487,0.1023818,-1.360792,-0.703237,-1.32711,-1.238507,-0.0176178,-0.1543143,0.04487929,0.05072647,-0.3872252,-0.5940441,1.606483,-0.1620155,0.01760961,-0.04667987,-0.8121363,-2.136519,1.471173,-0.6812812,1.171036,-0.3475049,300.4567,209.4238,359.385
1,0.2222222,-0.1168728,-0.1673556,0.09380009,-1.361143,-0.7014607,-1.326404,-1.239187,-0.06193773,-0.1510415,0.04370947,0.05920293,-0.3863123,-0.5926689,1.606854,-0.1532215,-0.02098262,-0.07354118,-0.8136202,-2.137581,1.473339,-0.6811951,1.171434,-0.3484584,300.4956,209.3412,359.3814
1,0.2333333,-0.1168728,-0.1673556,0.09380009,-1.361143,-0.7014607,-1.326404,-1.239046,0.01344199,-0.1510415,0.04370947,0.05920293,-0.3863123,-0.5926689,1.606854,-0.1532215,-0.02098262,-0.07354118,-0.8136202,-2.137581,1.473339,-0.6810824,1.171811,-0.3494247,300.5366,209.2749,359.3367
1,0.2444444,-0.1146293,-0.165411,0.06928639,-1.360993,-0.6975863,-1.324489,-1.240441,-0.127718,-0.1647507,0.03077102,0.08050762,-0.3839447,-0.591953,1.610432,-0.165149,0.05509466,-0.09136216,-0.8171985,-2.132187,1.473454,-0.6808199,1.172225,-0.350264,300.5181,209.1776,359.2961
1,0.2555556,-0.1146293,-0.165411,0.06928639,-1.360993,-0.6975863,-1.324489,-1.237934,0.2303009,-0.1647507,0.03077102,0.08050762,-0.3839447,-0.591953,1.610432,-0.165149,0.05509466,-0.09136216,-0.8171985,-2.132187,1.473454,-0.6804681,1.172638,-0.3508759,300.4471,209.085,359.227
1,0.2666667,-0.1121108,-0.1772898,0.04728546,-1.36353,-0.6922711,-1.322879,-1.240321,-0.2203272,-0.1456747,0.01364264,0.07908241,-0.38199,-0.5927541,1.613845,-0.1754974,0.04479776,-0.06662847,-0.8176315,-2.130842,1.476668,-0.6802542,1.173076,-0.3517172,300.5578,209.0657,359.1667
1,0.2777778,-0.1143483,-0.1709945,0.04187752,-1.363251,-0.6905752,-1.321733,-1.238482,0.1703105,-0.1531131,0.01579991,0.08024982,-0.3809907,-0.5919866,1.615145,-0.1778491,0.03846915,-0.1113483,-0.820783,-2.130648,1.478412,-0.680042,1.173571,-0.3524936,300.5392,208.9038,359.199
1,0.2888889,-0.1164806,-0.1680129,0.03456661,-1.365173,-0.6867962,-1.321164,-1.238773,-0.02830936,-0.1646983,0.01464462,0.09420305,-0.3794467,-0.5918577,1.61728,-0.1811985,0.05986631,-0.1442982,-0.8237376,-2.129071,1.479485,-0.6799474,1.174213,-0.3534598,300.7321,208.7861,359.1133
1,0.3,-0.1261345,-0.1639649,0.0323214,-1.364918,-0.6852047,-1.319838,-1.239088,-0.02842798,-0.1656255,0.01128158,0.1101635,-0.3775606,-0.5921437,1.619486,-0.1830445,0.06951788,-0.1453311,-0.8253844,-2.127712,1.480649,-0.679657,1.175263,-0.3541821,300.8346,208.7903,358.8434
1,0.3111111,-0.133579,-0.1641544,0.03336597,-1.365157,-0.6826965,-1.318737,-1.239316,-0.0205263,-0.1654133,0.01319593,0.1304247,-0.3753278,-0.5917928,1.620998,-0.1866867,0.06535926,-0.1580288,-0.8276402,-2.127167,1.482482,-0.6793565,1.176552,-0.3548564,300.69,208.6777,358.8176
1,0.3222222,-0.1485707,-0.1612487,0.0353605,-1.365175,-0.6809649,-1.316867,-1.239054,0.02403589,-0.1706859,0.00351885,0.1410257,-0.3734588,-0.5930663,1.624312,-0.1933936,0.04215619,-0.1855551,-0.8303561,-2.127317,1.484727,-0.6790614,1.177935,-0.3556614,300.4121,208.5728,358.8529
1,0.3333333,-0.1657379,-0.1573056,0.04073529,-1.368031,-0.6783838,-1.314699,-1.239096,-0.00404396,-0.1771358,-0.01995429,0.1472388,-0.3715999,-0.5961124,1.629417,-0.192293,0.03357529,-0.2164864,-0.8338538,-2.127699,1.487076,-0.6790344,1.179142,-0.3568303,300.0229,208.3335,359.0185
1,0.3444445,-0.2012676,-0.1409591,0.04457683,-1.368146,-0.677399,-1.311344,-1.238549,0.05009862,-0.1857859,-0.04761603,0.1428208,-0.3700409,-0.5996991,1.634997,-0.191313,0.04636719,-0.2367463,-0.8370081,-2.126033,1.488065,-0.6791443,1.180024,-0.3584044,299.6787,208.1611,359.1905
1,0.3555556,-0.2217853,-0.1285865,0.04863707,-1.3693,-0.6758059,-1.308603,-1.238121,0.03877009,-0.1977525,-0.06549916,0.1320397,-0.3692909,-0.6043187,1.642037,-0.1987468,0.05724958,-0.2493488,-0.840328,-2.125003,1.489864,-0.6792473,1.180746,-0.3600601,299.6144,208.0438,359.065
1,0.3666667,-0.2599752,-0.0908909,0.06298544,-1.371464,-0.6756504,-1.304109,-1.237385,0.06715038,-0.202232,-0.08559213,0.1201501,-0.3684963,-0.6092482,1.649042,-0.1989097,0.06689604,-0.2695903,-0.8439632,-2.123032,1.49061,-0.6792424,1.181458,-0.3616633,299.6483,208.1485,358.7174
1,0.3777778,-0.2978823,-0.06803832,0.08379058,-1.372931,-0.6752781,-1.299697,-1.238007,-0.05729558,-0.2174118,-0.09915653,0.1009811,-0.3681778,-0.6131566,1.655641,-0.2059284,0.06821292,-0.2971181,-0.8480357,-2.121818,1.492348,-0.6792049,1.182285,-0.3632191,299.7212,208.114,358.5741
1,0.3888889,-0.3352234,-0.06876314,0.0931841,-1.374755,-0.6734613,-1.294988,-1.236851,0.1063932,-0.2419391,-0.1086455,0.1032547,-0.3671199,-0.6176371,1.663386,-0.2090394,0.06189854,-0.3290119,-0.8528332,-2.121684,1.494683,-0.6791767,1.183314,-0.3648385,299.7564,208.1198,358.4692
1,0.4,-0.3715806,-0.0641565,0.09712666,-1.375596,-0.6725925,-1.289764,-1.237025,-0.01670921,-0.2567254,-0.1151328,0.1193198,-0.3651902,-0.6220489,1.670832,-0.2119946,0.05665033,-0.3566603,-0.8577648,-2.121744,1.497179,-0.6792893,1.18471,-0.3665772,299.8044,208.2432,358.1776
1,0.4111111,-0.4187286,-0.05339412,0.1020618,-1.377333,-0.6716263,-1.283627,-1.236789,0.02210064,-0.2746435,-0.1173908,0.1397169,-0.3630304,-0.6265917,1.678777,-0.2128114,0.05133384,-0.3832822,-0.8630282,-2.121748,1.499561,-0.6796985,1.186495,-0.3685793,299.6833,208.2764,358.0146
1,0.4222222,-0.4500005,-0.03695203,0.1059272,-1.378513,-0.6715555,-1.277638,-1.23675,0.003589877,-0.2968815,-0.1281355,0.1590089,-0.3607044,-0.6321455,1.688071,-0.2195249,0.0515818,-0.3980199,-0.86757,-2.120996,1.501428,-0.6802979,1.18865,-0.370895,299.404,208.2654,357.9952
1,0.4333333,-0.4500005,-0.03695203,0.1059272,-1.378513,-0.6715555,-1.277638,-1.236165,0.05374007,-0.2968815,-0.1281355,0.1590089,-0.3607044,-0.6321455,1.688071,-0.2195249,0.0515818,-0.3980199,-0.86757,-2.120996,1.501428,-0.6810614,1.191175,-0.373477,299.0408,208.1217,358.0464
1,0.4444444,-0.5020744,0.0005221814,0.1265185,-1.381162,-0.6721781,-1.270196,-1.242598,-0.5884895,-0.3053295,-0.1367409,0.1707203,-0.358601,-0.6380854,1.697317,-0.2218728,0.04744019,-0.4043721,-0.8722758,-2.12043,1.503122,-0.6817129,1.194052,-0.3759833,298.483,207.908,358.1433
1,0.4555556,-0.5583122,0.035705,0.1396273,-1.383591,-0.6732082,-1.261757,-1.237313,0.4882512,-0.321527,-0.1653383,0.1631255,-0.3574708,-0.6466944,1.709451,-0.2201877,0.04311896,-0.417202,-0.8773347,-2.120452,1.505493,-0.6818076,1.196942,-0.3775618,297.5355,207.4029,358.3878
1,0.4666667,-0.608945,0.05917368,0.1465542,-1.38625,-0.6733121,-1.253173,-1.235464,0.1644668,-0.3420167,-0.2045921,0.1575892,-0.3564428,-0.65751,1.724042,-0.2204104,0.04315563,-0.4267725,-0.88204,-2.120008,1.507806,-0.6822664,1.199533,-0.3792589,297.0668,207.466,358.131
1,0.4777778,-0.6431891,0.06383721,0.1524941,-1.387047,-0.6740525,-1.244832,-1.23485,0.05543911,-0.3485153,-0.2215813,0.1553414,-0.3552966,-0.6669402,1.736974,-0.2196594,0.04632405,-0.4438391,-0.8875821,-2.119661,1.509995,-0.683287,1.202034,-0.3813825,296.9783,207.8035,357.7582
1,0.4888889,-0.7027314,0.05623447,0.1553243,-1.388809,-0.6738405,-1.234851,-1.235019,-0.01532384,-0.3550114,-0.241787,0.1551893,-0.3541477,-0.6769926,1.750563,-0.2242812,0.04651563,-0.4586308,-0.8929659,-2.118768,1.512319,-0.6847555,1.204695,-0.3839234,296.962,208.1379,357.5211
1,0.5,-0.7252339,0.06005721,0.1593089,-1.39017,-0.674094,-1.225878,-1.235925,-0.08231176,-0.3838321,-0.2619299,0.1595228,-0.3529477,-0.6882524,1.766387,-0.2327853,0.05210885,-0.4648157,-0.8983482,-2.118168,1.514812,-0.6863849,1.207756,-0.3868526,296.7683,208.4026,357.5721
1,0.5111111,-0.7532482,0.07231782,0.1653633,-1.392436,-0.6745356,-1.216427,-1.234711,0.1120838,-0.4062215,-0.2692973,0.1617986,-0.3516848,-0.6982185,1.78108,-0.2328299,0.05427631,-0.4712073,-0.9036468,-2.117532,1.516774,-0.687995,1.211061,-0.3903089,296.1727,208.3307,357.9547
1,0.5222223,-0.7826585,0.09946442,0.1733244,-1.394747,-0.6763998,-1.206288,-1.236152,-0.1324895,-0.4340665,-0.2732847,0.1492486,-0.3512118,-0.7081489,1.796256,-0.2388914,0.06405845,-0.4699901,-0.9088762,-2.116523,1.519036,-0.689329,1.214723,-0.3939203,295.5847,208.1911,358.0281
1,0.5333334,-0.8141425,0.1256165,0.1791876,-1.39733,-0.6779279,-1.19594,-1.236331,-0.01479281,-0.4531748,-0.2368471,0.1381072,-0.3504874,-0.7127354,1.806219,-0.2425141,0.08233443,-0.4699189,-0.9144139,-2.114721,1.520354,-0.690339,1.218745,-0.3974795,294.9552,207.9682,357.9828
1,0.5444446,-0.8335363,0.1337982,0.1853463,-1.400006,-0.6786704,-1.185929,-1.236284,0.004609117,-0.4563349,-0.2165115,0.1309039,-0.3495899,-0.7185757,1.816728,-0.2485769,0.09002593,-0.4676384,-0.9195522,-2.113243,1.522231,-0.6912742,1.223025,-0.4010461,294.2547,207.7835,357.8333
1,0.5555557,-0.8550568,0.1408786,0.19141,-1.402189,-0.6797963,-1.175269,-1.236389,-0.009335217,-0.4711726,-0.1929573,0.1270431,-0.3487047,-0.7232559,1.826911,-0.2524582,0.09974009,-0.4643424,-0.9246863,-2.111731,1.524274,-0.6923723,1.227461,-0.4046522,293.4963,207.6358,357.6786
1,0.5666668,-0.8717476,0.1245509,0.1903539,-1.404331,-0.6798614,-1.165066,-1.236958,-0.05179011,-0.4881202,-0.1972573,0.1388934,-0.3473358,-0.7316161,1.840803,-0.2587186,0.1074296,-0.4695055,-0.9300126,-2.110065,1.526296,-0.693644,1.232005,-0.4081409,292.725,207.5259,357.5646
1,0.577778,-0.8769475,0.1191106,0.185945,-1.405653,-0.6807594,-1.154874,-1.236766,0.01828869,-0.5021019,-0.2131101,0.1335357,-0.3468709,-0.7409276,1.855646,-0.2608933,0.1117603,-0.4769094,-0.9356601,-2.108622,1.528416,-0.695013,1.236582,-0.4114332,291.9625,207.5025,357.5165
1,0.5888891,-0.8789082,0.1115936,0.1838525,-1.407755,-0.6809032,-1.144951,-1.237319,-0.05047376,-0.5063338,-0.2206113,0.1398931,-0.345918,-0.7500037,1.869912,-0.2597156,0.114961,-0.4780005,-0.9409827,-2.106978,1.530138,-0.6965039,1.241168,-0.4146784,291.2945,207.4913,357.5677
1,0.6000003,-0.8810012,0.1094629,0.1827255,-1.409819,-0.6815732,-1.134738,-1.237794,-0.04281723,-0.5138223,-0.2183983,0.13573,-0.3453044,-0.7578978,1.883325,-0.2612879,0.1214054,-0.4630398,-0.9456821,-2.105247,1.532089,-0.6981022,1.245708,-0.4179814,290.607,207.3928,357.7458
1,0.6111114,-0.8777833,0.1095283,0.1806102,-1.412129,-0.6819291,-1.125041,-1.238186,-0.03542917,-0.5277019,-0.2086563,0.1274481,-0.3449092,-0.7646708,1.89595,-0.2627708,0.1267977,-0.4449042,-0.9501674,-2.103485,1.533912,-0.6996675,1.250133,-0.421281,289.893,207.2186,357.9871
1,0.6222225,-0.8754466,0.1010332,0.1741777,-1.413272,-0.682516,-1.115194,-1.238186,0.0004241837,-0.5286708,-0.1980447,0.1318335,-0.3439851,-0.7713073,1.908088,-0.2657041,0.1311526,-0.439503,-0.9549041,-2.101713,1.535923,-0.7011017,1.25443,-0.4244552,289.2295,207.1277,358.0409
1,0.6333337,-0.8710529,0.09892509,0.1612992,-1.414253,-0.6833874,-1.105543,-1.238778,-0.05407376,-0.5136034,-0.1886373,0.1413692,-0.342776,-0.7780675,1.919442,-0.2651439,0.1396676,-0.4288703,-0.9594182,-2.099711,1.537495,-0.702448,1.258598,-0.4275513,288.6345,207.1055,357.9837
1,0.6444448,-0.8645046,0.09367066,0.1550005,-1.415943,-0.6834614,-1.096186,-1.238827,-0.003956065,-0.5179559,-0.1885098,0.1318305,-0.3424175,-0.7850205,1.93177,-0.2657104,0.1450244,-0.4139156,-0.9634348,-2.097592,1.539439,-0.7037376,1.262651,-0.4306056,288.085,207.0925,357.9449
1,0.655556,-0.8548777,0.09389635,0.1496375,-1.417372,-0.6843658,-1.086861,-1.239127,-0.02743885,-0.5254337,-0.1841663,0.1276903,-0.3419115,-0.7916976,1.944125,-0.2667321,0.1439902,-0.4106954,-0.9679115,-2.095843,1.541424,-0.7049684,1.266613,-0.4336719,287.5848,206.8824,358.142
1,0.6666671,-0.8431966,0.0983602,0.1443479,-1.419219,-0.6848095,-1.077961,-1.239367,-0.02159241,-0.5381013,-0.1660146,0.1301395,-0.3409693,-0.7966425,1.955151,-0.2652947,0.1439523,-0.3958125,-0.9718189,-2.094093,1.543264,-0.7062311,1.270515,-0.4367823,287.1044,206.546,358.3823
1,0.6777782,-0.8334637,0.09320011,0.1391398,-1.420889,-0.6850162,-1.0689,-1.239557,-0.01719764,-0.5401405,-0.1478952,0.130355,-0.3400287,-0.8011268,1.965462,-0.2659449,0.1418391,-0.3755525,-0.9753886,-2.092371,1.545282,-0.7074667,1.274403,-0.4398216,286.6307,206.3791,358.4325
1,0.6888894,-0.8204195,0.08485721,0.1286563,-1.422126,-0.68516,-1.060193,-1.239905,-0.03178898,-0.5357362,-0.1416404,0.1410273,-0.3388835,-0.8072217,1.976937,-0.2687516,0.1493947,-0.3701622,-0.9794318,-2.09017,1.546998,-0.7087046,1.278296,-0.4427651,286.1427,206.219,358.4789
1,0.7000005,-0.8150655,0.08392361,0.1254293,-1.423438,-0.6858205,-1.050949,-1.239699,0.01909731,-0.5196617,-0.1375385,0.1483686,-0.3376569,-0.8133475,1.987909,-0.2664725,0.1525208,-0.3680825,-0.9834948,-2.088101,1.548713,-0.7099513,1.282185,-0.4455752,285.6193,206.0959,358.5133
1,0.7111117,-0.7992628,0.09488299,0.1211691,-1.425222,-0.6865336,-1.042699,-1.239966,-0.02459913,-0.5176665,-0.1406195,0.1365962,-0.3374071,-0.8194147,1.99938,-0.2662471,0.1482452,-0.3542466,-0.986967,-2.086553,1.55064,-0.7111695,1.286067,-0.4482629,285.1046,205.9884,358.5899
1,0.7222228,-0.7814778,0.1112312,0.1178875,-1.426975,-0.6878231,-1.034203,-1.23949,0.04369156,-0.509104,-0.1332127,0.1365895,-0.3365703,-0.8249621,2.010004,-0.2571588,0.1522132,-0.3363374,-0.9900003,-2.084602,1.552058,-0.7123522,1.289942,-0.4508545,284.6089,205.8004,358.7745
1,0.7333339,-0.7721412,0.1252678,0.1156758,-1.428986,-0.6888404,-1.026015,-1.240379,-0.08171813,-0.5027961,-0.1138751,0.1186237,-0.336206,-0.8275784,2.017876,-0.245526,0.1592918,-0.3046557,-0.9926054,-2.082421,1.553269,-0.7135224,1.293844,-0.4534267,284.1397,205.6231,358.9549
1,0.7444451,-0.7551644,0.1330194,0.1060428,-1.430184,-0.6902274,-1.018075,-1.240234,0.01396159,-0.4997176,-0.08484659,0.09227452,-0.3360313,-0.8282282,2.023924,-0.2417017,0.1677035,-0.2898226,-0.9954449,-2.079916,1.554428,-0.7147074,1.297733,-0.4559492,283.5987,205.4572,359.0811
1,0.7555562,-0.74885,0.1384333,0.1017767,-1.431924,-0.6911899,-1.009895,-1.24036,-0.01184154,-0.4965056,-0.06667298,0.08498061,-0.335464,-0.8296226,2.030634,-0.2407039,0.1868545,-0.2727796,-0.997904,-2.076689,1.55528,-0.7159022,1.301579,-0.4583985,283.0555,205.3748,359.1309
1,0.7666674,-0.7321664,0.1569896,0.1048526,-1.434013,-0.6929934,-1.002588,-1.240555,-0.01777496,-0.4771705,-0.02731267,0.08097032,-0.3341314,-0.8282329,2.03387,-0.232738,0.1919088,-0.2580415,-1.000214,-2.074272,1.556288,-0.7172334,1.305357,-0.4608907,282.5129,205.252,359.2238
1,0.7777785,-0.7206128,0.163666,0.1111982,-1.435731,-0.6940193,-0.9952792,-1.240149,0.03714527,-0.4653085,-0.007177055,0.08533034,-0.3329207,-0.8282154,2.038596,-0.2305475,0.1833122,-0.244248,-1.002493,-2.07225,1.557694,-0.7186163,1.309001,-0.4633265,281.9722,204.9797,359.503
1,0.7888896,-0.6996024,0.176955,0.1165587,-1.438266,-0.6952795,-0.9882511,-1.240956,-0.07425109,-0.4716755,-0.01144922,0.08962876,-0.3318102,-0.8308477,2.046502,-0.2264036,0.1725189,-0.2347589,-1.004733,-2.070474,1.55922,-0.7199321,1.312511,-0.4655587,281.5031,204.9444,359.5617
1,0.8000008,-0.6751313,0.1795798,0.1145515,-1.440161,-0.6965274,-0.9814574,-1.24078,0.01667252,-0.4771193,-0.0220063,0.0831769,-0.331464,-0.83353,2.054482,-0.2210035,0.1659548,-0.2231702,-1.006795,-2.068585,1.560453,-0.7211499,1.315896,-0.4675851,281.0866,205.1603,359.4267
1,0.8111119,-0.6602928,0.1851946,0.1114056,-1.442273,-0.697843,-0.9745923,-1.24088,-0.009459931,-0.4783575,-0.02396339,0.06719645,-0.3314032,-0.8349031,2.061139,-0.2196362,0.1648172,-0.2093623,-1.008637,-2.066758,1.561813,-0.7222449,1.319185,-0.469453,280.7151,205.3109,359.351
1,0.8222231,-0.6390671,0.1909182,0.1072499,-1.444436,-0.6992348,-0.968067,-1.240942,-0.005700252,-0.4667645,-0.02066925,0.053266,-0.3312775,-0.8352594,2.06626,-0.2146039,0.1710532,-0.1849667,-1.009809,-2.064221,1.562644,-0.7233645,1.322366,-0.471346,280.2817,205.5223,359.1844
1,0.8333342,-0.6235138,0.212571,0.1071474,-1.447216,-0.701255,-0.9614608,-1.2407,0.02202196,-0.453006,-0.004565001,0.03625011,-0.3312317,-0.8334411,2.069116,-0.2076174,0.1782756,-0.1702305,-1.011372,-2.061842,1.563347,-0.7244841,1.325429,-0.4732907,279.8519,205.6754,359.0828
1,0.8444453,-0.6014454,0.2300604,0.1050273,-1.449944,-0.7031805,-0.9556498,-1.240846,-0.01360296,-0.4381581,0.01792735,0.01823302,-0.3311103,-0.8304807,2.070684,-0.2083711,0.1772196,-0.1553008,-1.012659,-2.059648,1.564657,-0.7256269,1.328362,-0.4752757,279.4331,205.7793,358.9919
1,0.8555565,-0.5771931,0.2412606,0.1082839,-1.452688,-0.7050378,-0.9497359,-1.240689,0.01431102,-0.4337739,0.03598052,0.02158055,-0.3303289,-0.8284258,2.073447,-0.2080401,0.1846698,-0.1510404,-1.014217,-2.05696,1.565537,-0.7267578,1.33116,-0.4772615,279.048,206.1124,358.6893
1,0.8666676,-0.5506389,0.2460662,0.1073753,-1.455259,-0.7067662,-0.9442499,-1.241263,-0.05276212,-0.4412075,0.04670486,0.01857946,-0.3297814,-0.8263656,2.076673,-0.2046948,0.1834804,-0.143672,-1.015636,-2.054871,1.566498,-0.7279099,1.333893,-0.4792385,278.7535,206.693,358.1201
1,0.8777788,-0.5377239,0.2409696,0.1043321,-1.457589,-0.708158,-0.9384841,-1.24101,0.02347341,-0.441144,0.05310577,0.02192971,-0.3283156,-0.8250154,2.080091,-0.1991576,0.1886379,-0.1416666,-1.017165,-2.052207,1.567124,-0.7290601,1.336569,-0.4810904,278.4605,207.2446,357.567
1,0.8888899,-0.5120979,0.2393669,0.1034783,-1.459992,-0.7096813,-0.93356,-1.241168,-0.0149148,-0.4421847,0.06056982,0.02096191,-0.3276913,-0.8231064,2.083294,-0.1990173,0.1886202,-0.136361,-1.018636,-2.049963,1.568044,-0.7301747,1.339206,-0.4827793,278.1625,207.8558,356.9949
1,0.900001,-0.4888942,0.2515694,0.1024578,-1.462759,-0.7118108,-0.928575,-1.240669,0.04568258,-0.4443204,0.06596023,0.01789903,-0.3268082,-0.821166,2.086389,-0.2023016,0.1865902,-0.1373514,-1.020223,-2.047586,1.569194,-0.7312943,1.34179,-0.4843545,277.8136,208.4054,356.5115
1,0.9111122,-0.4646476,0.264865,0.1025109,-1.465752,-0.713936,-0.9239843,-1.241271,-0.05553871,-0.4326412,0.08204925,0.007317152,-0.3260897,-0.8155851,2.085709,-0.1943447,0.1927196,-0.1247513,-1.021131,-2.045018,1.569655,-0.7324182,1.344327,-0.4859078,277.4742,209.0895,355.935
1,0.9222233,-0.4531078,0.2767778,0.0960485,-1.46835,-0.7164484,-0.9190153,-1.241138,0.01251015,-0.4199081,0.1002431,-0.006465205,-0.3257653,-0.8102391,2.084949,-0.1905686,0.200046,-0.1099316,-1.021926,-2.042305,1.570215,-0.7335196,1.346811,-0.4874137,277.1636,209.8449,355.2608
1,0.9333345,-0.4411542,0.2694492,0.08555979,-1.470485,-0.7182577,-0.914269,-1.241277,-0.01310723,-0.4070487,0.1172341,-0.007475974,-0.3249456,-0.8048797,2.083981,-0.1871275,0.2031373,-0.1036162,-1.022877,-2.039533,1.570758,-0.7346134,1.349241,-0.4888481,276.8622,210.6966,354.4556
1,0.9444456,-0.4255717,0.2440594,0.07103333,-1.471942,-0.7196351,-0.9101965,-1.240741,0.04904746,-0.3728407,0.118013,0.004999505,-0.3233834,-0.801685,2.084306,-0.1783518,0.1964511,-0.08358309,-1.023104,-2.037456,1.571479,-0.7358249,1.351573,-0.4902736,276.4988,211.5985,353.5718
1,0.9555568,-0.4038184,0.2283684,0.05644771,-1.473258,-0.7212016,-0.9063206,-1.240642,0.00847441,-0.3612504,0.09988141,0.002560907,-0.323042,-0.799996,2.086601,-0.1695106,0.1737964,-0.08593543,-1.024129,-2.036107,1.572389,-0.7371631,1.3538,-0.4917012,276.1801,212.7262,352.542
1,0.9666679,-0.385611,0.2286612,0.04700401,-1.475132,-0.7232134,-0.9025948,-1.241093,-0.04144827,-0.360337,0.06148127,0.006391577,-0.3231991,-0.8018554,2.092338,-0.1662436,0.1747482,-0.0849672,-1.025244,-2.034003,1.57292,-0.7384884,1.355925,-0.493082,275.9301,213.6838,351.7518
1,0.977779,-0.3687281,0.2406316,0.03741921,-1.477042,-0.7256262,-0.8988084,-1.241161,-0.005916899,-0.3486734,0.03685638,0.01346494,-0.3229786,-0.8032072,2.097086,-0.1587518,0.1798457,-0.09046613,-1.026443,-2.031469,1.573117,-0.7397142,1.357925,-0.4943574,275.7064,214.1908,351.366
1,0.9888902,-0.3602629,0.245056,0.03530672,-1.479107,-0.727704,-0.8950086,-1.241138,0.001979407,-0.3338607,0.03259763,0.005810782,-0.3230164,-0.8022916,2.099422,-0.1543344,0.1786312,-0.08204068,-1.026918,-2.029341,1.573626,-0.7408106,1.359807,-0.4954936,275.5094,214.6439,350.9817
1,1.000001,-0.3431538,0.2442893,0.03011717,-1.480855,-0.7297552,-0.8916594,-1.240899,0.02160763,-0.3178167,0.04639509,0.004740555,-0.3223581,-0.7988818,2.099027,-0.1492811,0.1624894,-0.07257782,-1.027369,-2.027907,1.57434,-0.7418942,1.361591,-0.4965439,275.3052,215.4304,350.2195
1,1.011112,-0.3226456,0.2350622,0.02398819,-1.482409,-0.7315459,-0.8887821,-1.240637,0.02362082,-0.2931939,0.07615069,0.001644277,-0.3211341,-0.7934579,2.096325,-0.1452285,0.1452945,-0.05883369,-1.027448,-2.026946,1.575357,-0.7430217,1.363298,-0.4975074,275.1136,216.4619,349.2236
1,1.022224,-0.3031807,0.2236721,0.01787263,-1.483771,-0.7331784,-0.885884,-1.240885,-0.02292876,-0.2772581,0.0889684,-0.009033395,-0.3208747,-0.7889397,2.094605,-0.1443434,0.1345994,-0.05246616,-1.027834,-2.02562,1.576241,-0.744252,1.364963,-0.4984538,274.9367,217.8104,347.9705
1,1.033335,-0.2954132,0.210978,0.01167509,-1.484976,-0.7347448,-0.8826797,-1.241175,-0.02647045,-0.2697626,0.09638691,-0.009029079,-0.3203005,-0.785126,2.093758,-0.1391518,0.1301765,-0.05258916,-1.028402,-2.024094,1.576848,-0.7454535,1.36658,-0.4993086,274.7829,219.1363,346.8058
1,1.044446,-0.2769941,0.1985492,0.008753061,-1.486212,-0.7363006,-0.8802813,-1.240964,0.01940909,-0.2502824,0.09062554,0.02268941,-0.3184587,-0.7848842,2.095682,-0.1275396,0.1201984,-0.04328882,-1.028658,-2.023232,1.577764,-0.7465937,1.368136,-0.5000743,274.6159,220.1782,345.9031
1,1.055557,-0.2606452,0.1828244,0.002674431,-1.487157,-0.737368,-0.8778445,-1.240438,0.04774133,-0.2395521,0.08943093,0.03108225,-0.3175063,-0.7824719,2.095726,-0.1215942,0.1072258,-0.04556468,-1.029228,-2.022329,1.57842,-0.7476467,1.369606,-0.5007458,274.4361,221.187,345.0025
1,1.066668,-0.2446235,0.1779198,0.01138103,-1.488721,-0.7385372,-0.8755888,-1.24102,-0.05370058,-0.222416,0.08174492,0.04360677,-0.3163963,-0.7821358,2.097325,-0.1185298,0.1017725,-0.04350764,-1.029604,-2.021567,1.579413,-0.7486638,1.371029,-0.5014164,274.2965,222.2801,344.0106
1,1.077779,-0.2317676,0.174968,0.01043557,-1.489825,-0.7399502,-0.8733283,-1.240834,0.01736199,-0.2107828,0.07214287,0.04018108,-0.3158818,-0.780785,2.098055,-0.1079891,0.09399053,-0.03842829,-1.029868,-2.020661,1.579806,-0.7496245,1.372403,-0.5021004,274.1441,223.4288,342.9829
1,1.08889,-0.2136575,0.1753493,0.01164734,-1.491239,-0.7413436,-0.8716004,-1.24081,0.001817622,-0.1939523,0.05727953,0.02706238,-0.3159383,-0.7803483,2.099247,-0.1070571,0.09074348,-0.03953109,-1.030489,-2.019845,1.58069,-0.750412,1.373659,-0.5027239,273.9713,224.6047,341.9078
1,1.100002,-0.1900901,0.1725533,0.003349476,-1.492358,-0.7429879,-0.8701357,-1.240653,0.0142303,-0.179094,0.04227397,0.0288613,-0.315762,-0.7805922,2.100939,-0.1029058,0.08955,-0.04282481,-1.031074,-2.018727,1.581118,-0.7510955,1.374799,-0.5033394,273.8176,226.1438,340.4203
1,1.111113,-0.174924,0.1611364,0.00252042,-1.493254,-0.7441319,-0.8686752,-1.240993,-0.03126368,-0.1535884,0.04327776,0.02221246,-0.3154509,-0.7791701,2.100431,-0.09525163,0.09462413,-0.04088693,-1.031639,-2.017567,1.581476,-0.7517015,1.375834,-0.5039774,273.7013,227.3321,339.2676
1,1.122224,-0.1552167,0.1380191,-0.004535697,-1.493478,-0.7448617,-0.8675758,-1.241124,-0.01186439,-0.1409346,0.03799289,0.01244122,-0.3154173,-0.7782577,2.100735,-0.08653927,0.09755694,-0.03682548,-1.031883,-2.016124,1.581387,-0.7522529,1.376743,-0.5045451,273.6027,228.2583,338.3126
1,1.133335,-0.1419254,0.1148234,-0.007385455,-1.493713,-0.7454486,-0.866436,-1.240895,0.02086526,-0.1335829,0.03913951,0.001716487,-0.3155526,-0.7760771,2.099925,-0.07907754,0.09199583,-0.02953713,-1.031881,-2.015243,1.581565,-0.7528002,1.377533,-0.5050294,273.5259,229.0077,337.5476
1,1.144446,-0.1264282,0.08846106,-0.01126039,-1.493565,-0.7458609,-0.8656403,-1.241,-0.009949507,-0.1154791,0.0444086,-0.001611236,-0.3153401,-0.7739221,2.098501,-0.07062881,0.08426268,-0.02227702,-1.031837,-2.014695,1.581964,-0.7534038,1.378203,-0.505477,273.4426,229.6421,336.9289
1,1.155557,-0.1024888,0.06546031,-0.01508207,-1.493383,-0.745986,-0.8652621,-1.240775,0.02056671,-0.0941912,0.0475304,-0.004998493,-0.3152581,-0.7718006,2.096793,-0.05678667,0.07744959,-0.01407619,-1.031704,-2.013949,1.581717,-0.753968,1.378713,-0.5058048,273.3663,229.9686,336.646
1,1.166668,-0.09255058,0.04966382,-0.01697148,-1.493221,-0.7462678,-0.8646517,-1.240897,-0.01142778,-0.07913002,0.05903354,0.006666853,-0.3146839,-0.7698181,2.095693,-0.05069164,0.06873343,-0.01529073,-1.031982,-2.013448,1.581964,-0.7545301,1.379096,-0.5061132,273.3265,230.4349,336.273
1,1.17778,-0.06950736,0.01813083,-0.01964617,-1.492417,-0.7457016,-0.8647817,-1.241119,-0.02036347,-0.0663341,0.06003258,0.007612423,-0.314139,-0.7674282,2.09381,-0.0394517,0.05453608,-0.01768817,-1.032276,-2.013333,1.581921,-0.755061,1.379368,-0.5065023,273.3054,230.8561,335.9956
1,1.188891,-0.04458963,-0.0005718321,-0.02244719,-1.491717,-0.7455354,-0.8652083,-1.240729,0.03566189,-0.05574365,0.04822974,0.009487982,-0.3141699,-0.7674197,2.094295,-0.03671641,0.04272115,-0.02201779,-1.032604,-2.013301,1.582314,-0.7554552,1.379512,-0.5068957,273.3107,230.7376,336.1838
1,1.200002,-0.02194169,-0.01188257,-0.02640621,-1.491026,-0.7453805,-0.8658544,-1.241165,-0.0402929,-0.06319372,0.0289851,0.02000735,-0.3137875,-0.76913,2.096897,-0.02851756,0.03607593,-0.02753837,-1.033109,-2.013146,1.582265,-0.755775,1.379576,-0.507342,273.3457,230.2908,336.6378
1,1.211113,-0.006976774,-0.01370225,-0.02626442,-1.49077,-0.7455291,-0.8663678,-1.241336,-0.0154416,-0.05574098,0.0225127,0.02410752,-0.3135499,-0.7693894,2.097682,-0.02438612,0.03166044,-0.02763343,-1.033333,-2.013339,1.582489,-0.7558851,1.379522,-0.5077378,273.3578,229.4403,337.487
1,1.222224,0.004738097,-0.01449645,-0.02296246,-1.490585,-0.7454731,-0.8668004,-1.241336,6.631439E-07,-0.04725014,0.02892761,0.01769409,-0.3134072,-0.7678005,2.096344,-0.02217341,0.02946404,-0.02129201,-1.033355,-2.013058,1.582523,-0.7558315,1.379338,-0.508075,273.3608,228.4022,338.4732
1,1.233335,0.02615112,-0.02250326,-0.01525162,-1.490283,-0.7450827,-0.8678682,-1.240996,0.03090033,-0.03983606,0.03964722,0.008147415,-0.3132293,-0.76505,2.093878,-0.02569987,0.01143001,-0.01162522,-1.033114,-2.014035,1.583592,-0.7557187,1.379039,-0.5084323,273.383,227.5314,339.2752
1,1.244446,0.04425252,-0.0252388,-0.006533401,-1.490445,-0.7445085,-0.8690757,-1.240661,0.03016833,-0.03233786,0.049215,0.007124604,-0.3124996,-0.7625712,2.091597,-0.02374148,0.008172264,-0.01486847,-1.033392,-2.014057,1.583799,-0.7557114,1.378697,-0.5089085,273.4669,226.9754,339.7575
1,1.255558,0.06570947,-0.03640657,0.00441194,-1.490245,-0.7436584,-0.8707466,-1.241056,-0.03645177,-0.02907788,0.05447441,0.01141174,-0.3118444,-0.761263,2.090664,-0.02881375,0.008306809,-0.004103449,-1.033205,-2.014346,1.584432,-0.7557566,1.378341,-0.5094516,273.5891,226.6182,340.0946
1,1.266669,0.085148,-0.05087289,0.01006803,-1.490005,-0.7425378,-0.872507,-1.241036,0.001978251,-0.04945574,0.0557595,-9.344704E-05,-0.3120373,-0.7592486,2.090259,-0.02889825,0.004031502,-0.001979862,-1.033286,-2.014716,1.585045,-0.7556911,1.377928,-0.5098553,273.6888,226.1576,340.5254
1,1.27778,0.08969517,-0.06360278,0.007033285,-1.489144,-0.7417569,-0.873731,-1.24126,-0.02063117,-0.0612357,0.06231705,-0.00949448,-0.3120692,-0.7559708,2.088155,-0.03332679,0.0009664148,-0.005074839,-1.033445,-2.014799,1.585622,-0.7555515,1.377464,-0.5101719,273.7608,226.1555,340.4986
1,1.288891,0.09400713,-0.06670655,0.008166738,-1.488655,-0.7409809,-0.8749038,-1.241133,0.01162492,-0.06342779,0.07627951,-0.01998596,-0.3121688,-0.7516602,2.085137,-0.03644497,0.009570606,-0.01246736,-1.033973,-2.014534,1.586169,-0.7553801,1.376925,-0.5104765,273.8007,226.118,340.5085
1,1.300002,0.1056249,-0.06530397,0.01783405,-1.488604,-0.7401356,-0.8765773,-1.240411,0.06577058,-0.04106481,0.09328686,-0.02748722,-0.3118764,-0.7465118,2.080067,-0.03516822,0.01166652,-0.006102947,-1.033843,-2.014303,1.586388,-0.7551779,1.376283,-0.5108067,273.8487,225.8894,340.7179
1,1.311113,0.1163869,-0.07040757,0.0190415,-1.488121,-0.7391806,-0.8784543,-1.240139,0.02420966,-0.03248253,0.09853418,-0.02432077,-0.3113885,-0.7427071,2.076497,-0.03403758,0.00735369,0.002395758,-1.033482,-2.014723,1.587009,-0.7549622,1.375546,-0.5111783,273.9325,224.9333,341.6241
1,1.322224,0.1239554,-0.07558754,0.01808486,-1.487561,-0.7384189,-0.8800874,-1.240499,-0.03318418,-0.03884585,0.09535331,-0.02110083,-0.3110455,-0.7389542,2.073405,-0.03940704,0.004319049,0.004650627,-1.03335,-2.014781,1.587671,-0.7547473,1.374742,-0.5115361,274.0587,224.1794,342.2881
1,1.333336,0.1325474,-0.08070539,0.02140153,-1.487102,-0.7374054,-0.8817902,-1.240609,-0.0097637,-0.04747015,0.08587347,-0.02644969,-0.3112143,-0.7361968,2.071582,-0.04223803,0.01398341,0.007911478,-1.033204,-2.01448,1.588094,-0.7545195,1.373906,-0.5118657,274.2142,223.9786,342.4328
1,1.344447,0.1335782,-0.08064285,0.02566676,-1.486773,-0.7364306,-0.8833598,-1.240253,0.03250105,-0.04533972,0.08368757,-0.02330379,-0.3110428,-0.7338846,2.070075,-0.03796519,0.01598534,0.005681777,-1.033213,-2.014204,1.588223,-0.7542776,1.373045,-0.5121747,274.3583,223.5824,342.8016
1,1.355558,0.1358299,-0.08594079,0.02466585,-1.486082,-0.7354378,-0.885093,-1.240146,0.009374646,-0.039929,0.08573657,-0.01801703,-0.310695,-0.7304007,2.066695,-0.0399555,0.01922914,0.007860726,-1.03303,-2.014057,1.588784,-0.7540278,1.372179,-0.512499,274.4922,223.0293,343.3369
1,1.366669,0.1369248,-0.08802771,0.02682348,-1.485642,-0.7344386,-0.8867943,-1.239919,0.02065569,-0.03671108,0.08994752,-0.01588328,-0.3104436,-0.727271,2.064301,-0.03802707,0.01276028,0.007812531,-1.032963,-2.014462,1.589496,-0.7537686,1.371317,-0.5128289,274.6113,222.6394,343.694
1,1.37778,0.133874,-0.09554219,0.02794383,-1.485056,-0.7330974,-0.8883016,-1.239982,-0.005969911,-0.03139032,0.08673409,-0.01703121,-0.3101571,-0.7246525,2.061634,-0.03585601,0.01163092,0.01095879,-1.032733,-2.014365,1.589777,-0.7535043,1.370474,-0.5132294,274.7182,222.5024,343.8291
1,1.388891,0.1287335,-0.1052172,0.03012985,-1.484325,-0.7317072,-0.8897983,-1.239892,0.008245131,-0.02939646,0.07399344,-0.02253899,-0.3106258,-0.7227287,2.060257,-0.03705917,0.00632266,0.01205633,-1.032485,-2.014732,1.590481,-0.7532204,1.369651,-0.5136817,274.8364,222.0019,344.2833
1,1.400002,0.1247424,-0.1180976,0.02916531,-1.483422,-0.7301424,-0.8912045,-1.239602,0.02637449,-0.03154257,0.06440517,-0.02047332,-0.3102689,-0.7211606,2.05898,-0.028405,0.008196142,0.0150529,-1.032227,-2.01456,1.59042,-0.7529142,1.368871,-0.51414,274.981,221.4774,344.7245
1,1.411114,0.1108959,-0.1163036,0.02370094,-1.482648,-0.7292108,-0.8920716,-1.239522,0.007024078,-0.03478563,0.05586847,-0.01841616,-0.3104047,-0.7200665,2.058747,-0.02398319,0.006990217,0.02346811,-1.031797,-2.014757,1.590696,-0.7525554,1.368145,-0.514576,275.118,220.9511,345.1712
1,1.422225,0.1011251,-0.1089981,0.02780092,-1.482397,-0.7282355,-0.8929526,-1.239397,0.01143153,-0.03589744,0.0548411,-0.02266994,-0.3104506,-0.718573,2.057686,-0.02154642,0.01224954,0.02980588,-1.031246,-2.014412,1.590675,-0.7522072,1.367494,-0.5150477,275.2169,220.2964,345.7389
1,1.433336,0.08776461,-0.08257437,0.03273848,-1.482837,-0.7279255,-0.8935608,-1.23891,0.04446046,-0.03066895,0.05493741,-0.03444009,-0.3108953,-0.7159461,2.054963,-0.01480068,0.01311272,0.04350184,-1.030325,-2.014366,1.590512,-0.7518615,1.366897,-0.5155477,275.2751,219.5884,346.3568
1,1.444447,0.07763878,-0.05821785,0.03772191,-1.483377,-0.7276906,-0.8941041,-1.238912,-0.0005030751,-0.02849992,0.06346717,-0.03437478,-0.3107366,-0.7116345,2.051188,-0.0159015,0.008871179,0.04779084,-1.029645,-2.014719,1.591048,-0.7516114,1.36638,-0.5161139,275.334,219.0045,346.8346
1,1.455558,0.06465273,-0.04783319,0.03645255,-1.483692,-0.727191,-0.8945014,-1.238769,0.01318828,-0.03049809,0.08368085,-0.03094631,-0.3103765,-0.7064525,2.046796,-0.01773323,0.01638838,0.05103085,-1.028961,-2.014242,1.591062,-0.7514296,1.36594,-0.5166872,275.3924,218.8922,346.8582
1,1.466669,0.05624213,-0.05229653,0.0332409,-1.483573,-0.7264028,-0.8948871,-1.238768,1.123502E-05,-0.02938729,0.08790156,-0.0277268,-0.3102279,-0.7027944,2.043721,-0.01860028,0.02386951,0.04998275,-1.028498,-2.013735,1.591067,-0.751352,1.365615,-0.5172151,275.4911,219.1516,346.5029
1,1.47778,0.045773,-0.06104453,0.03218198,-1.483215,-0.7254429,-0.8951337,-1.238682,0.007891173,-0.01978204,0.08571249,-0.02570991,-0.3098396,-0.6995128,2.040351,-0.01534579,0.02909831,0.04564565,-1.0281,-2.013143,1.590841,-0.7513579,1.365426,-0.51765,275.5635,219.4191,346.1929
1,1.488891,0.03637496,-0.07083437,0.03113199,-1.48266,-0.7245215,-0.8951049,-1.23872,-0.003503477,-0.009106617,0.07488152,-0.0152932,-0.3096388,-0.6986611,2.039624,-0.008323827,0.02035462,0.03801933,-1.027966,-2.01331,1.590817,-0.75144,1.365338,-0.5180289,275.5504,219.6614,345.9712
1,1.500003,0.02691981,-0.07534592,0.0257749,-1.482136,-0.7236634,-0.8951614,-1.23866,0.005636333,-0.004889067,0.04275749,-0.002901216,-0.3095781,-0.7014319,2.042295,-0.003627362,0.004223476,0.03151556,-1.027828,-2.013909,1.590988,-0.751515,1.365324,-0.5183664,275.5159,219.7543,345.9348
1,1.511114,0.0131474,-0.07675414,0.0192726,-1.481524,-0.7231351,-0.8949068,-1.238475,0.01686795,-0.004035549,0.00976966,-0.005419972,-0.3102886,-0.7032924,2.044324,-0.0007691113,-0.00651952,0.03037889,-1.027574,-2.014413,1.59103,-0.7515462,1.36535,-0.518678,275.4721,219.5734,346.14
1,1.522225,-0.0006838408,-0.07601702,0.01488842,-1.481046,-0.7224687,-0.8945489,-1.23865,-0.01599623,-0.005257561,-0.01040558,-0.008832086,-0.3107877,-0.7039454,2.045253,0.002842201,0.004032501,0.03455867,-1.027026,-2.013951,1.590627,-0.7515625,1.365416,-0.5190344,275.4399,219.2334,346.4639
1,1.533336,-0.007220579,-0.06870116,0.01476178,-1.480824,-0.7217901,-0.8944008,-1.238493,0.01451935,-0.001064554,-0.009273125,-0.01630777,-0.3109299,-0.7034047,2.044573,0.004967661,0.002892601,0.03556897,-1.026673,-2.014129,1.590559,-0.7515714,1.365519,-0.5194237,275.4194,218.8159,346.8312
1,1.544447,-0.014895,-0.05716139,0.01243974,-1.480661,-0.7216101,-0.8940045,-1.238467,0.002417224,0.002134172,0.001427276,-0.02049376,-0.3111025,-0.7008801,2.042176,0.0004592976,-0.0001779757,0.02927344,-1.026677,-2.014314,1.590925,-0.7516558,1.365678,-0.5199283,275.4003,218.3308,347.2596
1,1.555558,-0.02463925,-0.04781597,0.007996242,-1.480471,-0.7214791,-0.8934421,-1.238779,-0.02847543,-0.004062207,0.02910183,-0.01479805,-0.3104612,-0.6971112,2.038919,-0.003919231,-0.003244629,0.0283089,-1.026399,-2.014506,1.591219,-0.7517415,1.365868,-0.5204368,275.3725,218.0664,347.4856
1,1.566669,-0.03013154,-0.03838099,0.004650192,-1.480221,-0.7213576,-0.8929643,-1.238701,0.007427774,-0.01455089,0.05254711,-0.009109523,-0.3097331,-0.6928166,2.035471,-0.003644831,0.001017296,0.03469706,-1.025777,-2.014301,1.591164,-0.7517823,1.366073,-0.5209462,275.338,218.0158,347.5271
1,1.577781,-0.03968923,-0.0354955,-0.006119326,-1.479615,-0.7214035,-0.8922815,-1.238614,0.007882361,-0.01977259,0.0653226,-0.005728111,-0.3093581,-0.6903755,2.033595,-0.006548375,0.007501751,0.03902689,-1.025184,-2.013964,1.591162,-0.7518396,1.366304,-0.52144,275.3208,217.6812,347.779
1,1.588892,-0.04282962,-0.03874746,-0.006093239,-1.479511,-0.7209491,-0.8916221,-1.23878,-0.01518403,-0.02403072,0.06747751,-0.004602034,-0.3089725,-0.6864793,2.030428,-0.005259319,0.008524913,0.04752254,-1.024367,-2.014054,1.59131,-0.7519509,1.366566,-0.5218737,275.2998,217.2139,348.1405
1,1.600003,-0.04929336,-0.03567096,-0.005114028,-1.479303,-0.7207227,-0.890879,-1.238696,0.007926133,-0.01983814,0.06108941,-0.006850854,-0.3089965,-0.6848255,2.029076,-0.007671038,0.003264898,0.04225011,-1.024066,-2.014213,1.591566,-0.7521889,1.366853,-0.5222805,275.231,216.711,348.5715
1,1.611114,-0.05364139,-0.03149768,-0.005194847,-1.479118,-0.7206141,-0.8901137,-1.238745,-0.004538527,-0.009229936,0.04823375,-0.004958914,-0.3087429,-0.6843812,2.028341,-0.005774582,-0.001068368,0.03794914,-1.023743,-2.014614,1.591881,-0.7525715,1.367142,-0.5226784,275.1564,216.3396,348.9198
1,1.622225,-0.0559881,-0.02192694,-0.002122672,-1.479179,-0.7206077,-0.8894676,-1.238772,-0.002288777,-0.008228047,0.02688394,0.0001121289,-0.3087775,-0.6848084,2.028912,-0.00830929,-0.006328186,0.02735166,-1.023829,-2.0149,1.592216,-0.7529866,1.367441,-0.5229812,275.138,216.4109,348.8712
1,1.633336,-0.06565619,-0.01786708,-0.00330591,-1.479201,-0.7206434,-0.8883453,-1.238839,-0.00609289,-0.01039335,0.01197529,0.001048227,-0.308711,-0.6859845,2.029686,-0.007360894,-0.008488412,0.02520341,-1.023541,-2.015071,1.592387,-0.7534142,1.367764,-0.5232292,275.1309,216.4969,348.8378
1,1.644447,-0.06782892,-0.01579564,-0.004412699,-1.479022,-0.7205688,-0.8874079,-1.239041,-0.0183647,-0.0201153,-0.003885083,-0.003292347,-0.3090311,-0.6864458,2.030761,-0.007064919,-0.001050826,0.02839465,-1.023066,-2.015081,1.592485,-0.7538573,1.368142,-0.5234823,275.1177,216.5834,348.82
1,1.655559,-0.07107377,-0.01268333,-0.006596839,-1.479,-0.7206594,-0.886479,-1.238654,0.03553961,-0.01904665,0.001465037,-0.006422754,-0.3089075,-0.6863584,2.030742,-0.006775177,0.005337956,0.03265049,-1.022592,-2.014768,1.592379,-0.754259,1.368561,-0.5237448,275.0698,216.8351,348.6549
1,1.66667,-0.0744357,-0.006294752,-0.001371814,-1.479195,-0.7207723,-0.8856459,-1.238857,-0.01879515,-0.01043112,0.02596394,-0.00839091,-0.3086763,-0.681667,2.026294,-0.00682596,0.006392755,0.02945261,-1.022404,-2.014871,1.592657,-0.7546569,1.369033,-0.5241094,274.9962,216.8817,348.6546
1,1.677781,-0.06183701,0.002495103,-0.0003070217,-1.479287,-0.7210791,-0.8853114,-1.238979,-0.01087928,-0.00716267,0.03659933,-0.008298924,-0.308304,-0.6795359,2.02396,-0.00793974,0.006424667,0.02734719,-1.022155,-2.014776,1.592737,-0.7550478,1.369515,-0.5245296,274.8813,216.5762,348.9239
1,1.688892,-0.06504866,0.003497379,-0.0003435463,-1.479342,-0.7211488,-0.8845471,-1.239139,-0.0145238,-0.01251117,0.03772232,-0.009312754,-0.3083504,-0.67717,2.022296,-0.01119639,0.005448453,0.02636003,-1.021849,-2.014895,1.593136,-0.755394,1.369984,-0.5249126,274.8022,216.493,348.9553
1,1.700003,-0.0555738,0.0100547,-0.002467616,-1.47942,-0.7214642,-0.8842632,-1.239692,-0.0504294,-0.01570772,0.03775369,-0.01033954,-0.3081869,-0.6757409,2.021076,-0.01007538,0.006481394,0.02739971,-1.021523,-2.014766,1.593147,-0.7557015,1.370451,-0.5252584,274.7494,216.6035,348.8371
1,1.711114,-0.05336605,0.007925108,-0.00669683,-1.47917,-0.7217124,-0.883705,-1.239297,0.03656619,-0.01686486,0.03571188,-0.01675634,-0.3085309,-0.673465,2.019343,-0.01109541,0.009710781,0.02529766,-1.021218,-2.014449,1.593156,-0.7559941,1.370866,-0.5255958,274.6494,216.5733,348.8761
1,1.722225,-0.04915098,0.01119254,-0.007759117,-1.479252,-0.7219276,-0.8834462,-1.239733,-0.04033805,-0.018009,0.03474,-0.02313737,-0.3085821,-0.6712263,2.017517,-0.01410944,0.01087116,0.03176083,-1.020623,-2.014245,1.593304,-0.7563047,1.371223,-0.5259476,274.5742,216.5253,348.9138
1,1.733337,-0.03745354,0.01146255,-0.005525192,-1.479561,-0.7220437,-0.8833849,-1.239488,0.02276049,-0.01797197,0.0314963,-0.01889711,-0.3083216,-0.6710052,2.017318,-0.0142553,0.01086603,0.02537494,-1.020508,-2.014215,1.593408,-0.7566116,1.371486,-0.5262713,274.5069,216.4487,348.9846
1,1.744448,-0.03124056,0.01908178,-0.002359314,-1.479949,-0.7223633,-0.8832219,-1.239726,-0.02193192,-0.02444632,0.01770512,-0.02005665,-0.3087126,-0.6707512,2.017565,-0.01090771,0.01502185,0.0263593,-1.02027,-2.014043,1.59329,-0.7569646,1.371687,-0.5266308,274.4904,216.3262,349.1234
1,1.755559,-0.02188487,0.02994134,-0.001326808,-1.480517,-0.7228586,-0.8831617,-1.239906,-0.0162655,-0.02769761,0.01564362,-0.02536031,-0.3089512,-0.6705078,2.017583,-0.01079028,0.02141073,0.02315977,-1.020115,-2.013507,1.593134,-0.7573639,1.371821,-0.5270603,274.4665,216.4388,349.0468
1,1.76667,-0.02076503,0.02781926,-0.002361022,-1.480589,-0.7230408,-0.8829727,-1.239787,0.01095822,-0.0136697,0.0346586,-0.01678472,-0.3085826,-0.6669413,2.014014,-0.006133995,0.02980023,0.02944569,-1.019552,-2.012841,1.592775,-0.7577124,1.371856,-0.5274256,274.4605,216.7297,348.7564
1,1.777781,-0.01854985,0.02464207,-0.004448355,-1.480479,-0.7232794,-0.8828672,-1.239837,-0.004708034,-0.01046311,0.04428772,-0.02310584,-0.308768,-0.6643927,2.011183,-0.003829923,0.02654226,0.04111393,-1.018683,-2.01268,1.592649,-0.7580417,1.371811,-0.5277201,274.4828,216.9891,348.4666
1,1.788892,-0.01312368,0.02253078,-0.01184855,-1.480098,-0.723648,-0.8828272,-1.23964,0.01799375,-0.01156501,0.04753808,-0.02733442,-0.3091024,-0.6616778,2.008972,-0.001858997,0.01901289,0.04426761,-1.018072,-2.013001,1.592921,-0.7584222,1.371715,-0.5279767,274.5071,217.1744,348.2516
1,1.800003,-0.009907347,0.02360473,-0.01716312,-1.480016,-0.7241348,-0.8827649,-1.239669,-0.002828682,-0.01264952,0.03791613,-0.02421501,-0.3089576,-0.6619511,2.009411,0.00220232,0.01888499,0.03564913,-1.017956,-2.012757,1.592637,-0.7588907,1.371592,-0.52825,274.5229,217.1874,348.2531
1,1.811115,-0.003498421,0.02370267,-0.02030902,-1.479956,-0.7245929,-0.8827772,-1.239717,-0.004460505,-0.009485967,0.0368467,-0.02533408,-0.3092186,-0.6602765,2.008035,0.002164368,0.01781463,0.03564914,-1.017574,-2.012654,1.59266,-0.7593863,1.371435,-0.5285132,274.5388,217.0839,348.4084
1,1.822226,0.007104054,0.02501845,-0.01703938,-1.480089,-0.7248715,-0.8832096,-1.239675,0.003896222,-0.005251981,0.03579248,-0.02858436,-0.3094598,-0.6585518,2.0061,0.00308401,0.01458817,0.03349688,-1.017279,-2.012595,1.592557,-0.7598633,1.371263,-0.5287145,274.5842,216.8637,348.6744
1,1.833337,0.0176945,0.02633154,-0.01270456,-1.480198,-0.7249503,-0.883705,-1.239706,-0.00282403,0.0001100525,0.03571997,-0.02545555,-0.3096537,-0.6573848,2.004743,0.001778046,0.01248488,0.02606327,-1.017304,-2.012597,1.592681,-0.760343,1.37111,-0.5289057,274.6325,216.8791,348.7144
1,1.844448,0.02382953,0.03611817,-0.005307173,-1.480678,-0.7253417,-0.8841311,-1.240064,-0.03282248,0.001182459,0.02818817,-0.01916686,-0.3097485,-0.6570562,2.004618,0.004934085,0.008122321,0.03025585,-1.016752,-2.012807,1.592767,-0.760825,1.370992,-0.5290915,274.6685,216.9802,348.6512
1,1.855559,0.0321241,0.04487851,0.001058816,-1.481328,-0.7257971,-0.8846936,-1.240079,-0.001048743,-0.003022842,0.02281299,-0.01171294,-0.3093736,-0.6568234,2.004415,0.002807727,0.004991928,0.03456749,-1.01624,-2.012852,1.59283,-0.7612825,1.370898,-0.5292666,274.682,217.3385,348.3468
1,1.86667,0.03535786,0.04176528,0.00324543,-1.481508,-0.7259676,-0.885043,-1.239956,0.01116177,-0.01692786,0.01331057,-0.01169469,-0.3097288,-0.6563211,2.00467,-0.0004611299,0.005082659,0.03144593,-1.016004,-2.012874,1.592975,-0.7617022,1.370819,-0.5294947,274.6856,217.7648,347.9892
1,1.877781,0.0353544,0.04280616,0.001095264,-1.481678,-0.7264576,-0.885411,-1.240008,-0.00499672,-0.02009022,0.02295356,-0.01579815,-0.3095499,-0.6551259,2.003468,-0.001641332,0.006178932,0.02507963,-1.015942,-2.01276,1.592966,-0.7620611,1.370729,-0.5297186,274.6931,218.2391,347.5381
1,1.888893,0.03737506,0.04817108,0.001051578,-1.482088,-0.7270041,-0.8858148,-1.239713,0.02700916,-0.01904613,0.03581366,-0.0231325,-0.3097587,-0.6517352,2.000614,-0.003456203,0.01689936,0.02512825,-1.015545,-2.011943,1.592703,-0.7623562,1.370619,-0.5299324,274.6967,218.6959,347.098
1,1.900004,0.0209856,0.06808464,0.0007027602,-1.482991,-0.7281561,-0.8852726,-1.239876,-0.01487102,-0.01582351,0.05718811,-0.03146422,-0.3099387,-0.6471418,1.996352,-0.002950447,0.02967761,0.0304435,-1.014998,-2.011089,1.592282,-0.7626159,1.370474,-0.53015,274.6915,218.7539,347.0326
1,1.911115,0.01869788,0.07550704,0.001668727,-1.483723,-0.7289434,-0.8853722,-1.240187,-0.02800182,-0.009402655,0.06462262,-0.0325123,-0.3098849,-0.6436546,1.992904,-0.006012768,0.03083027,0.03477415,-1.01448,-2.010843,1.592299,-0.7628847,1.370307,-0.5303804,274.6985,218.672,347.0862
1,1.922226,0.01975942,0.07449684,0.004884276,-1.484355,-0.7294606,-0.8856406,-1.239667,0.04805819,0.003413118,0.06879894,-0.03258571,-0.309813,-0.6415278,1.990195,0.003659058,0.02947862,0.03987889,-1.013841,-2.010498,1.591733,-0.7632151,1.370145,-0.5306009,274.7279,218.7539,346.9514
1,1.933337,0.02260919,0.04144379,-0.001123176,-1.483763,-0.7289019,-0.8860151,-1.240649,-0.08986105,0.007526241,0.03999882,-0.0318702,-0.3102103,-0.6429915,1.991478,0.006545688,0.02085993,0.0376902,-1.013402,-2.010684,1.591686,-0.763647,1.37005,-0.5307654,274.7936,219.1743,346.4915
1,1.944448,0.02518688,0.0201541,-0.004068472,-1.483413,-0.7286984,-0.886268,-1.241402,-0.0675595,0.003190292,0.01758723,-0.02675007,-0.3106077,-0.6445159,1.993167,0.005080914,0.009178659,0.03559406,-1.013096,-2.01106,1.591883,-0.7642183,1.370061,-0.5309166,274.8144,219.7167,345.9837
1,1.955559,0.04060303,9.534787E-05,-0.0154379,-1.482689,-0.7284997,-0.8872406,-1.242015,-0.0551023,-0.003273834,-0.01229386,-0.01953366,-0.3107888,-0.648753,1.997272,0.00330469,-0.0003875617,0.01752201,-1.013556,-2.011706,1.592358,-0.764816,1.370159,-0.531058,274.7994,220.4448,345.4071
1,1.966671,0.05132465,-0.002894154,-0.01638348,-1.482479,-0.7285658,-0.8881301,-1.24265,-0.05703729,-0.007561975,-0.01761845,-0.01742173,-0.3110918,-0.6494118,1.998407,0.001078545,0.003946865,0.007991081,-1.013626,-2.011202,1.592211,-0.7652724,1.370317,-0.5311955,274.7791,220.481,345.5372
1,1.977782,0.05971196,0.003672674,-0.01637637,-1.482639,-0.7288816,-0.8889349,-1.244264,-0.1462914,-0.0009942874,0.01431007,-0.01712761,-0.3105874,-0.6455098,1.994396,-0.0007460807,0.01252951,0.01016336,-1.01342,-2.01067,1.592018,-0.7655062,1.370522,-0.5312837,274.7511,220.1743,345.9218
1,1.988893,0.05434908,0.00567767,-0.01750875,-1.48249,-0.7290776,-0.8892503,-1.245373,-0.09924679,0.0001521427,0.03241873,-0.01694857,-0.3104564,-0.6419997,1.991239,-0.003776653,0.01262264,0.01768983,-1.012957,-2.010591,1.592255,-0.7655476,1.37075,-0.5313579,274.6777,219.6093,346.4783
1,2.000004,0.04645278,0.02373471,-0.008176179,-1.483326,-0.7295991,-0.8895086,-1.246543,-0.1052389,-0.006112151,0.05267186,-0.01559871,-0.3101379,-0.638446,1.988026,-0.0035703,0.01049452,0.02940672,-1.01221,-2.010562,1.592259,-0.7655111,1.370968,-0.531447,274.5677,219.2455,346.7509
1,2.011115,0.04191623,0.03540554,-0.004078364,-1.483845,-0.7301061,-0.8897046,-1.247402,-0.0766531,-0.008209564,0.05586341,-0.01341882,-0.3099738,-0.6359352,1.985883,-0.002511159,0.00939802,0.03045206,-1.011803,-2.010511,1.592195,-0.7655258,1.371169,-0.531616,274.4678,219.2207,346.679
1,2.022226,0.03632956,0.04807714,-0.004262224,-1.484379,-0.7309093,-0.8898031,-1.248785,-0.12477,-0.005164675,0.0463912,-0.02528129,-0.3106567,-0.6342494,1.983935,-0.001176503,0.02001397,0.02828864,-1.01154,-2.009814,1.591795,-0.7657124,1.371399,-0.5319427,274.4193,219.0941,346.7267
1,2.033337,0.03741226,0.04703199,-0.004236917,-1.484709,-0.7312204,-0.8901898,-1.250231,-0.1300671,-0.00198929,0.03887368,-0.02431936,-0.310809,-0.6351932,1.98461,-0.001220508,0.02426628,0.02083278,-1.011537,-2.009409,1.591589,-0.7660064,1.371641,-0.5322919,274.3747,219.4743,346.3055
1,2.044448,0.0376526,0.03635346,-0.006251139,-1.484569,-0.7312976,-0.8907225,-1.251692,-0.131434,-0.007422443,0.02721924,-0.02759536,-0.3113033,-0.6347953,1.984701,-7.074885E-05,0.03061587,0.01655132,-1.011337,-2.008914,1.591413,-0.7663701,1.371919,-0.5325828,274.3621,219.8051,345.9577
1,2.055559,0.03793885,0.02353819,-0.009305878,-1.484338,-0.731311,-0.8911698,-1.25348,-0.1612749,-0.01178508,0.01880456,-0.03509241,-0.3117603,-0.6341876,1.984086,3.482401E-05,0.03168121,0.01974546,-1.011003,-2.008447,1.591169,-0.7667448,1.372244,-0.5327261,274.3476,220.0571,345.7298
1,2.06667,0.03261421,0.02240352,-0.006140469,-1.484565,-0.7315059,-0.8914117,-1.255178,-0.1528738,-0.02031358,0.01671688,-0.03503113,-0.3120985,-0.6332997,1.983678,-0.0002012849,0.02741346,0.0154888,-1.010962,-2.008423,1.591318,-0.7670898,1.372619,-0.5327508,274.2923,220.3235,345.543
1,2.077781,0.02059879,0.03603274,-0.004259347,-1.485118,-0.7322148,-0.8911262,-1.256614,-0.1290108,-0.0255586,0.02631196,-0.03273497,-0.3120101,-0.6311005,1.981935,-0.001437608,0.0274441,0.00805822,-1.011104,-2.00808,1.591186,-0.7674142,1.373026,-0.5327457,274.186,220.3387,345.6074
1,2.088892,0.01054466,0.05406639,0.007175153,-1.486111,-0.7328961,-0.8907933,-1.25785,-0.1110226,-0.0266276,0.03489495,-0.03690154,-0.3123302,-0.6278876,1.979286,-0.00115514,0.03595658,0.009115517,-1.010944,-2.007356,1.590772,-0.7677103,1.373433,-0.5327515,274.0651,220.3818,345.6161
1,2.100003,-0.005916137,0.07615299,0.01106258,-1.487318,-0.733963,-0.8901302,-1.258681,-0.07423381,-0.02441045,0.0433527,-0.0325675,-0.3122466,-0.6257406,1.977448,-0.002364591,0.03279368,0.007012825,-1.010925,-2.007045,1.590672,-0.7680153,1.373842,-0.5328256,273.9657,220.8674,345.168
1,2.111114,-0.01023599,0.07614543,0.01848597,-1.48817,-0.7342522,-0.8898979,-1.259743,-0.09592967,-0.02655023,0.03800467,-0.02941565,-0.3124128,-0.6246604,1.976975,-0.0002223272,0.0327234,0.008033929,-1.010688,-2.006762,1.590622,-0.7683327,1.374264,-0.5329705,273.9028,221.6524,344.4167
1,2.122225,-0.01123636,0.07292872,0.01851255,-1.488769,-0.7346692,-0.8896982,-1.260423,-0.06076607,-0.03188877,0.02518205,-0.02415816,-0.3123526,-0.6259467,1.978685,-0.0004727598,0.02846306,0.002712653,-1.010829,-2.006567,1.590533,-0.7686764,1.374713,-0.533164,273.8463,222.5629,343.518
1,2.133336,-0.01641533,0.06640318,0.01639553,-1.488987,-0.7351044,-0.8892982,-1.261548,-0.1019526,-0.04796595,0.0007299334,-0.02108319,-0.3130066,-0.6280373,1.981717,-0.0005643144,0.02952099,-0.002606596,-1.010909,-2.006257,1.590395,-0.7690895,1.375192,-0.5334352,273.7667,223.6601,342.4463
1,2.144447,-0.0225842,0.05872576,0.007904607,-1.489055,-0.7355262,-0.8887895,-1.262207,-0.05914575,-0.05550834,-0.003428981,-0.02638503,-0.3135441,-0.6276953,1.982352,-0.002676301,0.02852057,-0.0004266095,-1.010845,-2.005937,1.590329,-0.76952,1.375663,-0.533767,273.6681,224.6239,341.5226
1,2.155558,-0.03547803,0.06276073,0.01095281,-1.489846,-0.7360386,-0.8879001,-1.262363,-0.01371595,-0.06082537,-0.0001781136,-0.02841039,-0.3135915,-0.6269859,1.982321,-0.003517875,0.03599783,-0.0004137768,-1.010916,-2.005327,1.590085,-0.7699211,1.376088,-0.5341107,273.5937,225.184,340.9919
1,2.166669,-0.0463162,0.07108872,0.01290379,-1.490709,-0.736748,-0.8870063,-1.262337,0.002370726,-0.06821585,0.008355796,-0.02610395,-0.3135707,-0.6258301,1.982233,-0.005428659,0.04245359,0.0006948155,-1.010844,-2.004469,1.589722,-0.7703301,1.376468,-0.5345171,273.536,225.2177,340.9784
1,2.17778,-0.06272748,0.08896323,0.02110913,-1.492306,-0.7376046,-0.8857333,-1.261796,0.04914617,-0.06929766,0.01481285,-0.03133474,-0.3136895,-0.624286,1.981536,-0.001954762,0.05087642,0.001678476,-1.010793,-2.00344,1.589075,-0.7707266,1.376751,-0.5349154,273.4547,225.195,340.9876
1,2.188891,-0.07250947,0.0973096,0.02306374,-1.493329,-0.738453,-0.8844731,-1.261295,0.0448071,-0.08833539,0.01905986,-0.02044553,-0.3135127,-0.6233177,1.982117,-0.005077284,0.04990092,0.006009151,-1.010638,-2.003008,1.58895,-0.7711784,1.376934,-0.5353501,273.3971,226.0599,340.1039
1,2.200002,-0.0799951,0.09823604,0.02406292,-1.494365,-0.7390975,-0.8832773,-1.260121,0.1062333,-0.09789164,0.02444409,-0.02029305,-0.3135302,-0.6213725,1.981609,-0.005043274,0.04777237,0.01027124,-1.010362,-2.002468,1.588714,-0.7717015,1.377025,-0.5357916,273.3922,227.2153,338.9358
1,2.211113,-0.08526602,0.09493828,0.02512268,-1.495188,-0.7395108,-0.8821327,-1.258942,0.1057732,-0.1095635,0.02658295,-0.01588768,-0.3134232,-0.620639,1.98263,-0.006877381,0.05848868,0.009251554,-1.010166,-2.001233,1.588206,-0.7723774,1.377068,-0.536321,273.4397,228.6964,337.4788
1,2.222224,-0.09480427,0.09157152,0.02721134,-1.49606,-0.7399668,-0.8807196,-1.257505,0.1292886,-0.1191769,0.0245149,-0.01688102,-0.3135867,-0.6197735,1.983473,-0.01203447,0.06823064,0.004039547,-1.010276,-1.999949,1.58783,-0.7731686,1.377077,-0.5369002,273.5038,229.6213,336.6107
1,2.233335,-0.1074694,0.08597876,0.02609679,-1.496696,-0.7404829,-0.8790493,-1.255695,0.1628199,-0.1234805,0.0245894,-0.02110125,-0.3138274,-0.6182023,1.983446,-0.01404295,0.07786413,-0.003380237,-1.010615,-1.998769,1.587369,-0.7740362,1.377044,-0.5375484,273.5487,230.6389,335.701
1,2.244446,-0.1223271,0.08354487,0.02599922,-1.497452,-0.7409713,-0.8773022,-1.253204,0.2246381,-0.1277755,0.0214304,-0.02216177,-0.3140618,-0.6173868,1.984295,-0.01580851,0.08431926,0.00411754,-1.010291,-1.997414,1.586893,-0.7749042,1.376941,-0.5382645,273.5906,231.6053,334.8438
1,2.255557,-0.1339868,0.08219191,0.02166212,-1.49814,-0.7414997,-0.8753864,-1.250293,0.2621301,-0.1331594,0.01616617,-0.02535472,-0.3143276,-0.6171093,1.985621,-0.009230252,0.08306265,0.01356113,-1.009722,-1.996495,1.586235,-0.7757057,1.37674,-0.538968,273.6646,232.2922,334.2092
1,2.266668,-0.1445714,0.07981955,0.01946004,-1.498646,-0.7420818,-0.8735057,-1.247152,0.2826501,-0.1374656,0.01409364,-0.02853751,-0.3147601,-0.6161638,1.986407,-0.007893283,0.08623188,0.02098698,-1.009291,-1.995213,1.585522,-0.7765104,1.376485,-0.539741,273.7718,232.5164,334.0075
1,2.277779,-0.1518784,0.07325346,0.01734742,-1.499204,-0.7423876,-0.8716025,-1.243522,0.3269652,-0.141681,0.01192439,-0.02318619,-0.3147372,-0.6160158,1.987906,-0.006523475,0.09471904,0.02308401,-1.008948,-1.993651,1.584716,-0.7773941,1.376184,-0.5406287,273.865,232.7342,333.7931
1,2.28889,-0.1560992,0.07101922,0.01625865,-1.499619,-0.7428797,-0.8695306,-1.239668,0.3465992,-0.1459982,0.006660819,-0.02640039,-0.3151436,-0.6155369,1.989135,-0.01359326,0.1077151,0.02324373,-1.00863,-1.991862,1.584194,-0.7783288,1.375814,-0.5415947,273.9626,233.029,333.5161
1,2.300001,-0.1613974,0.06983934,0.01623396,-1.500257,-0.7432004,-0.8676062,-1.235361,0.3878357,-0.1639984,0.01305017,-0.01868277,-0.3149492,-0.6154438,1.991507,-0.01697491,0.1088729,0.01373082,-1.008781,-1.990378,1.583694,-0.7793243,1.375364,-0.5426206,274.0741,233.1366,333.4279
1,2.311112,-0.1688821,0.07075062,0.0161426,-1.500713,-0.7438491,-0.8653399,-1.230558,0.4323701,-0.1659672,0.02789427,-0.01209523,-0.3144155,-0.6136967,1.991495,-0.0214869,0.1047365,0.008516112,-1.008722,-1.989321,1.583551,-0.7803301,1.37479,-0.5436693,274.1849,233.2916,333.3081
1,2.322223,-0.1752253,0.06744886,0.01825711,-1.501352,-0.7441649,-0.8631342,-1.22567,0.4396762,-0.1691264,0.03858702,-0.01407612,-0.3142977,-0.6110426,1.99097,-0.02778833,0.1038675,0.01398743,-1.008341,-1.987947,1.58341,-0.7813535,1.374066,-0.5447194,274.31,233.3564,333.2627
1,2.333334,-0.1750475,0.058918,0.01727645,-1.501661,-0.7444094,-0.8611028,-1.22001,0.5098615,-0.1755001,0.03968082,-0.01399925,-0.3143175,-0.6097164,1.991678,-0.03074522,0.1029032,0.02577695,-1.007639,-1.986625,1.583153,-0.78243,1.373189,-0.5458319,274.473,233.547,333.1128
1,2.344445,-0.1769846,0.05033049,0.01522187,-1.501926,-0.7445729,-0.8590851,-1.214358,0.5084305,-0.1957557,0.0408728,-0.01590696,-0.3142786,-0.6084028,1.993293,-0.03467834,0.1083629,0.03332049,-1.007032,-1.984955,1.582862,-0.7835937,1.37219,-0.5470251,274.7094,233.3497,333.3375
1,2.355556,-0.1779156,0.0439139,0.01528926,-1.502265,-0.7445884,-0.8571203,-1.208603,0.5177315,-0.1978246,0.04296376,-0.01054269,-0.3140756,-0.6062633,1.993565,-0.04087164,0.1117514,0.0377236,-1.006434,-1.983366,1.582662,-0.7847905,1.371094,-0.5482299,274.9943,233.0645,333.6545
1,2.366668,-0.1843589,0.04698887,0.01626661,-1.502787,-0.7449234,-0.855117,-1.202444,0.5544562,-0.203113,0.04723729,-0.009384689,-0.3139686,-0.6042457,1.994007,-0.04390676,0.1182305,0.03673113,-1.005951,-1.981672,1.582482,-0.786037,1.369935,-0.5494893,275.2803,232.6334,334.1293
1,2.377779,-0.1886421,0.04693519,0.01942783,-1.50335,-0.7451035,-0.8528976,-1.196045,0.5758107,-0.2041446,0.05256881,-0.01035894,-0.3135606,-0.6028773,1.994773,-0.04805346,0.1236821,0.034693,-1.005625,-1.979834,1.582169,-0.7872912,1.368701,-0.5507621,275.5419,232.3305,334.4805
1,2.38889,-0.191875,0.04692702,0.02472197,-1.503947,-0.7452132,-0.8507495,-1.189351,0.6025483,-0.212705,0.05585304,-0.01451927,-0.3138546,-0.6001418,1.994969,-0.05222551,0.124883,0.03692071,-1.005062,-1.978074,1.581893,-0.7885127,1.367386,-0.5520478,275.8127,232.2351,334.635
1,2.400001,-0.1952063,0.05222385,0.02677245,-1.504915,-0.7456611,-0.8482999,-1.182222,0.6418826,-0.2234432,0.05600399,-0.02293272,-0.3140842,-0.5975825,1.995361,-0.05536885,0.1217874,0.04338751,-1.004337,-1.976613,1.581844,-0.7897331,1.366009,-0.5533686,276.1085,232.1411,334.7695
1,2.411112,-0.1962263,0.05214794,0.02143449,-1.505359,-0.746132,-0.8460714,-1.175167,0.6347235,-0.2255829,0.05709571,-0.02397569,-0.3141763,-0.5950003,1.995565,-0.05953031,0.1314961,0.03495292,-1.004199,-1.974517,1.581501,-0.7909266,1.364575,-0.5547112,276.4179,232.0524,334.8978
1,2.422223,-0.1972456,0.04896581,0.02360403,-1.506141,-0.7462471,-0.843813,-1.167624,0.6792791,-0.2159369,0.06125864,-0.02083122,-0.3140027,-0.592882,1.99557,-0.06131188,0.1379491,0.04138221,-1.003529,-1.972544,1.581068,-0.7920876,1.363107,-0.5560423,276.7635,231.8805,335.0711
1,2.433334,-0.2035096,0.04244451,0.02361913,-1.506463,-0.7462854,-0.8412894,-1.160384,0.6511111,-0.214913,0.06452566,-0.0271929,-0.3140139,-0.5895658,1.994705,-0.06210925,0.141179,0.04885809,-1.002729,-1.970557,1.580712,-0.793231,1.361663,-0.557323,277.144,231.6637,335.2789
1,2.444445,-0.2045796,0.04137637,0.02576107,-1.507079,-0.7462433,-0.8388712,-1.152743,0.6879292,-0.2116825,0.06982411,-0.02716913,-0.3139691,-0.5866001,1.994061,-0.06192494,0.1454419,0.05098473,-1.001989,-1.968476,1.580212,-0.7944534,1.360243,-0.5586452,277.4423,231.493,335.4779
1,2.455556,-0.2025472,0.04361504,0.03214552,-1.507848,-0.7462081,-0.8366571,-1.144694,0.7247003,-0.209526,0.06226824,-0.01981951,-0.3138306,-0.5855609,1.995466,-0.0609646,0.141151,0.0520304,-1.001332,-1.966801,1.579931,-0.795727,1.358806,-0.5600371,277.6878,231.6258,335.4177
1,2.466667,-0.200546,0.04901939,0.03529282,-1.508652,-0.7464569,-0.8345655,-1.136875,0.7033998,-0.2149415,0.04738559,-0.02099025,-0.3140655,-0.5855215,1.997962,-0.06241106,0.1326528,0.04673107,-1.001092,-1.965635,1.580093,-0.7969673,1.35731,-0.5614322,277.954,231.6799,335.4284
1,2.477778,-0.2004638,0.04580091,0.03319798,-1.509165,-0.7465512,-0.8323726,-1.129101,0.6994689,-0.2308919,0.03564578,-0.01244287,-0.3140836,-0.586116,2.001521,-0.0669762,0.1274541,0.04044472,-1.000854,-1.964191,1.580203,-0.7981263,1.355763,-0.5628395,278.2749,231.7677,335.4226
1,2.488889,-0.2014701,0.04260004,0.03428967,-1.509732,-0.7465783,-0.8301324,-1.121171,0.7136258,-0.2309105,0.04531163,-0.01979317,-0.3141571,-0.5830607,2.001112,-0.06799161,0.1317388,0.03726621,-1.000513,-1.962356,1.580087,-0.7991484,1.354158,-0.5642122,278.6163,231.7455,335.4873
1,2.5,-0.2110375,0.0423786,0.03315146,-1.510172,-0.7465267,-0.8276263,-1.112892,0.7453409,-0.2191056,0.06226659,-0.01866957,-0.313959,-0.5794128,1.999877,-0.0687191,0.1445476,0.03514501,-1.000206,-1.959935,1.579575,-0.8000925,1.352473,-0.5655378,278.933,231.5962,335.6032
1,2.511111,-0.2100443,0.04456282,0.03633061,-1.51093,-0.7465512,-0.8253269,-1.104534,0.7522671,-0.206304,0.07395607,-0.02293105,-0.3138589,-0.5755081,1.997976,-0.06828444,0.152001,0.044724,-0.9992468,-1.957722,1.579206,-0.8010136,1.3507,-0.5668176,279.2518,231.3841,335.7631
1,2.522222,-0.2123825,0.05101,0.04583161,-1.512088,-0.7464873,-0.8229098,-1.095883,0.778917,-0.1968473,0.07189941,-0.0358167,-0.3142344,-0.5732635,1.997516,-0.06385576,0.1518764,0.05208167,-0.9983611,-1.955742,1.578678,-0.8019758,1.348839,-0.5681053,279.5751,231.275,335.8725
1,2.533333,-0.2092693,0.05324635,0.05010399,-1.513076,-0.7463616,-0.8206605,-1.087609,0.7441331,-0.2001353,0.05916257,-0.03911015,-0.3145523,-0.5725034,1.999048,-0.06321518,0.1379989,0.05207597,-0.997748,-1.954621,1.57884,-0.8029966,1.346898,-0.5694777,279.93,231.2263,335.9716
1,2.544444,-0.2029044,0.05444274,0.05013297,-1.513839,-0.7465544,-0.818563,-1.078992,0.7759061,-0.2075559,0.04630786,-0.02958553,-0.3145076,-0.572537,2.001546,-0.06258228,0.1305207,0.04354687,-0.9974263,-1.952967,1.578811,-0.8040712,1.344916,-0.570906,280.3429,231.1726,336.0462
1,2.555555,-0.2008387,0.05768406,0.05011869,-1.514822,-0.7467291,-0.816408,-1.070598,0.7551227,-0.2138956,0.04413559,-0.02210524,-0.3145023,-0.5707942,2.002644,-0.06590544,0.12955,0.03936107,-0.9971248,-1.951305,1.578744,-0.8050822,1.342929,-0.5722895,280.8062,231.2689,336.0032
1,2.566666,-0.1901174,0.05676247,0.04381894,-1.515351,-0.7469853,-0.8146392,-1.062227,0.7532176,-0.2170192,0.05479024,-0.0208941,-0.3143324,-0.5674568,2.00188,-0.07219855,0.1329471,0.03950148,-0.9966364,-1.949273,1.578701,-0.8059933,1.340995,-0.5736348,281.2756,231.234,336.1001
1,2.577777,-0.1942075,0.04815657,0.04387667,-1.515889,-0.7468873,-0.8122939,-1.053675,0.769954,-0.2052216,0.07499252,-0.02292992,-0.3140431,-0.5624964,1.999197,-0.07394877,0.1415331,0.04486433,-0.9959546,-1.947068,1.578385,-0.8068104,1.339118,-0.5749048,281.6772,231.0751,336.2669
1,2.588888,-0.1962906,0.04390109,0.04816581,-1.516647,-0.7466774,-0.8099999,-1.045567,0.7291731,-0.1968012,0.07504845,-0.03260612,-0.3144282,-0.55934,1.998165,-0.07376973,0.1458032,0.04698369,-0.9953415,-1.944857,1.577974,-0.8075873,1.337287,-0.5761146,282.0137,231.0017,336.3167
1,2.599999,-0.1843566,0.03244853,0.05051577,-1.517062,-0.7462816,-0.8083706,-1.036542,0.8132491,-0.1861654,0.07393891,-0.03379093,-0.3145033,-0.5564095,1.997062,-0.07555102,0.1266717,0.04064856,-0.9950193,-1.943899,1.578278,-0.8083571,1.335442,-0.5772434,282.2939,230.9506,336.3399
1,2.61111,-0.1736047,0.0273482,0.05172448,-1.517577,-0.7459226,-0.8068952,-1.028153,0.7546325,-0.1904569,0.06434277,-0.03171832,-0.3145726,-0.5553298,1.998301,-0.0739658,0.1127491,0.03528325,-0.9949032,-1.943221,1.578721,-0.8091822,1.333587,-0.5783842,282.619,230.9258,336.3687
1,2.622221,-0.1649222,0.02004969,0.04975202,-1.518052,-0.7455791,-0.8052979,-1.020582,0.6804006,-0.1904212,0.04394667,-0.01703874,-0.3144421,-0.5561202,2.001263,-0.08064397,0.109736,0.02691181,-0.9948462,-1.94199,1.579186,-0.8100599,1.331735,-0.5795409,282.9856,230.918,336.3999
1,2.633332,-0.1657134,0.01034427,0.04027523,-1.518194,-0.7453559,-0.8033921,-1.01271,0.708803,-0.1828147,0.04481697,-0.002180924,-0.3135819,-0.5548595,2.001912,-0.07721584,0.1117741,0.0342912,-0.9942161,-1.940443,1.579089,-0.8108621,1.329889,-0.5806354,283.36,230.8491,336.5255
1,2.644443,-0.1634166,0.002921909,0.03930467,-1.518318,-0.7449597,-0.8017793,-1.004622,0.7282036,-0.1731641,0.05647296,-0.002145375,-0.3131941,-0.5522389,2.00099,-0.07062717,0.1179737,0.0352026,-0.9936717,-1.938573,1.578837,-0.8116031,1.328037,-0.5816911,283.7215,230.7432,336.6579
1,2.655554,-0.1644981,0.002925903,0.0414333,-1.518829,-0.7446017,-0.7999491,-0.9964771,0.7333308,-0.1645829,0.06922911,-0.003149994,-0.3126466,-0.5483241,1.998791,-0.07177185,0.1137482,0.03736288,-0.993178,-1.937235,1.578939,-0.8122435,1.326178,-0.5826796,284.0796,230.6742,336.7605
1,2.666665,-0.1559493,0.002032116,0.04151302,-1.519141,-0.7442353,-0.7986639,-0.98904,0.6687383,-0.1616137,0.06516863,-0.02346497,-0.3132644,-0.5456338,1.997848,-0.07124342,0.0987971,0.0341672,-0.9928116,-1.936737,1.579623,-0.8128534,1.324338,-0.5837114,284.4445,230.499,336.9612
1,2.677776,-0.1439302,-0.009535026,0.03320965,-1.518795,-0.74392,-0.7974681,-0.9813275,0.6946288,-0.1616153,0.05555861,-0.02038006,-0.313298,-0.5439932,1.997848,-0.07079189,0.08810738,0.02137793,-0.9930022,-1.935995,1.579992,-0.8134382,1.322517,-0.5847462,284.7827,230.297,337.1359
1,2.688887,-0.1403819,-0.02340603,0.02486879,-1.518334,-0.7434166,-0.7960716,-0.9745039,0.6132021,-0.1552076,0.05014658,-0.01624324,-0.3131979,-0.5431772,1.99857,-0.07191135,0.08814224,0.01927421,-0.9927764,-1.934705,1.580212,-0.8140042,1.32074,-0.5857878,285.1436,230.2065,337.2004
1,2.699998,-0.1379598,-0.03412196,0.01541962,-1.517699,-0.7429665,-0.7946084,-0.9674838,0.63203,-0.1433866,0.05639794,-0.009912025,-0.3129417,-0.5408843,1.997485,-0.07176636,0.09133834,0.02139961,-0.9924632,-1.93334,1.58024,-0.8145012,1.319009,-0.586744,285.4795,230.0536,337.327
1,2.711109,-0.1325989,-0.03406151,0.01119712,-1.517411,-0.7427423,-0.7933152,-0.9602794,0.6487785,-0.137025,0.05853666,-0.01421359,-0.3129353,-0.5384091,1.996399,-0.0686575,0.08701579,0.02346217,-0.9920946,-1.931809,1.580173,-0.8149372,1.317295,-0.5876098,285.7647,229.7553,337.5934
1,2.72222,-0.1261681,-0.03606347,0.01127394,-1.517161,-0.7422608,-0.7920817,-0.9533941,0.6196387,-0.1295725,0.05743321,-0.01430028,-0.3128447,-0.5363606,1.995629,-0.06874467,0.082753,0.0256089,-0.9915508,-1.930942,1.580538,-0.8154175,1.315584,-0.5884398,286.0413,229.421,337.8655
1,2.733331,-0.1133256,-0.03795757,0.009282179,-1.516983,-0.7417617,-0.79128,-0.9469855,0.5764275,-0.1178498,0.04664683,-0.008145444,-0.3126887,-0.5362983,1.996568,-0.06483283,0.07516631,0.02019812,-0.9914746,-1.930234,1.580753,-0.8159304,1.313897,-0.5892105,286.3532,229.1455,338.1097
1,2.744442,-0.1046869,-0.0420817,0.006199496,-1.51648,-0.7413676,-0.7904731,-0.9407116,0.5647358,-0.1027842,0.04103833,0.009758546,-0.3118785,-0.5367846,1.99769,-0.05987222,0.06541955,0.01689632,-0.9914038,-1.92975,1.580995,-0.8165081,1.312269,-0.5899456,286.6896,228.9567,338.3018
1,2.755553,-0.09604949,-0.04724253,0.00527578,-1.516177,-0.7407646,-0.7897189,-0.9350529,0.5087274,-0.09629308,0.04198566,0.01822941,-0.3111552,-0.5355851,1.997313,-0.05710439,0.05041654,0.01791105,-0.9912046,-1.929691,1.581504,-0.8170443,1.310715,-0.5905775,287.0075,228.8407,338.466
1,2.766664,-0.09286934,-0.04612477,0.004224937,-1.515864,-0.7403998,-0.7887559,-0.9292621,0.5214754,-0.08022869,0.04180384,0.02659126,-0.310433,-0.5351089,1.997252,-0.0518354,0.04598457,0.02101753,-0.9904141,-1.929485,1.581769,-0.8175228,1.309231,-0.5911234,287.2825,228.7075,338.6337
1,2.777775,-0.08003376,-0.04698129,-0.0009822212,-1.515452,-0.7401612,-0.78813,-0.9237148,0.4991943,-0.08145688,0.02591298,0.01896099,-0.3107195,-0.5354669,1.998604,-0.0446487,0.03617695,0.02192787,-0.9901239,-1.929404,1.581988,-0.8179986,1.307799,-0.5916402,287.5281,228.5328,338.8153
1,2.788886,-0.07899185,-0.04692419,0.002217364,-1.515148,-0.7397361,-0.7873444,-0.918242,0.4928652,-0.08152492,0.01526664,0.01778341,-0.3106466,-0.5365689,2.000597,-0.04394133,0.02868861,0.01659561,-0.990037,-1.929282,1.58257,-0.8184475,1.30641,-0.5921338,287.7608,228.4045,338.9567
1,2.799997,-0.06617862,-0.04463242,-0.007281523,-1.514721,-0.7397558,-0.7870291,-0.9135622,0.4205594,-0.07730134,0.009916402,0.01768076,-0.3104979,-0.5371585,2.002039,-0.04204571,0.02329731,0.01336063,-0.990004,-1.92922,1.582931,-0.8188785,1.305077,-0.5926036,288.0134,228.277,339.0878
1,2.811108,-0.0628841,-0.04780926,-0.01149499,-1.513942,-0.7396206,-0.7864192,-0.9087275,0.4355481,-0.06015128,0.02363674,0.02085705,-0.3098716,-0.5355164,2.000581,-0.04206789,0.02434911,0.01122771,-0.9899609,-1.929041,1.583429,-0.8192551,1.303819,-0.5930204,288.2662,228.1355,339.2457
1,2.822219,-0.06174088,-0.04996497,-0.01572322,-1.513261,-0.739399,-0.7857795,-0.9047738,0.3550578,-0.05268379,0.03429785,0.01556339,-0.3097581,-0.5335292,1.99892,-0.04080039,0.0275109,0.01651962,-0.9896269,-1.928679,1.583872,-0.8196518,1.302649,-0.5934709,288.5034,227.9759,339.4082
1,2.83333,-0.05092389,-0.05618118,-0.01874965,-1.512521,-0.7388083,-0.7857923,-0.9003407,0.3997388,-0.05487634,0.03440515,0.008125638,-0.3097475,-0.5315979,1.997599,-0.03651778,0.02419285,0.02175343,-0.9891939,-1.928504,1.584031,-0.8199998,1.301536,-0.5938382,288.6694,227.8219,339.553
1,2.844441,-0.03919356,-0.05492682,-0.0229335,-1.511797,-0.7387524,-0.7857864,-0.8963689,0.3572981,-0.05379725,0.02902133,0.01232116,-0.3094242,-0.5319334,1.99852,-0.03762139,0.02210961,0.02284365,-0.988984,-1.928068,1.584243,-0.8203152,1.300482,-0.5941327,288.8477,227.628,339.7368
1,2.855552,-0.03500317,-0.04956139,-0.02722644,-1.511177,-0.738869,-0.7855564,-0.8933968,0.2665506,-0.03671509,0.026755,0.01638865,-0.3089752,-0.5317342,1.998052,-0.03454055,0.01988121,0.02064476,-0.9888259,-1.927906,1.584433,-0.8206586,1.299487,-0.5944113,289.0162,227.4444,339.9203
1,2.866663,-0.03076874,-0.04735587,-0.0282899,-1.510537,-0.7388839,-0.7854743,-0.890144,0.2931706,-0.02925785,0.0288544,0.01527363,-0.3087072,-0.5309874,1.997392,-0.03069944,0.01017256,0.01523488,-0.988901,-1.928005,1.584801,-0.8210221,1.298519,-0.5947218,289.1474,227.2986,340.0918
1,2.877774,-0.02969668,-0.04526517,-0.03470113,-1.509884,-0.7391241,-0.7851521,-0.8868592,0.2959468,-0.01868856,0.04387245,0.0004104655,-0.3088356,-0.527405,1.994078,-0.02953819,0.01014464,0.01947083,-0.9885648,-1.927913,1.585043,-0.8213805,1.297572,-0.5949863,289.2935,227.1346,340.2398
1,2.888885,-0.03068856,-0.04746069,-0.03788751,-1.508935,-0.7390496,-0.784824,-0.8841674,0.2419761,-0.008096186,0.04494997,-0.006073646,-0.3088303,-0.5255418,1.99208,-0.02279481,0.01632751,0.02676385,-0.9880956,-1.927841,1.585169,-0.821666,1.296931,-0.5950848,289.4253,227.3193,339.9886
1,2.899997,-0.02740896,-0.04957844,-0.04316713,-1.508069,-0.73917,-0.7845561,-0.8813716,0.2519926,0.007800354,0.03960912,-0.01161714,-0.3089299,-0.5239471,1.989935,-0.02068176,0.01413563,0.02884928,-0.9877062,-1.927739,1.585265,-0.82187,1.296662,-0.5950019,289.4566,227.6325,339.5865
1,2.911108,-0.01880604,-0.05470567,-0.04089621,-1.507439,-0.7387545,-0.7845768,-0.8789497,0.2178775,0.005622357,0.02038648,-0.006480808,-0.309006,-0.5255674,1.991491,-0.019142,0.001277111,0.02029721,-0.9878698,-1.928406,1.585956,-0.8220699,1.2965,-0.5949063,289.4595,227.9913,339.1345
1,2.922219,-0.003881916,-0.05338516,-0.04504968,-1.506603,-0.7388376,-0.7850727,-0.8768756,0.1865146,-0.005966648,-0.004337914,0.01894578,-0.3081996,-0.5304149,1.996642,-0.01974635,-0.01151346,0.01179943,-0.988004,-1.92913,1.587008,-0.8223196,1.296366,-0.5949059,289.4803,228.2148,338.8046
1,2.93333,0.0003744252,-0.05018075,-0.05250561,-1.505782,-0.7391593,-0.7851723,-0.8752559,0.1454651,-0.005911617,-0.01297002,0.02950065,-0.3077453,-0.5321379,1.998485,-0.01521505,-0.004186212,0.01382026,-0.9878032,-1.928908,1.586903,-0.8225471,1.296261,-0.5949537,289.5117,228.4557,338.4889
1,2.944441,-0.0006405674,-0.05130295,-0.05569796,-1.504842,-0.7392456,-0.7851361,-0.8741368,0.1002116,0.0005961955,0.0007903995,0.03385364,-0.3070683,-0.5317124,1.997837,-0.01619018,-0.0009758128,0.01383531,-0.9876685,-1.929102,1.587345,-0.8227075,1.296195,-0.5950248,289.5248,228.5542,338.335
1,2.955552,0.003569491,-0.04907516,-0.05462734,-1.504067,-0.739351,-0.7853497,-0.8723546,0.1612453,0.003776139,0.01045079,0.02648599,-0.306573,-0.5303733,1.996318,-0.01297998,-0.00532489,0.02016038,-0.9872663,-1.929357,1.587522,-0.8228507,1.296106,-0.5950659,289.4764,228.5227,338.2755
1,2.966663,0.003569491,-0.04907516,-0.05462734,-1.504067,-0.739351,-0.7853497,-0.8709298,0.1282082,0.003776139,0.01045079,0.02648599,-0.306573,-0.5303733,1.996318,-0.01297998,-0.00532489,0.02016038,-0.9872663,-1.929357,1.587522,-0.8234272,1.295979,-0.5949206,288.9735,229.0208,337.8889
