loc,t,aDotS,bDotS,gDotS,aS,bS,gS,qE,qDotE,emg,aDotSH,bDotSH,gDotSH,aSH,bSH,gSH,aDotUB,bDotUB,gDotUB,aUB,bUB,gUB,xHand,yHand,zHand,aHand,bHand,gHand
3,0,-0.09170477,-0.3065686,0.2988096,-1.294004,-1.250712,-0.7739679,-0.6261805,0.03514668,4.017372,-0.1838728,0.06487194,0.1089322,-0.4575045,-1.157509,1.237348,-0.01591685,0.009309815,-0.05903162,-0.9304435,3.10998,1.65353,-0.7252847,1.13397,0.09717727,304.2081,239.1711,4.101794
3,0.01111111,-0.09061851,-0.3086696,0.3020182,-1.29391,-1.245625,-0.7743689,-0.625975,0.01846475,4.017372,-0.1945905,0.06064519,0.09512278,-0.4570379,-1.15578,1.238255,-0.02125905,0.01680733,-0.06428511,-0.9312781,3.110556,1.653567,-0.72501,1.133846,0.09576919,304.4213,237.8264,5.277695
3,0.02222222,-0.08415437,-0.314931,0.314843,-1.293925,-1.239983,-0.7752584,-0.625429,0.04980194,4.017372,-0.198955,0.0468578,0.07167024,-0.4568504,-1.155506,1.240205,-0.02762174,0.02961617,-0.06524381,-0.9319333,3.11146,1.653595,-0.7245076,1.133614,0.09386607,304.5626,237.2454,5.510795
3,0.03333334,-0.06917666,-0.3211262,0.3255232,-1.293976,-1.234388,-0.776402,-0.6260911,-0.06093993,4.017372,-0.2033105,0.03945488,0.0514298,-0.4569127,-1.155026,1.24214,-0.03816575,0.04239519,-0.05658322,-0.9322262,3.112481,1.653672,-0.7236816,1.133418,0.09160969,304.7036,236.9446,5.307701
3,0.04444445,-0.05212462,-0.3209143,0.3361636,-1.294238,-1.228784,-0.7777703,-0.626506,-0.03735664,4.994571,-0.2343438,0.04911761,0.02070459,-0.4578134,-1.15386,1.244352,-0.04329127,0.06472602,-0.04258059,-0.931962,3.114118,1.653017,-0.7229387,1.133159,0.08905495,304.7541,236.5409,5.108531
3,0.05555556,-0.04468721,-0.3176119,0.343592,-1.29452,-1.223328,-0.7789666,-0.6267542,-0.02247279,4.994571,-0.2407369,0.05337659,0.02074688,-0.4578219,-1.152174,1.245678,-0.05058121,0.08385345,-0.02966332,-0.9319583,3.115564,1.652783,-0.7224512,1.132759,0.08630203,304.7406,236.087,4.94169
3,0.06666667,-0.04151547,-0.3132429,0.3563474,-1.295141,-1.217679,-0.7801267,-0.6269103,-0.01417796,4.994571,-0.2672645,0.1054884,0.04764736,-0.457383,-1.145618,1.243597,-0.06334436,0.092422,-0.03059457,-0.9322124,3.117151,1.652894,-0.7219484,1.132302,0.08358286,304.7309,235.647,4.768161
3,0.07777778,-0.04046834,-0.3088988,0.3680336,-1.295871,-1.212057,-0.7813006,-0.6266945,0.01977855,4.994571,-0.2830474,0.1554295,0.09260216,-0.4562544,-1.137606,1.239909,-0.07290492,0.1137646,-0.03469419,-0.9326475,3.119243,1.652872,-0.7214372,1.131766,0.08102793,304.7313,235.2557,4.590572
3,0.08888889,-0.0372842,-0.3067203,0.3722844,-1.296463,-1.206314,-0.7825336,-0.6264943,0.01801622,7.709012,-0.2903731,0.1745233,0.1214532,-0.4550469,-1.130702,1.237129,-0.07179657,0.1244093,-0.03359094,-0.9328606,3.121379,1.652373,-0.7208818,1.131184,0.07874224,304.7872,234.9454,4.409142
3,0.1,-0.03833209,-0.3141817,0.3649002,-1.297081,-1.201087,-0.7829044,-0.6264336,0.005385187,7.709012,-0.3030747,0.1638298,0.1363975,-0.4537856,-1.126181,1.236632,-0.07386869,0.1286555,-0.03036429,-0.9330225,3.123087,1.651898,-0.7203246,1.13057,0.0767284,304.8794,234.717,4.257727
3,0.1111111,-0.03290787,-0.3270016,0.3521944,-1.296775,-1.195534,-0.7841933,-0.6264037,0.002661825,7.709012,-0.3041697,0.1457397,0.1288963,-0.4529728,-1.12287,1.237076,-0.07601887,0.1276064,-0.03248321,-0.9333155,3.12484,1.651757,-0.7197745,1.129941,0.07494406,304.9802,234.5553,4.164716
3,0.1222222,-0.03812809,-0.3399393,0.3384323,-1.296086,-1.189759,-0.7853257,-0.6256554,0.06838469,7.709012,-0.2829608,0.1372908,0.106402,-0.4528721,-1.119601,1.236586,-0.07602947,0.1276211,-0.0378074,-0.9337857,3.126511,1.65117,-0.7192449,1.12929,0.07328995,305.0734,234.3856,4.145844
3,0.1333333,-0.04344261,-0.3421632,0.3309938,-1.295802,-1.184373,-0.7861598,-0.6263952,-0.06824569,7.709012,-0.2702987,0.1341692,0.08076524,-0.4531443,-1.116436,1.236385,-0.07277544,0.1350578,-0.035666,-0.9339461,3.128644,1.650351,-0.7187793,1.128643,0.07173548,305.1866,234.196,4.095142
3,0.1444445,-0.05210515,-0.3349283,0.3085441,-1.294856,-1.18007,-0.7858637,-0.6262498,0.01397989,12.26927,-0.2534849,0.1226049,0.03057877,-0.4546016,-1.114479,1.236946,-0.08340243,0.1404144,-0.03449681,-0.9341517,3.13078,1.650298,-0.718427,1.128033,0.07021929,305.3423,233.9529,4.117476
3,0.1555556,-0.05750464,-0.3265644,0.2914362,-1.294255,-1.175539,-0.786603,-0.6260005,0.02258701,12.26927,-0.248212,0.1237051,0.01883846,-0.4550661,-1.111367,1.236776,-0.08771511,0.1425999,-0.04191278,-0.9346833,3.133026,1.650083,-0.7181833,1.127503,0.0686717,305.5155,233.6761,4.201195
3,0.1666667,-0.06299898,-0.309744,0.2636341,-1.29369,-1.171723,-0.7867963,-0.6251526,0.07731871,12.26927,-0.2429364,0.125865,0.008167915,-0.4556498,-1.108425,1.236707,-0.09737256,0.1448019,-0.05141962,-0.9354076,3.135163,1.650223,-0.7178265,1.127165,0.06714717,305.6697,233.4357,4.214458
3,0.1777778,-0.06422575,-0.2929028,0.2347601,-1.292942,-1.168267,-0.7871127,-0.6260799,-0.08535619,12.26927,-0.2418948,0.1344055,0.003932402,-0.456159,-1.104367,1.235749,-0.1006991,0.1502326,-0.07054297,-0.9364963,3.137688,1.649978,-0.7174166,1.127113,0.06564507,305.809,233.1583,4.239784
3,0.1888889,-0.0549504,-0.2557578,0.1983124,-1.292814,-1.165927,-0.7878259,-0.6258674,0.0202177,12.26927,-0.226918,0.1450254,0.01773872,-0.4562368,-1.099787,1.233738,-0.09853066,0.147002,-0.06418142,-0.9369246,3.139669,1.64985,-0.717578,1.127028,0.06398146,305.7154,232.7829,4.344557
3,0.2,-0.04981476,-0.2356895,0.1641169,-1.292328,-1.163335,-0.7881535,-0.6260543,-0.01732136,17.15527,-0.2045168,0.1471489,0.02402372,-0.4564168,-1.095793,1.231816,-0.1082188,0.1300208,-0.06950653,-0.9376612,3.141199,1.650492,-0.7177175,1.127038,0.06243262,305.567,232.4381,4.394373
3,0.2111111,-0.04905669,-0.2051246,0.111719,-1.291149,-1.16245,-0.7878605,-0.6267574,-0.06413032,17.15527,-0.1693627,0.1322493,0.02274958,-0.4565659,-1.0933,1.230523,-0.1051023,0.1108445,-0.07174429,-0.9384639,-3.141018,1.651005,-0.7177674,1.127092,0.06110946,305.4047,232.0788,4.434233
3,0.2222222,-0.05044571,-0.172478,0.05611242,-1.289735,-1.162115,-0.7874286,-0.6263211,0.04032081,17.15527,-0.1226114,0.09825009,-0.007387185,-0.4573196,-1.093681,1.230917,-0.1008372,0.08736281,-0.0622823,-0.9387068,-3.140335,1.651476,-0.7177266,1.127099,0.06014817,305.2346,231.8034,4.40641
3,0.2333333,-0.0581615,-0.1484119,-0.001567584,-1.287977,-1.162337,-0.7865438,-0.6260655,0.02296506,17.15527,-0.06726035,0.04717771,-0.02163612,-0.4576269,-1.095471,1.231867,-0.09449735,0.07349166,-0.06238668,-0.9393103,-3.139677,1.652076,-0.7174805,1.127086,0.05960705,305.2067,231.6358,4.405177
3,0.2444444,-0.07327287,-0.1330682,-0.08047813,-1.285263,-1.163524,-0.7850817,-0.6260394,0.002215544,21.60695,-0.02359425,-0.01138768,-0.02733587,-0.4575503,-1.09922,1.234489,-0.07960244,0.04570931,-0.05409247,-0.9396468,-3.139891,1.652575,-0.7172731,1.127062,0.05943771,305.3385,231.5178,4.441382
3,0.2555556,-0.08720136,-0.1292776,-0.1348208,-1.282314,-1.164523,-0.7835174,-0.6257443,0.02699715,21.60695,0.0009068623,-0.04438804,-0.03073596,-0.4575098,-1.101796,1.236274,-0.06581734,0.02008525,-0.05111426,-0.9401789,-3.140399,1.653288,-0.7172204,1.127122,0.05960653,305.5403,231.4299,4.528784
3,0.2666667,-0.1098484,-0.1066447,-0.2297537,-1.278415,-1.16767,-0.7808585,-0.625437,0.02790408,21.60695,0.03921019,-0.0731065,-0.04271561,-0.4577441,-1.105846,1.238439,-0.05123504,-0.02567202,-0.07805076,-0.9417982,3.140784,1.654281,-0.7173578,1.127337,0.06009981,305.6928,231.3198,4.699937
3,0.2777778,-0.1196378,-0.08672322,-0.2650267,-1.2755,-1.169825,-0.7787429,-0.6253166,0.01082166,21.60695,0.07746599,-0.08474972,-0.06317445,-0.4586485,-1.10881,1.239384,-0.03964666,-0.05132754,-0.08467558,-0.9435729,3.13815,1.656067,-0.7177089,1.12777,0.06090236,305.7891,231.1767,4.976747
3,0.2888889,-0.1284943,-0.05303828,-0.3163717,-1.27231,-1.173641,-0.7759924,-0.6249235,0.03591847,21.60695,0.1019345,-0.1092202,-0.07188053,-0.4590374,-1.113583,1.241878,-0.0354265,-0.06625997,-0.08370712,-0.9445748,3.136864,1.657099,-0.7183184,1.128445,0.06194728,305.8372,230.9998,5.342628
3,0.3,-0.1330825,-0.01927278,-0.3602554,-1.269333,-1.177603,-0.7732803,-0.625258,-0.03074285,23.99566,0.1447073,-0.1785339,-0.04244171,-0.4574847,-1.121429,1.246349,-0.01623193,-0.07912882,-0.07750131,-0.9450973,3.135599,1.657303,-0.7191703,1.129422,0.06326964,305.8284,230.8303,5.74748
3,0.3111111,-0.1396671,0.0007349029,-0.3870124,-1.266192,-1.181551,-0.7704573,-0.6252596,0.000192966,23.99566,0.1608007,-0.2009604,-0.02020774,-0.4562703,-1.127241,1.249375,-0.00452286,-0.1005078,-0.06916185,-0.9458216,3.133712,1.658201,-0.7201707,1.130683,0.06476194,305.7193,230.7626,6.211411
3,0.3222222,-0.1377094,0.01869129,-0.4126899,-1.263067,-1.185856,-0.7677584,-0.6254354,-0.01605562,23.99566,0.1715952,-0.2138105,0.00740495,-0.4546549,-1.132073,1.251555,0.004046254,-0.1293546,-0.04910006,-0.9458355,3.13162,1.659357,-0.7211986,1.132228,0.06638893,305.5748,230.7222,6.677261
3,0.3333333,-0.132656,0.04842591,-0.4341925,-1.26028,-1.191081,-0.7648114,-0.6254284,0.0008540279,23.99566,0.1845841,-0.2352246,0.04883178,-0.4519576,-1.137824,1.254304,0.02207785,-0.1880669,-0.03351788,-0.946195,3.127275,1.661266,-0.7221876,1.134007,0.06808736,305.3855,230.6634,7.176655
3,0.3444445,-0.1212082,0.07934272,-0.445058,-1.257805,-1.196116,-0.7622648,-0.6257288,-0.02748238,24.10423,0.2114421,-0.2406678,0.09448823,-0.4490952,-1.1423,1.255238,0.006988332,-0.2359527,-0.03574605,-0.9470781,3.122404,1.664451,-0.7231525,1.135927,0.06977292,305.17,230.5556,7.703262
3,0.3555556,-0.114951,0.09425537,-0.4536801,-1.255221,-1.201032,-0.759615,-0.6258471,-0.01053962,24.10423,0.2350114,-0.2428657,0.1220679,-0.4461775,-1.146813,1.256005,-0.006940186,-0.2550636,-0.03785685,-0.9479852,3.118735,1.667171,-0.724054,1.137926,0.07142662,304.9491,230.4346,8.188511
3,0.3666667,-0.1107912,0.1026089,-0.4857023,-1.251836,-1.206893,-0.7566445,-0.6262242,-0.0343577,24.10423,0.2576402,-0.2387465,0.1731075,-0.4421694,-1.150195,1.255355,0.02055931,-0.3137242,-0.04567404,-0.9488124,3.113255,1.669762,-0.724866,1.139963,0.07306927,304.738,230.3689,8.586352
3,0.3777778,-0.1129196,0.09918851,-0.5176347,-1.248066,-1.212612,-0.7535441,-0.6261246,0.009353975,24.10423,0.262006,-0.2420101,0.1954399,-0.4388351,-1.154732,1.256581,0.04155529,-0.3424481,-0.06631706,-0.950968,3.107528,1.671767,-0.7255644,1.141977,0.07469966,304.5226,230.3125,8.972386
3,0.3888889,-0.1310354,0.09444982,-0.5676587,-1.243454,-1.219301,-0.749438,-0.6260793,0.004024627,24.10423,0.2717602,-0.252753,0.2294539,-0.4345064,-1.15919,1.257351,0.06356877,-0.3625947,-0.1049235,-0.9536471,3.102195,1.673558,-0.7261732,1.143899,0.07632239,304.3384,230.2069,9.364408
3,0.4,-0.1395284,0.08444005,-0.6219113,-1.238403,-1.226031,-0.7454391,-0.6259153,0.01496807,22.90988,0.2846113,-0.2677068,0.2399949,-0.4307556,-1.165237,1.259168,0.08691138,-0.3689921,-0.1168448,-0.955539,3.097687,1.674377,-0.7266965,1.14574,0.07802595,304.2316,230.0395,9.749997
3,0.4111111,-0.1532551,0.06369768,-0.6814237,-1.232238,-1.233318,-0.7409404,-0.6252495,0.06071649,22.90988,0.3462968,-0.3592226,0.2117539,-0.4272381,-1.17918,1.266215,0.1354033,-0.4072847,-0.1674483,-0.9592046,3.091405,1.675205,-0.7271577,1.147554,0.07989517,304.208,229.8458,10.13504
3,0.4222222,-0.1638477,0.05266605,-0.7250225,-1.226208,-1.240582,-0.7365062,-0.6253949,-0.01376083,22.90988,0.387708,-0.4081261,0.1815889,-0.4245185,-1.191712,1.272301,0.1425035,-0.4337631,-0.2038378,-0.9628899,3.085529,1.676758,-0.727681,1.149421,0.08201139,304.2442,229.6288,10.549
3,0.4333333,-0.1722908,0.03504826,-0.80267,-1.218578,-1.249346,-0.7313583,-0.6252234,0.01590809,22.90988,0.4397081,-0.4772219,0.1342906,-0.4222208,-1.207893,1.280743,0.1432857,-0.4506738,-0.2337341,-0.9665262,3.079636,1.678601,-0.7283062,1.151417,0.08443801,304.2724,229.3851,11.06834
3,0.4444444,-0.1818543,0.01632357,-0.8888496,-1.210241,-1.259286,-0.7249769,-0.6253848,-0.01486741,22.90988,0.4620485,-0.5581448,0.1222456,-0.418927,-1.227109,1.292501,0.1634311,-0.4720316,-0.2371754,-0.9698801,3.072937,1.680005,-0.7291124,1.153605,0.08718501,304.3011,229.1284,11.71736
3,0.4555556,-0.1902736,-0.003487825,-0.9707342,-1.201327,-1.268904,-0.7193262,-0.6253358,0.004741003,20.30402,0.4259922,-0.6370669,0.1541851,-0.4137397,-1.246497,1.306837,0.1920935,-0.5254309,-0.2194821,-0.971967,3.065011,1.682279,-0.7300887,1.156024,0.09022728,304.2914,228.8662,12.48053
3,0.4666667,-0.1933468,-0.02639459,-1.049417,-1.191513,-1.279487,-0.7132222,-0.6246721,0.06067797,20.30402,0.3686845,-0.6649019,0.1980616,-0.408498,-1.264159,1.320459,0.2004353,-0.5627114,-0.2271647,-0.9754259,3.056647,1.684476,-0.7310266,1.158791,0.09366518,304.3011,228.5239,13.33736
3,0.4777778,-0.1995741,-0.04812163,-1.103605,-1.181717,-1.289642,-0.7073196,-0.6254146,-0.06829367,20.30402,0.344489,-0.6469784,0.262148,-0.4023972,-1.277446,1.329414,0.1896526,-0.5786043,-0.2377946,-0.9790339,3.049124,1.686873,-0.7318986,1.162025,0.09753618,304.3359,228.1716,14.28078
3,0.4888889,-0.2047423,-0.07759011,-1.20568,-1.169839,-1.301884,-0.7001866,-0.6255786,-0.01438512,20.30402,0.3205037,-0.5876334,0.3742808,-0.3941319,-1.285025,1.333617,0.1861718,-0.5912386,-0.2697831,-0.9836321,3.041472,1.689165,-0.7331258,1.165604,0.1016854,304.2847,227.7131,15.43711
3,0.5,-0.2164222,-0.09216866,-1.302517,-1.157855,-1.314978,-0.6923271,-0.6257789,-0.0181607,20.30402,0.280392,-0.5772179,0.4543971,-0.3858239,-1.296467,1.34216,0.1838477,-0.6017834,-0.2911254,-0.9882826,3.033891,1.691311,-0.7345333,1.169509,0.1061368,304.1409,227.1584,16.76642
3,0.5111111,-0.2292118,-0.1002417,-1.382352,-1.145817,-1.328737,-0.6838348,-0.6255158,0.02418232,20.30402,0.2475994,-0.5986626,0.5013691,-0.3774956,-1.311423,1.354249,0.1794498,-0.5942199,-0.3123659,-0.9930986,3.026929,1.693268,-0.73605,1.173609,0.1108049,303.9431,226.5386,18.24012
3,0.5222223,-0.231304,-0.1123503,-1.438721,-1.133747,-1.342426,-0.6754506,-0.6252884,0.02063959,20.30402,0.2394971,-0.7033134,0.5842056,-0.3669074,-1.335942,1.374731,0.1826032,-0.5963339,-0.3145528,-0.9975275,3.019837,1.695222,-0.7376188,1.177902,0.1157603,303.8638,225.8026,19.73354
3,0.5333334,-0.2301752,-0.1220908,-1.464227,-1.121969,-1.355832,-0.667222,-0.6251355,0.01394576,20.30402,0.2298451,-0.7469693,0.5691968,-0.3596434,-1.359047,1.394005,0.1571437,-0.5791965,-0.3079073,-1.001434,3.013834,1.697417,-0.7392257,1.182418,0.1210594,303.8539,225.1173,21.18043
3,0.5444446,-0.242851,-0.1393659,-1.481143,-1.110001,-1.369191,-0.658221,-0.6254439,-0.02824832,20.30402,0.2158118,-0.7447374,0.530919,-0.3535975,-1.379948,1.411584,0.1072242,-0.5759152,-0.2894042,-1.004979,3.006871,1.701332,-0.7408375,1.18724,0.126696,303.9184,224.6017,22.55321
3,0.5555557,-0.2545058,-0.148017,-1.48534,-1.09845,-1.382595,-0.6490411,-0.6257305,-0.02591268,10.2063,0.1978837,-0.7437996,0.5693477,-0.3451808,-1.400318,1.429005,0.0904755,-0.5792336,-0.2488073,-1.007487,2.999418,1.704762,-0.7424194,1.192419,0.132564,303.9883,224.1461,24.02044
3,0.5666668,-0.2788732,-0.1619648,-1.468183,-1.087208,-1.395389,-0.6394095,-0.6251706,0.05141706,10.2063,0.2057377,-0.7227255,0.6535265,-0.3348169,-1.418758,1.443934,0.07067719,-0.5794007,-0.1825998,-1.00826,2.99285,1.70861,-0.7439818,1.197887,0.1384903,304.0005,223.69,25.59965
3,0.577778,-0.2926835,-0.1673109,-1.453221,-1.07626,-1.40837,-0.6296187,-0.6251696,-0.0003554233,10.2063,0.1975104,-0.6824006,0.7133301,-0.3244604,-1.434081,1.456447,0.05689728,-0.5815277,-0.1686482,-1.010764,2.985861,1.712234,-0.7454917,1.203653,0.1442873,304.038,223.2395,27.19133
3,0.5888891,-0.3414589,-0.1898329,-1.41255,-1.06565,-1.420146,-0.6188696,-0.6247014,0.04297229,10.2063,0.1553417,-0.6166401,0.8106572,-0.3122327,-1.445795,1.46708,0.02599758,-0.5835556,-0.1684221,-1.013521,2.978571,1.716646,-0.7469578,1.209641,0.1498047,304.011,222.68,28.82685
3,0.6000003,-0.3700902,-0.2081007,-1.39748,-1.054631,-1.432448,-0.6078324,-0.6248415,-0.01309975,9.554832,0.1035374,-0.5508513,0.9005771,-0.2996504,-1.456176,1.477446,0.007858425,-0.5802742,-0.1799893,-1.016975,2.971196,1.720354,-0.7484311,1.215799,0.1549165,303.9658,222.0547,30.41451
3,0.6111114,-0.4168823,-0.2147046,-1.368631,-1.044396,-1.444612,-0.5959015,-0.6236393,0.1101776,9.554832,0.05903345,-0.5041508,0.958446,-0.2874137,-1.467852,1.48928,-0.01150942,-0.5918365,-0.201199,-1.020774,2.963693,1.724869,-0.7498392,1.222072,0.1595731,303.8973,221.3323,31.98045
3,0.6222225,-0.4359934,-0.222169,-1.345125,-1.034249,-1.456748,-0.5842981,-0.6238263,-0.01795933,9.554832,0.02320603,-0.4790386,0.9840711,-0.2754875,-1.480293,1.501624,-0.0201233,-0.5864478,-0.213871,-1.024336,2.956503,1.729133,-0.7512821,1.228436,0.1636865,303.8827,220.5975,33.4678
3,0.6333337,-0.4711298,-0.2210777,-1.296087,-1.025295,-1.467918,-0.572324,-0.6233086,0.04785589,9.554832,-0.00589478,-0.4860729,0.9812067,-0.2644626,-1.500779,1.522575,-0.03714621,-0.5607822,-0.2232195,-1.02792,2.950658,1.73294,-0.7526615,1.234913,0.16728,303.8882,219.7103,34.9677
3,0.6444448,-0.5137341,-0.214633,-1.231104,-1.017036,-1.478345,-0.5600308,-0.6239648,-0.06017165,9.554832,-0.08185288,-0.5402402,0.9068382,-0.2560438,-1.528776,1.55236,-0.05827391,-0.5181333,-0.2207438,-1.031098,2.945384,1.736662,-0.7541003,1.241502,0.1704022,303.8717,218.7656,36.40606
3,0.655556,-0.5447177,-0.206175,-1.199144,-1.008751,-1.489537,-0.5471182,-0.6235632,0.0374882,9.229098,-0.1214856,-0.5284157,0.8612493,-0.2475829,-1.55105,1.576122,-0.08147353,-0.4669695,-0.2139474,-1.033916,2.94095,1.740202,-0.7555128,1.248206,0.173149,303.817,217.7303,37.85836
3,0.6666671,-0.6023322,-0.1892538,-1.14167,-1.001686,-1.499875,-0.5333198,-0.6231866,0.03427165,9.229098,-0.1558546,-0.4771421,0.8061573,-0.2401937,-1.567989,1.595198,-0.1047013,-0.4019056,-0.2145541,-1.036759,2.938171,1.743333,-0.7570723,1.254949,0.1755334,303.6944,216.7172,39.32718
3,0.6777782,-0.6428878,-0.1754467,-1.09271,-0.994754,-1.510048,-0.519595,-0.6233411,-0.01414822,9.229098,-0.1803643,-0.4515628,0.8010236,-0.2313483,-1.587372,1.616312,-0.1088578,-0.365685,-0.2164888,-1.039814,2.934571,1.746404,-0.7588406,1.261673,0.1775099,303.5789,215.7373,40.78456
3,0.6888894,-0.7079372,-0.1584455,-1.012858,-0.9893441,-1.518656,-0.5051026,-0.6224558,0.08132889,9.229098,-0.2389674,-0.3972562,0.8025191,-0.2225822,-1.602525,1.635406,-0.103489,-0.3358423,-0.2238577,-1.042965,2.931798,1.748808,-0.7606599,1.268402,0.1791455,303.5023,214.7096,42.19676
3,0.7000005,-0.787884,-0.1479863,-0.9350598,-0.9841136,-1.526667,-0.4895646,-0.6227994,-0.03183243,9.771987,-0.30276,-0.3845631,0.8284255,-0.2129357,-1.624612,1.661945,-0.08859378,-0.3113604,-0.2345093,-1.046352,2.928693,1.751125,-0.7625823,1.275145,0.1804371,303.4103,213.7225,43.54483
3,0.7111117,-0.8741966,-0.1375944,-0.860462,-0.9794862,-1.534065,-0.4734781,-0.6217213,0.09923116,9.771987,-0.3600591,-0.4187974,0.873375,-0.2023928,-1.657998,1.700001,-0.0779143,-0.2719209,-0.2482702,-1.049732,2.926962,1.752559,-0.7644708,1.281919,0.1813966,303.295,212.7137,44.89729
3,0.7222228,-0.9999919,-0.1167074,-0.758186,-0.976187,-1.540083,-0.4558485,-0.620785,0.08511478,9.771987,-0.4175607,-0.4752808,0.8745592,-0.193737,-1.699737,1.747026,-0.08629104,-0.2196862,-0.2511674,-1.052661,2.926121,1.754184,-0.7665058,1.288726,0.1818867,303.1494,211.8575,46.17701
3,0.7333339,-1.025585,-0.1114405,-0.7326192,-0.9718498,-1.547732,-0.4396336,-0.6204638,0.0291613,9.771987,-0.4709828,-0.4698747,0.8396747,-0.186531,-1.73416,1.787091,-0.09150657,-0.1930642,-0.2478039,-1.055428,2.924682,1.756076,-0.7686183,1.295626,0.1817465,303.0338,211.0071,47.4403
3,0.7444451,-1.152469,-0.08301842,-0.6144218,-0.9701688,-1.551655,-0.4212439,-0.6188766,0.1454711,9.771987,-0.5254935,-0.4783092,0.8015614,-0.180027,-1.773992,1.833408,-0.08067849,-0.1697178,-0.2350024,-1.057936,2.923735,1.757148,-0.7709332,1.302677,0.1808633,302.8966,210.0479,48.68827
3,0.7555562,-1.204738,-0.06922716,-0.5515839,-0.9677703,-1.55654,-0.4038854,-0.6217901,-0.2670977,9.554832,-0.5650581,-0.4931639,0.7708226,-0.1739726,-1.819804,1.885568,-0.0751583,-0.141027,-0.2221385,-1.06017,2.923214,1.758051,-0.7733683,1.310009,0.1791359,302.7547,208.9648,49.87754
3,0.7666674,-1.272092,-0.02979141,-0.4590866,-0.9675483,-1.559812,-0.3860593,-0.6186001,0.2945951,9.554832,-0.6119875,-0.4920669,0.7561497,-0.1680444,-1.865256,1.938148,-0.08244646,-0.1026963,-0.2176588,-1.062532,2.923239,1.759057,-0.7756782,1.317602,0.1767591,302.5149,207.2966,51.40734
3,0.7777785,-1.326714,0.015064,-0.3666255,-0.9679579,-1.562423,-0.3686044,-0.6205405,-0.1795917,9.554832,-0.6427789,-0.5059819,0.7765003,-0.1619255,-1.920485,2.000587,-0.09840477,-0.08985662,-0.2217436,-1.065295,2.922753,1.76072,-0.7780678,1.325442,0.1736285,302.176,205.7624,52.86971
3,0.7888896,-1.359881,0.03969359,-0.3028314,-0.9684947,-1.564791,-0.3511862,-0.6201762,0.0356508,9.554832,-0.676625,-0.4997443,0.8278145,-0.1548815,-1.981276,2.069123,-0.1121775,-0.075977,-0.218384,-1.067663,2.922644,1.762331,-0.7802251,1.333496,0.1698205,301.8451,203.9267,54.5062
3,0.8000008,-1.428021,0.04946578,-0.1813505,-0.969519,-1.563762,-0.3340802,-0.6207972,-0.05670538,9.554832,-0.7095554,-0.4806286,0.8472018,-0.1487248,-2.041477,2.137209,-0.112075,-0.04509821,-0.2214535,-1.07023,2.923074,1.763039,-0.7822742,1.341683,0.1653774,301.4224,201.951,56.21207
3,0.8111119,-1.456687,0.04420757,-0.1333385,-0.9697198,-1.564477,-0.3168416,-0.6214198,-0.05598791,9.446254,-0.7329217,-0.47322,0.86225,-0.1433489,-2.109375,2.213257,-0.1172386,0.008192018,-0.2233175,-1.072435,2.925207,1.763352,-0.7841786,1.349896,0.1603953,300.9842,199.7543,58.01752
3,0.8222231,-1.501242,0.03263623,-0.05118779,-0.9703483,-1.562561,-0.3000861,-0.6204877,0.08609255,9.446254,-0.7691616,-0.4604126,0.8539549,-0.1391342,-2.175972,2.288533,-0.1267564,0.04874226,-0.2315959,-1.074874,2.927601,1.763858,-0.7859849,1.358034,0.1550162,300.5787,197.4208,59.8803
3,0.8333342,-1.538285,0.01248091,0.01292372,-0.9705613,-1.560339,-0.2833209,-0.6218423,-0.1241647,9.446254,-0.8204317,-0.4858925,0.817942,-0.1373712,-2.249503,2.371712,-0.1309318,0.1020693,-0.2430538,-1.077353,2.931064,1.763812,-0.7877517,1.366004,0.149215,300.2276,195.1628,61.69755
3,0.8444453,-1.559302,-0.01396769,0.06957853,-0.9704159,-1.557493,-0.2670304,-0.6215733,0.02614749,9.446254,-0.8587964,-0.5061354,0.8138092,-0.1361174,-2.328336,2.460399,-0.1266331,0.1404507,-0.255723,-1.080205,2.934435,1.76336,-0.7893572,1.373747,0.1431439,299.9951,192.7897,63.51042
3,0.8555565,-1.568735,-0.02545488,0.1197332,-0.9704884,-1.554404,-0.2512906,-0.6218753,-0.02753482,7.274701,-0.8726349,-0.4795172,0.8171562,-0.134152,-2.40378,2.545065,-0.1523972,0.1598437,-0.2905943,-1.083699,2.93745,1.764187,-0.7908171,1.381227,0.1368527,299.7922,190.5157,65.2097
3,0.8666676,-1.572903,-0.02491975,0.2081559,-0.971453,-1.548771,-0.2368749,-0.6225373,-0.05994136,7.274701,-0.8738217,-0.5007497,0.7904708,-0.1350926,-2.479609,2.629907,-0.1728009,0.1642707,-0.3138581,-1.087354,2.9405,1.765225,-0.792115,1.388438,0.1303888,299.655,188.3003,66.83053
3,0.8777788,-1.566531,-0.01159322,0.2847795,-0.9730157,-1.542775,-0.2231308,-0.6234449,-0.08219049,7.274701,-0.8910266,-0.5166368,0.7521499,-0.1374575,-2.547423,2.707219,-0.185621,0.1696638,-0.3201237,-1.090498,2.943449,1.766318,-0.7932632,1.395378,0.1237965,299.5732,186.1113,68.41376
3,0.8888899,-1.553732,-0.003549457,0.3582141,-0.9744347,-1.536176,-0.2100883,-0.6237672,-0.02851674,7.274701,-0.9125317,-0.5388975,0.7095802,-0.1409782,-2.610292,2.780166,-0.2015948,0.2038652,-0.3337058,-1.093798,2.947798,1.766937,-0.7942373,1.402045,0.1171259,299.4889,183.9814,69.9317
3,0.900001,-1.547317,1.645088E-05,0.4061254,-0.9757258,-1.529454,-0.1968321,-0.6245294,-0.0693581,7.274701,-0.9501508,-0.5632001,0.6351486,-0.1456765,-2.660775,2.84153,-0.221836,0.2338092,-0.3494066,-1.097398,2.952246,1.767666,-0.7950862,1.408418,0.1103286,299.3403,181.9444,71.37389
3,0.9111122,-1.527076,0.009155512,0.4752824,-0.977402,-1.521186,-0.1850524,-0.6251691,-0.05780245,7.383279,-1.003594,-0.5205036,0.6003823,-0.1485112,-2.708066,2.900764,-0.2592333,0.2830877,-0.3851349,-1.101571,2.958311,1.768747,-0.7958284,1.414478,0.1033887,299.1855,179.9357,72.75671
3,0.9222233,-1.494365,0.06020248,0.5846597,-0.9809956,-1.510688,-0.1750187,-0.6250855,0.008167868,7.383279,-1.058036,-0.465074,0.5816253,-0.1509309,-2.752613,2.958009,-0.2999722,0.3068297,-0.4273409,-1.106447,2.963876,1.770625,-0.7965102,1.420202,0.09630416,299.0815,177.926,74.09914
3,0.9333345,-1.489079,0.06894064,0.6112415,-0.9831837,-1.502216,-0.1633556,-0.6257774,-0.06328211,7.383279,-1.098603,-0.4139199,0.5649207,-0.1534908,-2.794293,3.012159,-0.3213877,0.3144283,-0.44419,-1.110926,2.969007,1.772465,-0.7971465,1.425618,0.08910093,299.0198,176.0013,75.30911
3,0.9444456,-1.476174,0.0653137,0.6922158,-0.9855049,-1.490576,-0.1538189,-0.6264074,-0.05706681,7.383279,-1.160682,-0.348806,0.5100068,-0.1551345,-2.823036,3.055094,-0.3373813,0.3390379,-0.4524888,-1.11518,2.975283,1.774163,-0.7976685,1.430707,0.08175941,298.8897,174.1395,76.47726
3,0.9555568,-1.471758,0.05169129,0.7210637,-0.9870117,-1.480492,-0.1431785,-0.6259728,0.04010727,7.926167,-1.185233,-0.3764798,0.4962058,-0.1599399,-2.858172,3.103318,-0.3467002,0.3762975,-0.432034,-1.118473,2.982106,1.77535,-0.7980071,1.435435,0.07422776,298.6872,172.3892,77.49548
3,0.9666679,-1.448131,0.03400457,0.7552438,-0.9882133,-1.469429,-0.1338579,-0.6262876,-0.02911903,7.926167,-1.202354,-0.3966794,0.4791888,-0.1648326,-2.889254,-3.135386,-0.3590994,0.4188142,-0.3997981,-1.120779,2.989204,1.77654,-0.7981874,1.439901,0.06657135,298.6214,170.7371,78.28948
3,0.977779,-1.413996,0.03344953,0.7892982,-0.9898703,-1.458056,-0.1253103,-0.6260852,0.01880927,7.926167,-1.211053,-0.3912582,0.4419605,-0.1691752,-2.912634,-3.098831,-0.3864246,0.4794943,-0.3695107,-1.122783,2.997582,1.778579,-0.798316,1.444149,0.05875918,298.5806,168.9978,79.14417
3,0.9888902,-1.380972,0.03486776,0.7999077,-0.9914176,-1.447196,-0.1167988,-0.6268091,-0.06639383,7.926167,-1.254944,-0.3730456,0.3996134,-0.1730964,-2.93034,-3.066201,-0.3968035,0.5113711,-0.3373412,-1.124569,3.005667,1.78064,-0.798367,1.448246,0.05085935,298.6105,167.2944,79.91161
3,1.000001,-1.334054,0.03100526,0.7988294,-0.9927391,-1.436829,-0.1090346,-0.6274125,-0.05467359,7.926167,-1.324271,-0.3272189,0.3862214,-0.1758927,-2.951095,-3.029144,-0.4127331,0.5338081,-0.3403194,-1.126934,3.013587,1.782184,-0.7983913,1.452236,0.04293838,298.6574,165.5168,80.71631
3,1.011112,-1.308321,0.008658886,0.7691225,-0.9930432,-1.427584,-0.1001966,-0.6276399,-0.02052392,11.94354,-1.350961,-0.3154966,0.3736053,-0.179871,-2.971056,-2.994091,-0.4394028,0.5670005,-0.3591495,-1.12982,3.022418,1.783996,-0.7983654,1.456116,0.03509679,298.6748,163.7134,81.53027
3,1.022224,-1.266333,-0.04883075,0.7193809,-0.9917393,-1.419283,-0.09170542,-0.6284661,-0.07559778,11.94354,-1.379871,-0.2951857,0.3450403,-0.1830758,-2.985122,-2.964158,-0.4938031,0.6409011,-0.4020647,-1.133072,3.033653,1.785939,-0.7983035,1.459891,0.02745614,298.715,161.9129,82.3372
3,1.033335,-1.243703,-0.08285284,0.696119,-0.9908147,-1.410629,-0.08302085,-0.6278445,0.05729696,11.94354,-1.397959,-0.2589969,0.3516328,-0.1857725,-3.005506,-2.928102,-0.5086753,0.6686647,-0.4103423,-1.135733,3.043114,1.787622,-0.7982507,1.463538,0.02016229,298.8122,160.0859,83.17994
3,1.044446,-1.194311,-0.1338737,0.6484587,-0.9885153,-1.403092,-0.07504468,-0.628359,-0.04773175,11.94354,-1.387435,-0.2802216,0.3238238,-0.1899958,-3.016332,-2.90236,-0.5149807,0.6921172,-0.4091289,-1.138342,3.053159,1.789274,-0.7982962,1.467115,0.01332527,298.9976,158.4905,83.83931
3,1.055557,-1.132204,-0.1762446,0.6028709,-0.9861185,-1.395976,-0.06783284,-0.6277753,0.05368979,9.989142,-1.392657,-0.2877346,0.3430028,-0.1943985,-3.033075,-2.870456,-0.5522887,0.717862,-0.4225808,-1.141317,3.063461,1.791978,-0.79853,1.470704,0.007012062,299.2483,157.0945,84.41367
3,1.066668,-1.072301,-0.2123369,0.5433841,-0.9831821,-1.3901,-0.06053205,-0.6287372,-0.08869156,9.989142,-1.39369,-0.2898834,0.3493939,-0.1987597,-3.048234,-2.840092,-0.5991899,0.7436464,-0.437025,-1.144435,3.07433,1.795336,-0.7989089,1.474354,0.001198844,299.4387,155.925,84.94654
3,1.077779,-1.036941,-0.2400062,0.5030566,-0.9801434,-1.383932,-0.05316522,-0.6295047,-0.06957015,9.989142,-1.393622,-0.2611622,0.365454,-0.2021281,-3.06632,-2.806781,-0.6279655,0.7544296,-0.446331,-1.147384,3.084682,1.798424,-0.7993508,1.478068,-0.00411293,299.6755,154.8244,85.51234
3,1.08889,-0.9983866,-0.2731826,0.4286588,-0.9763559,-1.380288,-0.04514111,-0.6297396,-0.02130236,9.989142,-1.371135,-0.2196827,0.3920919,-0.2050059,-3.088289,-2.770737,-0.6630893,0.7684031,-0.4481322,-1.150235,3.095449,1.802312,-0.7998304,1.481816,-0.008933277,299.9232,153.722,86.14201
3,1.100002,-0.97702,-0.2894546,0.3531054,-0.9729859,-1.377573,-0.03629249,-0.6290812,0.06002001,9.989142,-1.383964,-0.2100661,0.3847077,-0.2083716,-3.102219,-2.741393,-0.6779301,0.7801595,-0.4447557,-1.152683,3.106118,1.805623,-0.8004508,1.485613,-0.01333093,300.1751,152.6612,86.80029
3,1.111113,-0.9579234,-0.2852849,0.3136413,-0.9699925,-1.37449,-0.0278524,-0.6293247,-0.02310424,9.989142,-1.417211,-0.2365716,0.3389858,-0.2125735,-3.106665,-2.720332,-0.7065988,0.7983484,-0.4412636,-1.155123,3.117264,1.809618,-0.8012598,1.489453,-0.0174248,300.4206,151.7097,87.42924
3,1.122224,-0.9487022,-0.2505093,0.2441548,-0.9680303,-1.373191,-0.01844452,-0.6286653,0.06034233,9.989142,-1.44498,-0.2408009,0.3241954,-0.2164665,-3.114685,-2.695664,-0.7395852,0.8229772,-0.4451443,-1.157517,3.128979,1.814058,-0.8022836,1.493382,-0.02123002,300.7454,150.8619,87.95119
3,1.133335,-0.9309615,-0.2088314,0.2406549,-0.9669032,-1.370016,-0.01016262,-0.6284341,0.02033712,9.989142,-1.487561,-0.2280418,0.3318933,-0.2200772,-3.126994,-2.666036,-0.8013706,0.8509907,-0.4669101,-1.160469,3.141115,1.818946,-0.8035432,1.497464,-0.02478244,301.036,150.1055,88.43293
3,1.144446,-0.8959203,-0.2036175,0.1766657,-0.9648191,-1.36964,-0.001341168,-0.6281502,0.02557518,9.989142,-1.539745,-0.193985,0.3375702,-0.2229764,-3.139865,-2.63497,-0.842034,0.8352184,-0.4837127,-1.163887,-3.131189,1.825074,-0.8049877,1.501755,-0.02815513,301.2605,149.4236,88.90062
3,1.155557,-0.8895146,-0.204663,0.1723972,-0.9622464,-1.367339,0.007000385,-0.6279106,0.0215473,9.989142,-1.575759,-0.1270032,0.3847916,-0.2253876,3.121843,-2.595526,-0.8848014,0.8386642,-0.5110728,-1.167616,-3.119864,1.831002,-0.8065627,1.506304,-0.03137526,301.4283,148.7141,89.43515
3,1.166668,-0.9192134,-0.2265695,0.119304,-0.9590948,-1.367493,0.01800616,-0.6286653,-0.06937576,6.623236,-1.561699,-0.05469239,0.4328638,-0.2274441,3.09619,-2.553636,-0.8922404,0.861092,-0.5183767,-1.170718,-3.107594,1.836257,-0.8081741,1.511077,-0.03453347,301.5589,147.8848,90.13844
3,1.17778,-0.9588161,-0.2134739,0.05639601,-0.9570352,-1.368815,0.03064127,-0.6278551,0.07451017,6.623236,-1.566844,-0.06013978,0.4712198,-0.2318702,3.076735,-2.517227,-0.8664842,0.856632,-0.4919602,-1.172799,-3.096399,1.840733,-0.8099012,1.516039,-0.03766196,301.8073,146.8845,90.99532
3,1.188891,-0.9417671,-0.2211568,-0.001099013,-0.9544508,-1.370766,0.04184572,-0.6262817,0.1429375,6.623236,-1.571816,-0.1093225,0.5403457,-0.2385383,3.056667,-2.480094,-0.8596998,0.8638686,-0.4440414,-1.173673,-3.085051,1.845558,-0.8115819,1.521021,-0.04078186,302.0815,145.882,91.89577
3,1.200002,-0.8925436,-0.2552645,-0.06805607,-0.9508524,-1.373789,0.05222991,-0.6251105,0.1059488,6.623236,-1.568414,-0.1360668,0.5807363,-0.2450827,3.037718,-2.444376,-0.891195,0.8988883,-0.3902799,-1.172973,-3.072831,1.851798,-0.8132209,1.526077,-0.04391615,302.4139,145.0836,92.53261
3,1.211113,-0.8443066,-0.2945139,-0.1062026,-0.9466387,-1.376735,0.06210651,-0.6268091,-0.1560801,6.731813,-1.616216,-0.1648823,0.6053969,-0.2516187,3.021691,-2.409657,-0.9283198,0.9042836,-0.3729232,-1.173787,-3.060925,1.858415,-0.8147981,1.531391,-0.04708099,302.7516,144.4513,92.95786
3,1.222224,-0.7831196,-0.3573548,-0.185755,-0.9412953,-1.382136,0.07217912,-0.6283643,-0.1408358,6.731813,-1.63536,-0.1499951,0.6129892,-0.2573018,3.004858,-2.374787,-0.9518661,0.8884137,-0.3802687,-1.175279,-3.049815,1.865254,-0.816346,1.537029,-0.0501731,303.1935,143.5965,93.52617
3,1.233335,-0.7296677,-0.3871779,-0.2548769,-0.936589,-1.388273,0.08273856,-0.6287366,-0.03315338,6.731813,-1.618485,-0.1371,0.5746363,-0.2619762,2.992271,-2.345198,-0.9883838,0.8684202,-0.4099004,-1.177769,-3.038645,1.87297,-0.8179187,1.542878,-0.05304889,303.7383,142.4605,94.39168
3,1.244446,-0.6978176,-0.379722,-0.2975705,-0.9329942,-1.394179,0.0930615,-0.6296576,-0.08429424,6.731813,-1.552663,-0.1007374,0.5307367,-0.2654319,2.980684,-2.318668,-1.029292,0.8602579,-0.4618229,-1.181111,-3.027068,1.880973,-0.8196586,1.548777,-0.05562498,304.34,141.1962,95.45248
3,1.255558,-0.6905202,-0.3616599,-0.3126087,-0.9298469,-1.399108,0.1035533,-0.6293172,0.03153449,6.731813,-1.48682,-0.02707678,0.4912172,-0.2674602,2.964135,-2.28802,-1.05287,0.9009869,-0.4987567,-1.183841,-3.013463,1.888018,-0.8217212,1.554558,-0.05781057,304.994,140.0374,96.51194
3,1.266669,-0.7261015,-0.3174856,-0.3533407,-0.9280834,-1.405779,0.1165911,-0.6289753,0.03063319,7.166124,-1.400617,0.0454253,0.4782117,-0.269293,2.945181,-2.25653,-1.035713,0.9264771,-0.4945092,-1.185515,-3.000394,1.894125,-0.8242663,1.560189,-0.05961052,305.551,139.2119,97.34312
3,1.27778,-0.7509717,-0.2740515,-0.3546658,-0.9265292,-1.410896,0.1286696,-0.6278615,0.1013368,7.166124,-1.319449,0.04217416,0.5140827,-0.274639,2.927665,-2.227029,-1.01205,0.9550457,-0.4699838,-1.186123,-2.987164,1.899504,-0.8272148,1.56561,-0.06098364,305.9213,138.6898,98.01118
3,1.288891,-0.727258,-0.1788268,-0.3233478,-0.9276515,-1.414206,0.1382415,-0.6260341,0.166071,7.166124,-1.225934,-0.0130502,0.4623369,-0.2786242,2.924123,-2.21249,-1.005765,0.999398,-0.3762196,-1.183849,-2.973966,1.905581,-0.8303678,1.570796,-0.06206618,306.1321,138.521,98.52832
3,1.300002,-0.6386494,-0.1971231,-0.305216,-0.925147,-1.418232,0.1451444,-0.6258221,0.01803532,7.166124,-1.27187,-0.06198764,0.4336649,-0.2830525,2.92174,-2.194907,-0.991133,1.039392,-0.2854786,-1.179974,-2.961267,1.911295,-0.8335913,1.575946,-0.06304766,306.2361,138.6675,98.84463
3,1.311113,-0.5872976,-0.2278765,-0.3519433,-0.9225238,-1.425328,0.154425,-0.6272091,-0.1268302,7.491857,-1.311139,-0.0951004,0.4614657,-0.2890057,2.915412,-2.173243,-0.9737424,1.031685,-0.2398311,-1.177827,-2.949356,1.916957,-0.8366198,1.581185,-0.064246,306.2326,138.8631,99.22973
3,1.322224,-0.5750373,-0.1682103,-0.3661902,-0.9224998,-1.431061,0.1640252,-0.6302669,-0.2785605,7.491857,-1.339414,-0.124109,0.5552977,-0.2973132,2.903652,-2.146196,-0.9685801,0.9879984,-0.2421878,-1.17694,-2.938228,1.923378,-0.83935,1.586543,-0.06583915,306.2646,138.6329,99.84286
3,1.333336,-0.5763261,-0.1426677,-0.368485,-0.9223107,-1.436385,0.1736552,-0.6296602,0.05735447,7.491857,-1.339964,-0.1243737,0.6575534,-0.3058923,2.890054,-2.118572,-0.9656817,0.9560986,-0.2689454,-1.17687,-2.927463,1.929526,-0.8418417,1.591777,-0.06780776,306.6523,137.8846,100.7377
3,1.344447,-0.6285974,-0.007673904,-0.3416133,-0.9262426,-1.439286,0.1838758,-0.6280027,0.1505575,7.491857,-1.268363,-0.06589788,0.7063649,-0.3134077,2.873169,-2.089973,-0.9579189,0.9180787,-0.3512011,-1.179299,-2.915866,1.935564,-0.844371,1.596836,-0.07006858,307.1798,137.0657,101.507
3,1.355558,-0.6310548,0.03291373,-0.3184438,-0.9277558,-1.442644,0.1929354,-0.627274,0.06529446,7.491857,-1.253526,-0.0263992,0.6925516,-0.3190339,2.860096,-2.063952,-0.9313561,0.9149883,-0.3704953,-1.179489,-2.903402,1.939892,-0.8469799,1.601748,-0.07248504,307.5266,136.4023,102.0373
3,1.366669,-0.6353007,0.02847765,-0.3397171,-0.9288099,-1.448106,0.2033696,-0.6250386,0.203849,7.491857,-1.26101,-0.02638662,0.6872623,-0.3258154,2.849807,-2.040039,-0.8904265,0.9380779,-0.3227696,-1.177774,-2.891415,1.944153,-0.8496329,1.606566,-0.07497922,307.6623,135.9185,102.4958
3,1.37778,-0.6493062,0.06365471,-0.333793,-0.9302427,-1.452552,0.2133884,-0.6262338,-0.1108819,7.491857,-1.273928,-0.05403215,0.6330791,-0.332428,2.84452,-2.020544,-0.8633459,0.971957,-0.2866261,-1.175632,-2.878616,1.947928,-0.8522267,1.611421,-0.07778154,307.5174,135.6125,103.0477
3,1.388891,-0.6422461,0.09456478,-0.3220344,-0.9330779,-1.455789,0.222358,-0.6262807,-0.003244297,7.491857,-1.273387,-0.04626119,0.551985,-0.3355412,2.841858,-2.003844,-0.8555174,1.01121,-0.2556176,-1.172954,-2.865419,1.952082,-0.8545781,1.616251,-0.08086953,307.6487,135.2303,103.5686
3,1.400002,-0.6075943,0.1546356,-0.3022187,-0.9366364,-1.458309,0.2297046,-0.6260463,0.02132809,7.491857,-1.232246,-0.01939297,0.4666412,-0.3379333,2.836794,-1.986781,-0.8637037,1.04086,-0.2192224,-1.169971,-2.852678,1.957309,-0.8567937,1.621121,-0.08407917,308.0333,134.662,103.9717
3,1.411114,-0.5856405,0.2050208,-0.2833923,-0.9407819,-1.460487,0.2369489,-0.6263195,-0.02514689,8.143322,-1.189744,-0.008669317,0.4451529,-0.3418466,2.831114,-1.96936,-0.8614414,1.038642,-0.2011386,-1.167219,-2.84036,1.962025,-0.8588654,1.626076,-0.08722473,308.3671,133.9677,104.3886
3,1.422225,-0.5638556,0.2745787,-0.2625598,-0.9458904,-1.461916,0.2434896,-0.6274759,-0.1054989,8.143322,-1.128307,0.03413308,0.3735469,-0.3435249,2.825223,-1.953376,-0.8628857,0.9823475,-0.23015,-1.166759,-2.829407,1.967255,-0.8608164,1.631091,-0.09018536,308.5401,133.0983,105.0799
3,1.433336,-0.5239488,0.3410023,-0.2587692,-0.951777,-1.463739,0.2494375,-0.6273524,0.01208012,8.143322,-1.107228,0.03211612,0.3265675,-0.345951,2.822323,-1.938781,-0.8665673,0.9502803,-0.2495904,-1.166566,-2.818751,1.974401,-0.8626965,1.63603,-0.09298158,308.6603,132.1159,106.0446
3,1.444447,-0.4784992,0.3841076,-0.2441814,-0.9576306,-1.464887,0.2542456,-0.6274067,-0.005288498,8.143322,-1.0818,0.03539646,0.298752,-0.3481337,2.818321,-1.92372,-0.8832358,0.8962945,-0.3168141,-1.168003,-2.807992,1.980462,-0.8646587,1.640835,-0.09558866,308.7698,131.1096,107.0156
3,1.455558,-0.447788,0.4067965,-0.2369045,-0.9629985,-1.466306,0.2592023,-0.6280394,-0.05794459,8.143322,-1.021141,-0.02419138,0.282304,-0.3513967,2.821091,-1.916596,-0.9232704,0.8786142,-0.3879503,-1.169755,-2.796189,1.98715,-0.8667358,1.645405,-0.09802488,308.8145,130.1475,107.982
3,1.466669,-0.384965,0.4139156,-0.2093172,-0.9681017,-1.466769,0.2621706,-0.6285987,-0.05081665,8.143322,-0.9742705,-0.07423735,0.2787364,-0.3550207,2.824074,-1.909751,-0.917601,0.9477756,-0.3738902,-1.168463,-2.782047,1.991729,-0.8690104,1.649701,-0.1002065,308.86,129.2412,108.8166
3,1.47778,-0.3551148,0.4153975,-0.1837824,-0.9726471,-1.466855,0.2654471,-0.6283601,0.02199308,8.143322,-0.909739,-0.1069964,0.1845768,-0.3552785,2.830214,-1.907334,-0.8732715,0.9920759,-0.3069329,-1.16484,-2.769387,1.995055,-0.8715391,1.65366,-0.1020847,308.8736,128.4312,109.5691
3,1.488891,-0.304072,0.4287643,-0.1626155,-0.9778872,-1.466687,0.2673396,-0.6294275,-0.09810526,8.143322,-0.8804259,-0.1035044,0.08110522,-0.3537956,2.835194,-1.90308,-0.8125916,1.048938,-0.1974221,-1.158688,-2.756595,1.997221,-0.8743519,1.657282,-0.1036695,308.8297,127.8131,110.2343
3,1.500003,-0.2530226,0.4388216,-0.157418,-0.9831437,-1.467105,0.269277,-0.6286642,0.07042801,8.143322,-0.8614471,-0.1087181,0.0415763,-0.3537141,2.838903,-1.89728,-0.7994509,1.065763,-0.156958,-1.15432,-2.744211,2.000882,-0.8774015,1.660451,-0.1050552,308.6981,127.2692,111.0159
3,1.511114,-0.2178209,0.4326786,-0.167001,-0.9882202,-1.468171,0.2714837,-0.6294253,-0.07053228,6.948968,-0.8413854,-0.05961633,0.008588396,-0.3525722,2.837892,-1.887601,-0.7919729,1.036913,-0.1422248,-1.150829,-2.733086,2.004959,-0.8806736,1.663177,-0.1064774,308.4648,126.9422,111.6801
3,1.522225,-0.1632878,0.4063489,-0.1935194,-0.99268,-1.470261,0.2729468,-0.6294029,0.002402137,6.948968,-0.8016553,0.02436659,0.0768087,-0.3545962,2.827487,-1.869961,-0.7774286,0.9794667,-0.1681446,-1.149488,-2.722557,2.008956,-0.8840135,1.665405,-0.1079692,308.1966,126.701,112.1844
3,1.533336,-0.1116803,0.3445984,-0.2560231,-0.9959184,-1.47463,0.2753676,-0.6290637,0.03063059,6.948968,-0.8039254,0.08942142,0.05144088,-0.3537637,2.820398,-1.854351,-0.7629209,0.9305478,-0.1993403,-1.148246,-2.712141,2.012835,-0.8873889,1.667218,-0.1095926,307.955,126.5877,112.4367
3,1.544447,-0.06416794,0.263635,-0.3194664,-0.9981506,-1.480329,0.2779491,-0.6299084,-0.07781829,6.948968,-0.7654067,0.1479205,0.08869778,-0.3547645,2.809565,-1.836687,-0.749225,0.9188498,-0.2144107,-1.146526,-2.700998,2.016256,-0.8908321,1.668797,-0.1112539,307.8134,126.558,112.3974
3,1.555558,-0.04246326,0.2145987,-0.3522007,-1.000475,-1.485251,0.2806093,-0.629829,0.007618208,6.948968,-0.7389137,0.1416268,0.05766562,-0.3542462,2.80637,-1.826407,-0.7475079,0.8934326,-0.2475842,-1.145633,-2.689559,2.020588,-0.8944051,1.670268,-0.1128259,307.7941,126.5157,112.3286
3,1.566669,-0.01120722,0.1699558,-0.3785762,-1.002421,-1.490706,0.2828117,-0.6298802,-0.005191167,8.360477,-0.6210666,0.08862957,-0.0261651,-0.3520795,2.809347,-1.825506,-0.7999431,0.9759039,-0.3118117,-1.144951,-2.674367,2.024717,-0.8982267,1.671754,-0.1141626,307.9069,126.536,112.2409
3,1.577781,0.03686173,0.153205,-0.3976858,-1.005161,-1.495453,0.283754,-0.6289268,0.08685564,8.360477,-0.587272,0.03341264,-0.09041868,-0.3497492,2.814846,-1.825033,-0.7650285,1.050061,-0.2361306,-1.139429,-2.660375,2.026542,-0.9023148,1.673274,-0.115095,308.0298,126.588,112.2512
3,1.588892,0.09904842,0.1034145,-0.4389682,-1.006878,-1.502073,0.2845782,-0.6291553,-0.02188492,8.360477,-0.534188,-0.02185628,-0.1302541,-0.3477162,2.821993,-1.827256,-0.6763965,1.131242,-0.1043621,-1.130804,-2.646843,2.025887,-0.9065607,1.674799,-0.115597,308.0162,126.6973,112.4071
3,1.600003,0.1519486,0.01838899,-0.4789535,-1.006791,-1.50994,0.2857415,-0.6296597,-0.04612749,8.360477,-0.4790754,-0.1143518,-0.1925739,-0.3453736,2.834383,-1.834801,-0.5935662,1.184951,-0.02164713,-1.12261,-2.633477,2.024449,-0.9108246,1.676238,-0.1156221,307.9544,126.8279,112.6365
3,1.611114,0.1802228,-0.05080038,-0.508355,-1.006503,-1.517686,0.2872853,-0.6303649,-0.0644193,8.360477,-0.4579625,-0.1802746,-0.2354752,-0.3427318,2.848391,-1.84348,-0.5571873,1.164474,0.006738245,-1.116642,-2.621509,2.02449,-0.9150404,1.677543,-0.1152146,307.8466,126.9484,112.9526
3,1.622225,0.1919016,-0.1757268,-0.567215,-1.003768,-1.528384,0.2905517,-0.630244,0.01115171,10.2063,-0.4001343,-0.07711586,-0.1683613,-0.3422897,2.842034,-1.834489,-0.5428792,1.065527,-0.03105849,-1.114102,-2.61176,2.026164,-0.9192881,1.678699,-0.1144407,307.845,127.1463,113.2456
3,1.633336,0.1954099,-0.2108943,-0.5723126,-1.002698,-1.536534,0.2926654,-0.6292757,0.08792379,10.2063,-0.3480834,-0.08234257,-0.1984724,-0.3396984,2.84694,-1.836511,-0.612931,0.9109304,-0.1963642,-1.117495,-2.601974,2.0317,-0.9237121,1.67976,-0.1134226,307.9238,127.4994,113.4359
3,1.644447,0.2148508,-0.2393917,-0.5572332,-1.001112,-1.544281,0.2939499,-0.6286237,0.05859978,10.2063,-0.2969584,-0.105753,-0.2019888,-0.3378412,2.8543,-1.841514,-0.6635748,0.8795917,-0.2781399,-1.118453,-2.589944,2.034507,-0.9283697,1.680761,-0.1122745,308.009,127.9738,113.5499
3,1.655559,0.2458483,-0.2496971,-0.5465383,-1.000226,-1.551623,0.2943406,-0.6280277,0.05375836,10.2063,-0.2904882,-0.1185784,-0.1871456,-0.3366821,2.860789,-1.844426,-0.5816596,0.9290246,-0.1762894,-1.111973,-2.577616,2.033546,-0.9331638,1.681672,-0.1110518,308.0983,128.6443,113.5862
3,1.66667,0.2984254,-0.2951721,-0.5654729,-0.9978332,-1.560886,0.2945235,-0.6283143,-0.02670497,9.229098,-0.2838098,-0.0846532,-0.1274267,-0.3368414,2.860759,-1.84142,-0.4903181,0.960299,-0.08736862,-1.105773,-2.566771,2.03182,-0.9378698,1.682447,-0.1099221,307.9955,129.3497,113.6632
3,1.677781,0.3105558,-0.340796,-0.5545294,-0.9949543,-1.569328,0.2954239,-0.6287414,-0.03902832,9.229098,-0.3155816,-0.02511469,-0.0855586,-0.3365714,2.856276,-1.832761,-0.4516968,0.9600086,-0.04931276,-1.100652,-2.556273,2.031294,-0.9422733,1.683001,-0.1088978,307.9277,130.0284,113.5677
3,1.688892,0.2923242,-0.3260317,-0.5535421,-0.9937969,-1.577442,0.2971278,-0.6296874,-0.08641189,9.229098,-0.3258847,0.02794117,-0.01185238,-0.3379093,2.849501,-1.822402,-0.4253876,0.8981805,-0.06362917,-1.097977,-2.547524,2.031588,-0.9464207,1.683404,-0.107956,307.9625,130.5954,113.3789
3,1.700003,0.2714967,-0.2813787,-0.5069503,-0.9934896,-1.584868,0.2984352,-0.6282626,0.1306519,9.229098,-0.320625,0.02052179,-0.02575264,-0.3371157,2.85073,-1.820209,-0.4221139,0.7981215,-0.1085223,-1.096734,-2.538797,2.032617,-0.9503221,1.683595,-0.1070038,308.1622,131.1338,113.1909
3,1.711114,0.2610238,-0.2659605,-0.4484296,-0.9918587,-1.588201,0.2977845,-0.6268394,0.1286989,9.229098,-0.3216974,0.0290392,-0.02679185,-0.3366214,2.850009,-1.815975,-0.3642588,0.7489694,-0.08707073,-1.094442,-2.53222,2.032179,-0.954105,1.683638,-0.1060461,308.3228,131.6621,113.0367
3,1.722225,0.2427739,-0.2411485,-0.3761302,-0.9905074,-1.591381,0.297359,-0.6265843,0.02229846,8.360477,-0.3227767,-0.02420798,-0.03332708,-0.3365122,2.854706,-1.816799,-0.3047299,0.6976308,-0.0814337,-1.092406,-2.524753,2.031008,-0.9578717,1.683728,-0.1052342,308.3011,132.2508,112.8946
3,1.733337,0.2341215,-0.2229469,-0.3506718,-0.9896716,-1.596043,0.2974911,-0.6262279,0.03248865,8.360477,-0.3260046,-0.0550788,-0.04191975,-0.3361942,2.859497,-1.817616,-0.291217,0.6476017,-0.1009239,-1.091048,-2.517719,2.031006,-0.9615163,1.68393,-0.1045622,308.2118,132.846,112.6799
3,1.744448,0.249555,-0.145317,-0.2286787,-0.9897425,-1.594998,0.293727,-0.6258525,0.03397188,8.360477,-0.2854904,-0.09556246,-0.03797302,-0.3363647,2.866784,-1.8223,-0.28009,0.5710512,-0.1450183,-1.091623,-2.511985,2.031187,-0.9647949,1.684076,-0.1040672,308.0754,133.2897,112.6244
3,1.755559,0.2523176,-0.08823159,-0.1576843,-0.9924973,-1.596004,0.2909977,-0.626074,-0.02048615,8.360477,-0.2438961,-0.1371016,-0.03191562,-0.3367668,2.87341,-1.827042,-0.2611137,0.5444092,-0.1569823,-1.090869,-2.505398,2.030759,-0.9677067,1.684134,-0.1039226,308.0063,133.629,112.6687
3,1.76667,0.2337051,-0.01960479,-0.0632941,-0.9935567,-1.593168,0.2873538,-0.626841,-0.0698984,9.989142,-0.2802997,-0.1593782,-0.07014751,-0.33561,2.882021,-1.831172,-0.1958212,0.5120146,-0.1043725,-1.088651,-2.500359,2.028832,-0.9703252,1.684142,-0.1041189,308.0081,133.8363,112.6809
3,1.777781,0.2056558,0.02741434,-0.002848221,-0.9945564,-1.590936,0.2847308,-0.6269348,-0.008057265,9.989142,-0.3069562,-0.1487213,-0.07424674,-0.3349788,2.886477,-1.831111,-0.1551653,0.4797857,-0.06753747,-1.086285,-2.495407,2.027385,-0.9728631,1.68408,-0.1042036,308.6582,133.6487,111.6554
3,1.788892,0.1667762,0.09463385,0.0659944,-0.996655,-1.586926,0.282037,-0.6256745,0.115122,9.989142,-0.3045927,-0.08388084,-0.02294193,-0.3358672,2.883259,-1.824692,-0.1008279,0.426236,-0.0436812,-1.084685,-2.492141,2.025513,-0.9763058,1.684729,-0.1025169,309.3277,132.758,110.1429
3,1.800003,0.1257402,0.1672411,0.1475853,-0.999119,-1.581809,0.278985,-0.6248702,0.07260574,9.989142,-0.3034766,-0.03596944,-0.01003707,-0.3358305,2.88025,-1.818678,-0.07231537,0.3440985,-0.03997792,-1.084121,-2.490117,2.02476,-0.9799363,1.68553,-0.09975805,308.6234,132.4594,111.0033
3,1.811115,0.1042752,0.1885519,0.1772914,-1.000773,-1.578203,0.2763786,-0.6240415,0.07538673,9.989142,-0.2938894,-0.01892433,-0.008971781,-0.3357101,2.879472,-1.814953,-0.06937457,0.2898,-0.04982334,-1.084096,-2.487948,2.024429,-0.9833408,1.68601,-0.09699444,307.6427,132.9337,112.569
3,1.822226,0.06780198,0.2214795,0.2112041,-1.003108,-1.573367,0.2739945,-0.6239403,0.008776897,8.686211,-0.3030128,-0.0579972,-0.1336811,-0.3314139,2.889222,-1.820594,-0.08042456,0.2303269,-0.07663678,-1.085167,-2.485451,2.024725,-0.9860979,1.685906,-0.09512828,306.7054,133.5332,113.7827
3,1.833337,0.06025991,0.2332102,0.2249817,-1.004891,-1.569502,0.2713367,-0.6245507,-0.0556426,8.686211,-0.2840123,-0.07813188,-0.1711165,-0.329155,2.895608,-1.824012,-0.07290825,0.2398937,-0.07132151,-1.084132,-2.481554,2.023688,-0.9880937,1.685224,-0.09470548,306.0527,133.8501,114.3369
3,1.844448,0.04429135,0.2387883,0.2856839,-1.006165,-1.563411,0.2680224,-0.6239611,0.05455176,8.686211,-0.2426471,-0.1387255,-0.2119742,-0.3266399,2.907767,-1.83391,-0.02152334,0.2854744,-0.05873301,-1.082515,-2.477024,2.020501,-0.9894451,1.684096,-0.09576802,305.828,133.85,114.2631
3,1.855559,0.0492648,0.2781839,0.2758308,-1.009397,-1.559097,0.265074,-0.6248943,-0.08567588,8.686211,-0.2322408,-0.184495,-0.2537787,-0.3235048,2.92524,-1.846824,-0.01297873,0.293982,-0.05769417,-1.081434,-2.472899,2.018714,-0.9902909,1.682712,-0.09808758,305.8032,133.6414,113.8094
3,1.86667,0.06615536,0.2964606,0.2788936,-1.012271,-1.554301,0.261312,-0.6246524,0.02299618,8.686211,-0.2313092,-0.1460762,-0.2781791,-0.3199548,2.930805,-1.849536,-0.003387094,0.3024862,-0.06092672,-1.080541,-2.468788,2.016498,-0.9909001,1.681291,-0.1013367,305.9499,133.2856,113.2285
3,1.877781,0.0734112,0.3210716,0.2872348,-1.015324,-1.549602,0.2577533,-0.6253475,-0.06367517,12.92074,-0.2023362,-0.0918707,-0.2313032,-0.3185844,2.930539,-1.847695,-0.008804828,0.2758799,-0.05993668,-1.080066,-2.465926,2.015608,-0.9912223,1.679742,-0.1050104,306.1228,132.8203,112.6463
3,1.888893,0.09465966,0.326518,0.2786554,-1.01809,-1.54527,0.2539755,-0.6260729,-0.06582402,12.92074,-0.1733816,-0.03658514,-0.1876133,-0.3174179,2.927874,-1.844054,-0.03782409,0.2142173,-0.06637415,-1.08058,-2.464773,2.01627,-0.9914997,1.678265,-0.1086605,306.2939,132.3424,112.0083
3,1.900004,0.1128158,0.3190584,0.2541872,-1.020762,-1.541757,0.2503403,-0.6260266,0.004809561,12.92074,-0.1721992,-0.001521274,-0.1598212,-0.3162807,2.926888,-1.841149,-0.05173305,0.1823014,-0.0621511,-1.080682,-2.463008,2.016259,-0.9917729,1.676838,-0.1117769,306.4205,131.8427,111.4973
3,1.911115,0.1097745,0.2996844,0.2266008,-1.023132,-1.539328,0.2476215,-0.6264202,-0.03607392,12.92074,-0.1722254,-0.01428716,-0.1662482,-0.3144757,2.930163,-1.84236,-0.03884223,0.1757913,-0.04416705,-1.079829,-2.460935,2.015437,-0.9921784,1.675518,-0.1141387,306.4095,131.4435,111.1999
3,1.922226,0.1025537,0.2705976,0.1958577,-1.023983,-1.538125,0.245957,-0.6267126,-0.02648301,13.02932,-0.1616506,-0.02808963,-0.1823043,-0.3123046,2.935069,-1.845376,-0.02912621,0.1735676,-0.02720731,-1.078866,-2.458827,2.014434,-0.992801,1.67433,-0.1156644,306.3126,131.19,111.0684
3,1.933337,0.09670116,0.2042814,0.1632681,-1.024121,-1.536994,0.2445032,-0.6263307,0.03502879,13.02932,-0.1499463,-0.05682704,-0.1877555,-0.3106769,2.940694,-1.849437,-0.02389157,0.1714814,-0.03684992,-1.07867,-2.45625,2.013508,-0.9937649,1.673314,-0.1163358,306.1983,131.0403,111.0013
3,1.944448,0.09172914,0.1626709,0.160345,-1.024374,-1.534885,0.2425144,-0.6258333,0.04512732,13.02932,-0.1596932,-0.1046691,-0.2240603,-0.3080734,2.951496,-1.857726,-0.03477532,0.1780524,-0.06976357,-1.079232,-2.453247,2.01274,-0.9951959,1.672556,-0.1163283,305.9094,130.9688,111.3342
3,1.955559,0.09193113,0.1381,0.1509204,-1.024886,-1.532764,0.2403236,-0.6256213,0.01903602,13.02932,-0.1628966,-0.1035752,-0.2293656,-0.3057421,2.956723,-1.861107,-0.05748856,0.180462,-0.1143285,-1.080525,-2.44977,2.012463,-0.9968772,1.671842,-0.116193,305.5346,131.1893,111.9391
3,1.966671,0.09854816,0.1126305,0.1574707,-1.024943,-1.530397,0.237808,-0.6256692,-0.004456022,13.02932,-0.1052264,-0.114286,-0.2009145,-0.3047855,2.962631,-1.867063,-0.06830327,0.1784551,-0.1344958,-1.081526,-2.446774,2.012116,-0.9985895,1.671124,-0.1160039,305.2985,131.6277,111.9254
3,1.977782,0.1019419,0.08919229,0.1522911,-1.025082,-1.528484,0.235563,-0.6259068,-0.02165624,11.29207,-0.1042656,-0.139804,-0.224425,-0.3026677,2.973111,-1.875964,-0.06608154,0.1890633,-0.1259436,-1.081429,-2.443884,2.011473,-1.000164,1.670385,-0.11584,305.0599,131.9245,111.7968
3,1.988893,0.09889761,0.07104452,0.1502768,-1.025118,-1.526617,0.2336434,-0.6261422,-0.02135805,11.29207,-0.1063875,-0.1206383,-0.2211659,-0.3006198,2.978148,-1.879529,-0.04650936,0.2122549,-0.08444469,-1.079993,-2.44089,2.010068,-1.001555,1.669628,-0.1158002,304.8391,132.0556,111.7669
3,2.000004,0.09995111,0.07428886,0.1566417,-1.025537,-1.52436,0.231124,-0.6261225,0.00197097,11.29207,-0.1021357,-0.1515046,-0.2265883,-0.298902,2.988112,-1.888059,-0.02918722,0.1939176,-0.04097195,-1.078485,-2.439212,2.009033,-1.002691,1.668764,-0.1159304,304.6929,132.0834,111.8134
3,2.011115,0.1179937,0.08416945,0.1778688,-1.026182,-1.521084,0.2276459,-0.6258109,0.02849039,11.29207,-0.113934,-0.1748684,-0.2468187,-0.2966687,2.998785,-1.896831,-0.02704459,0.1768482,-0.03147617,-1.077967,-2.437163,2.008425,-1.003618,1.667781,-0.1162765,304.6105,132.0746,111.8345
3,2.022226,0.1328563,0.0950802,0.197998,-1.027009,-1.518161,0.2239037,-0.6261747,-0.03353383,10.96634,-0.09367305,-0.1588963,-0.2415477,-0.2947374,3.005981,-1.903234,-0.03673258,0.1641296,-0.0389147,-1.077902,-2.435335,2.008229,-1.004442,1.666736,-0.116882,304.5606,132.0571,111.7808
3,2.033337,0.13189,0.08335955,0.1991397,-1.027123,-1.515457,0.2211308,-0.6266269,-0.04105043,10.96634,-0.08306135,-0.1311654,-0.2500256,-0.2923149,3.01073,-1.907341,-0.0357979,0.1545942,-0.05174752,-1.078167,-2.433378,2.007679,-1.005238,1.665643,-0.1177185,304.5042,131.9776,111.6904
3,2.044448,0.1268928,0.04383134,0.1887462,-1.026192,-1.513495,0.2188474,-0.6270455,-0.03802845,10.96634,-0.09258534,-0.08860138,-0.2338813,-0.2902025,3.012822,-1.908074,-0.01774276,0.1374997,-0.05090096,-1.078254,-2.43168,2.006633,-1.005944,1.664425,-0.1186972,304.4048,131.8844,111.5775
3,2.055559,0.1291878,0.02250545,0.1824853,-1.025541,-1.511593,0.21658,-0.6261459,0.08249904,10.96634,-0.09993765,-0.07374038,-0.2135522,-0.288758,3.015983,-1.909919,-0.01779747,0.1247312,-0.05202447,-1.078313,-2.43013,2.006149,-1.006617,1.663054,-0.1197547,304.3309,131.8241,111.4089
3,2.06667,0.1389517,0.001234896,0.1751568,-1.02462,-1.509768,0.2138167,-0.6258929,0.02234481,10.96634,-0.101944,-0.05357414,-0.1868538,-0.2875351,3.01754,-1.91022,-0.008229151,0.1215077,-0.05317733,-1.078309,-2.428573,2.005266,-1.007308,1.661601,-0.1208173,304.2905,131.968,111.0029
3,2.077781,0.1487136,-0.02013616,0.1507745,-1.023919,-1.508949,0.2112046,-0.6258961,-0.0004029514,9.554832,-0.1051324,-0.06102443,-0.1857758,-0.2860235,3.022384,-1.913642,-0.007227659,0.124761,-0.06382072,-1.078477,-2.426333,2.004195,-1.007999,1.660144,-0.1217948,304.2813,132.2811,110.4374
3,2.088892,0.1456435,-0.0373553,0.1285191,-1.022915,-1.508126,0.2092818,-0.6264282,-0.04861072,9.554832,-0.09225631,-0.02592403,-0.164436,-0.2846221,3.021482,-1.912113,-0.01376077,0.1323416,-0.08505462,-1.079234,-2.423724,2.003361,-1.008664,1.658784,-0.1226172,304.2449,132.6266,109.8778
3,2.100003,0.140466,-0.05668459,0.1116039,-1.021638,-1.507457,0.2075263,-0.6268101,-0.03452344,9.554832,-0.06655876,0.0187655,-0.1367323,-0.2834514,3.016632,-1.907634,-0.02014054,0.1334239,-0.08393568,-1.07945,-2.42171,2.002798,-1.009337,1.657546,-0.1232351,304.2475,132.8113,109.5278
3,2.111114,0.1224895,-0.07624234,0.07659066,-1.020351,-1.507912,0.2069159,-0.6260895,0.06606118,9.554832,-0.0600816,0.0261784,-0.1207479,-0.2825971,3.016079,-1.906682,-0.02110834,0.1312406,-0.06902973,-1.079195,-2.419934,2.002321,-1.010149,1.656447,-0.1236191,304.2739,132.8754,109.3435
3,2.122225,0.1162813,-0.09995207,0.03944154,-1.019217,-1.509297,0.2063012,-0.6258881,0.01781317,9.554832,-0.05366266,-0.006852247,-0.1176753,-0.2817039,3.020416,-1.91039,-0.01252078,0.1215687,-0.05635368,-1.079017,-2.41865,2.001643,-1.011059,1.655481,-0.1237606,304.2403,133.0727,109.124
3,2.133336,0.1141307,-0.09790961,0.02877251,-1.018243,-1.509452,0.2049728,-0.6253411,0.04989751,9.880565,-0.04193915,-0.03665712,-0.1210148,-0.2806279,3.025836,-1.915561,-0.01570572,0.1183793,-0.05314551,-1.078932,-2.416962,2.001144,-1.011992,1.654632,-0.1236864,304.1943,133.3657,108.9049
3,2.144447,0.1183633,-0.09581859,0.01703679,-1.01729,-1.509834,0.2037542,-0.6258215,-0.04426241,9.880565,-0.02275388,-0.05050189,-0.120083,-0.2797177,3.030716,-1.920465,-0.01889775,0.1002432,-0.04467731,-1.078929,-2.41616,2.001057,-1.012949,1.653973,-0.1234516,304.1768,133.7371,108.6333
3,2.155558,0.1247852,-0.1000548,0.01279916,-1.016077,-1.510017,0.2023171,-0.6259845,-0.01444566,9.880565,-0.008781053,-0.048432,-0.09564772,-0.2793954,3.032419,-1.922396,-0.02104603,0.08211817,-0.03835346,-1.079033,-2.415476,2.001105,-1.013896,1.653522,-0.1230277,304.1923,133.9944,108.4767
3,2.166669,0.1228021,-0.1193714,-0.006249737,-1.014374,-1.511148,0.2016098,-0.6260112,-0.002393659,9.880565,-0.0001420081,-0.01973699,-0.07004336,-0.2791483,3.0305,-1.920806,-0.02626773,0.06713403,-0.01813721,-1.07856,-2.415327,2.001481,-1.014777,1.653175,-0.1224935,304.1445,134.0821,108.5867
3,2.17778,0.1165484,-0.136558,-0.02105466,-1.012666,-1.512436,0.2011326,-0.6261235,-0.01022586,16.17807,0.007456761,0.00789276,-0.04123466,-0.2791467,3.026672,-1.917491,-0.01761995,0.05743112,0.003056359,-1.077866,-2.415027,2.001369,-1.015518,1.652839,-0.1219306,304.0775,134.1973,108.7051
3,2.188891,0.09969248,-0.1613524,-0.04324873,-1.010429,-1.514273,0.2015225,-0.6259035,0.02020634,16.17807,0.008637857,0.03552837,-0.01665443,-0.2792362,3.022127,-1.913285,-0.004786743,0.04561902,0.01462521,-1.077358,-2.415066,2.001084,-1.016154,1.652484,-0.1214497,304.0596,134.3471,108.761
3,2.200002,0.08797801,-0.1636935,-0.06026846,-1.00878,-1.516026,0.2017643,-0.6257401,0.01474326,16.17807,0.001210358,0.04189967,-0.01020797,-0.2790726,3.019913,-1.910977,-0.0005793907,0.03069717,0.01558894,-1.077226,-2.414906,2.001064,-1.016689,1.652094,-0.1210621,304.1176,134.5605,108.663
3,2.211113,0.09123679,-0.1700938,-0.06554893,-1.006966,-1.5173,0.2010958,-0.6251962,0.049672,16.17807,0.02267538,0.04075894,0.02165155,-0.2799509,3.016988,-1.908958,0.0004949924,0.02855377,0.01770206,-1.07689,-2.414754,2.000959,-1.017154,1.651709,-0.1207578,304.2037,134.8102,108.4568
3,2.222224,0.08806817,-0.1744511,-0.07617115,-1.005187,-1.519116,0.2011725,-0.6253203,-0.01170988,16.17807,0.03649452,0.02054443,0.0140695,-0.2800133,3.017986,-1.910691,-0.006026015,0.01155187,0.01022865,-1.077,-2.415238,2.001673,-1.01762,1.651431,-0.120554,304.3026,135.1159,108.1709
3,2.233335,0.08695599,-0.1692301,-0.09433764,-1.004227,-1.521673,0.2013067,-0.6260628,-0.06768755,12.26927,0.05254362,0.02156996,0.02891449,-0.2806461,3.016418,-1.910085,-0.01780663,0.0009635403,0.007080509,-1.076985,-2.415352,2.002283,-1.018035,1.651264,-0.1203859,304.3974,135.3329,107.9619
3,2.244446,0.07944719,-0.1640159,-0.1018221,-1.002833,-1.52362,0.2016455,-0.6257182,0.03205916,12.26927,0.06107722,0.005590942,0.02989298,-0.2811153,3.017099,-1.91165,-0.01458794,-0.004396717,0.01235917,-1.076848,-2.41568,2.002532,-1.018375,1.651132,-0.120204,304.5029,135.4207,107.8903
3,2.255557,0.0676919,-0.1598633,-0.1039837,-1.001599,-1.525627,0.2022383,-0.6260277,-0.02858127,12.26927,0.06001579,0.003465377,0.02882699,-0.2813683,3.016541,-1.911815,-0.009194626,-0.002326915,0.02086435,-1.076164,-2.416013,2.002682,-1.018656,1.651024,-0.1199536,304.6257,135.5371,107.7628
3,2.266668,0.03471155,-0.1654917,-0.1071142,-0.9999152,-1.5276,0.2038314,-0.6255595,0.04310747,12.26927,0.06001619,0.002400089,0.02882402,-0.2816623,3.016113,-1.912054,0.01112756,-0.01204692,0.03558064,-1.075535,-2.416739,2.002332,-1.018991,1.651017,-0.1195714,304.745,135.6427,107.6233
3,2.277779,0.02307112,-0.1751628,-0.1070631,-0.9982721,-1.529861,0.2051199,-0.6253294,0.02062271,12.48643,0.06000479,-0.009298239,0.02560456,-0.2820096,3.016598,-1.913178,0.01095834,-0.04718005,0.03009962,-1.07602,-2.418323,2.003133,-1.019368,1.651116,-0.1190602,304.7984,135.8106,107.5294
3,2.28889,0.008323148,-0.1955408,-0.1090488,-0.9958923,-1.532003,0.2066576,-0.6243984,0.08509035,12.48643,0.05366541,0.007712692,0.03741125,-0.2826141,3.013362,-1.910491,-0.001074314,-0.08218385,0.004471468,-1.077398,-2.419958,2.004237,-1.019789,1.651348,-0.1184923,304.8243,136.0382,107.4689
3,2.300001,0.003000714,-0.1944993,-0.1058616,-0.9940606,-1.533941,0.2076328,-0.6249112,-0.0475242,12.48643,0.05801304,0.01725159,0.0555265,-0.2835116,3.010544,-1.908554,-0.01929697,-0.09808468,-0.001850665,-1.07822,-2.421504,2.005837,-1.020173,1.65173,-0.11793,304.8564,136.3354,107.3715
3,2.311112,-0.01418137,-0.1786369,-0.1016891,-0.9927961,-1.535507,0.2091098,-0.6248245,0.00857239,12.48643,0.05499861,0.05868842,0.09508137,-0.2850589,3.001918,-1.900842,-0.02457485,-0.1002283,0.00563119,-1.078459,-2.422693,2.006793,-1.020426,1.652237,-0.117388,304.9351,136.5669,107.3222
3,2.322223,-0.04200437,-0.1639528,-0.1006949,-0.991579,-1.537166,0.2111636,-0.625388,-0.05158577,12.48643,0.04552927,0.08204977,0.1207611,-0.2864512,2.994062,-1.893578,-0.006093934,-0.08982617,0.04921338,-1.077233,-2.42424,2.007167,-1.020508,1.652836,-0.116913,305.0496,136.7148,107.3478
3,2.333334,-0.05705056,-0.1480784,-0.09651106,-0.9904594,-1.538439,0.212834,-0.6248628,0.0485508,11.40065,0.0423414,0.07246413,0.1207596,-0.2875932,2.990848,-1.890962,-0.0006538406,-0.08883546,0.06409029,-1.076646,-2.425604,2.007708,-1.020466,1.653486,-0.1165411,305.1756,136.6837,107.5028
3,2.344445,-0.07001503,-0.124614,-0.07534561,-0.9897527,-1.538957,0.2142455,-0.6244112,0.04095052,11.40065,0.03370203,0.0597454,0.09626503,-0.2879207,2.989191,-1.889511,-0.003709562,-0.09103891,0.08328025,-1.075739,-2.427416,2.008671,-1.020337,1.654166,-0.1163028,305.27,136.6,107.6694
3,2.355556,-0.07220536,-0.1171037,-0.06474911,-0.988803,-1.53994,0.2156399,-0.6247137,-0.02787335,11.40065,0.03672437,0.03322741,0.05676417,-0.2876576,2.990269,-1.891213,-0.009054355,-0.1027555,0.08647408,-1.075409,-2.429486,2.009997,-1.020161,1.654889,-0.1162287,305.3704,136.5358,107.7889
3,2.366668,-0.06915019,-0.09886368,-0.04889034,-0.9882863,-1.540177,0.2164522,-0.6247659,-0.004336477,11.40065,0.03985076,0.02048672,0.04179867,-0.2877556,2.990623,-1.89208,-0.01023271,-0.1144283,0.07684421,-1.075613,-2.431446,2.01107,-1.019933,1.655634,-0.1163203,305.4766,136.448,107.9017
3,2.377779,-0.05642721,-0.09123012,-0.03617707,-0.9872999,-1.540801,0.2171542,-0.6251824,-0.03801391,10.96634,0.04088838,0.03221209,0.03650252,-0.2879388,2.9883,-1.890399,-0.01032127,-0.1026369,0.06091798,-1.075698,-2.432309,2.011658,-1.019606,1.656332,-0.116542,305.5763,136.302,108.035
3,2.38889,-0.05544429,-0.08050647,-0.02665965,-0.9867288,-1.540985,0.2178434,-0.6255068,-0.0292573,10.96634,0.03775632,0.05986691,0.05150953,-0.2884326,2.982386,-1.88506,-0.007189967,-0.1047456,0.05342734,-1.075886,-2.433715,2.012337,-1.019185,1.656931,-0.1168481,305.7057,136.1297,108.1588
3,2.400001,-0.03857821,-0.05564167,0.007257183,-0.9865052,-1.539799,0.2171494,-0.6259206,-0.03754809,10.96634,0.02511059,0.09281167,0.08149673,-0.2895703,2.973163,-1.876189,-0.003915109,-0.1090787,0.06724485,-1.075203,-2.435761,2.013456,-1.018717,1.657404,-0.1172236,305.8098,135.9279,108.3235
3,2.411112,-0.0270303,-0.03194287,0.03371416,-0.9863576,-1.538868,0.2165773,-0.6257624,0.0147637,10.96634,0.01972794,0.1013573,0.07089745,-0.2896981,2.968629,-1.871944,0.0004297718,-0.1134099,0.07997662,-1.074674,-2.437792,2.014304,-1.018266,1.657705,-0.1176853,305.9282,135.758,108.4735
3,2.422223,-0.0165491,-0.01047136,0.04528415,-0.9866181,-1.537817,0.2159025,-0.6263734,-0.05600931,10.96634,0.008870548,0.1078575,0.0304878,-0.2885514,2.964872,-1.868136,-0.009184815,-0.1251026,0.08212914,-1.074522,-2.43996,2.015789,-1.017869,1.657835,-0.1181858,306.0135,135.6276,108.5124
3,2.433334,-0.008086633,-0.002897147,0.05161559,-0.9866575,-1.537057,0.2154023,-0.6264346,-0.005126683,10.64061,0.008774439,0.1164374,0.01132942,-0.2876459,2.960016,-1.863613,-0.01338743,-0.1187293,0.08752142,-1.074008,-2.441866,2.017045,-1.017537,1.657745,-0.1187149,306.035,135.4578,108.5915
3,2.444445,0.004707413,-0.003839601,0.0537411,-0.9864423,-1.5363,0.2145704,-0.6264192,0.001390573,10.64061,0.002341719,0.1121975,0.002827287,-0.2871228,2.956427,-1.860035,-0.01228891,-0.1112806,0.08861081,-1.073537,-2.443435,2.017896,-1.017309,1.657423,-0.1192667,306.0317,135.3648,108.5908
3,2.455556,0.02182541,-0.01111555,0.05801873,-0.9860892,-1.535823,0.2134886,-0.6263531,0.005988038,10.64061,-0.004028564,0.1089911,0.007124215,-0.2872438,2.951908,-1.855482,-0.01652658,-0.09420785,0.08339818,-1.073041,-2.444591,2.018626,-1.017163,1.656911,-0.1197874,306.0039,135.4196,108.4063
3,2.466667,0.04010289,-0.03010102,0.06345244,-0.9850671,-1.535035,0.2120846,-0.6266248,-0.02493465,10.64061,-0.007240461,0.09515289,0.002840467,-0.2870046,2.949628,-1.853134,-0.02292976,-0.06109302,0.06761198,-1.072628,-2.444522,2.018991,-1.017073,1.656278,-0.1202273,305.9734,135.5861,108.1147
3,2.477778,0.05187305,-0.03638711,0.06454988,-0.9843342,-1.534282,0.2108329,-0.6269789,-0.03225664,10.64061,-0.009469066,0.09307681,-0.01738706,-0.2860975,2.946971,-1.850485,-0.0303738,-0.042925,0.06136319,-1.072063,-2.444823,2.019646,-1.017082,1.655623,-0.1205913,305.9523,135.7783,107.8289
3,2.488889,0.06266591,-0.05228396,0.06250304,-0.9832897,-1.533967,0.2095588,-0.6270551,-0.006737686,11.83496,-0.00743977,0.09313408,-0.03763802,-0.2848187,2.944395,-1.847965,-0.03467789,-0.03861706,0.05395779,-1.07183,-2.445357,2.02038,-1.017201,1.654979,-0.1208616,305.9484,135.9345,107.6144
3,2.5,0.07778401,-0.07777797,0.05413134,-0.9817285,-1.533973,0.2083924,-0.6268037,0.02285924,11.83496,0.009435438,0.08259101,-0.0729014,-0.2830919,2.94344,-1.847663,-0.0400078,-0.03432304,0.05189241,-1.071347,-2.445936,2.021241,-1.017364,1.654285,-0.1210207,305.9407,136.0615,107.4833
3,2.511111,0.09283178,-0.09362812,0.05421866,-0.9802403,-1.533662,0.2068291,-0.6269283,-0.01163529,11.83496,0.0147417,0.07940914,-0.07719813,-0.2819393,2.941677,-1.846282,-0.04426839,-0.02683792,0.04876197,-1.070988,-2.446248,2.021984,-1.017583,1.653563,-0.1211121,305.9125,136.2232,107.3414
3,2.522222,0.1078371,-0.1041465,0.05533906,-0.978684,-1.533292,0.2050128,-0.6269044,0.002241976,11.83496,0.0008616075,0.08368459,-0.08350056,-0.2807648,2.938972,-1.843322,-0.04843083,-0.01299486,0.05524383,-1.070159,-2.446276,2.022604,-1.017835,1.652808,-0.1211293,305.9122,136.4158,107.1678
3,2.533333,0.1164615,-0.1168773,0.05116539,-0.9771655,-1.532853,0.2033648,-0.627004,-0.009251774,10.09772,-0.01185779,0.1006827,-0.06847002,-0.2801065,2.933493,-1.837496,-0.04931346,0.003992728,0.0713126,-1.068664,-2.446292,2.023132,-1.018108,1.65202,-0.121089,305.9254,136.6476,106.9794
3,2.544444,0.1229463,-0.1285889,0.04377847,-0.9754291,-1.532926,0.20189,-0.6271105,-0.009751026,10.09772,-0.02132981,0.1197857,-0.04386696,-0.2798327,2.926647,-1.830385,-0.05145365,0.01574592,0.06498854,-1.067929,-2.446075,2.023656,-1.018398,1.651202,-0.1210265,305.925,136.869,106.8113
3,2.555555,0.1293595,-0.1328349,0.04168169,-0.9734381,-1.532707,0.2003736,-0.6267899,0.02930347,10.09772,-0.01909115,0.1357125,-0.02252553,-0.2796745,2.919297,-1.823344,-0.04727907,0.02857227,0.05010363,-1.067515,-2.445703,2.024119,-1.018709,1.65033,-0.1209643,305.9239,137.0541,106.6729
3,2.566666,0.1368163,-0.1327714,0.04167465,-0.9718839,-1.532514,0.1985514,-0.6267579,0.002603005,10.09772,-0.01270113,0.1122846,-0.02475365,-0.2792048,2.917516,-1.821655,-0.04842941,0.03502823,0.03629137,-1.067241,-2.445146,2.024423,-1.019066,1.649409,-0.1209383,305.9234,137.2559,106.5069
3,2.577777,0.1378859,-0.1338575,0.03635196,-0.97045,-1.532546,0.1970356,-0.626547,0.0192304,10.09772,-0.006436951,0.07401673,-0.05364991,-0.2779824,2.919367,-1.823587,-0.04745175,0.04147657,0.02353742,-1.066854,-2.444515,2.024782,-1.019428,1.648438,-0.1209543,305.9142,137.5335,106.2985
3,2.588888,0.1357425,-0.1328381,0.03208598,-0.9689869,-1.532607,0.1956129,-0.6267622,-0.0199354,11.07492,-0.008686602,0.04958556,-0.07927439,-0.2764713,2.921357,-1.825345,-0.04532536,0.05001039,0.01929709,-1.066416,-2.443763,2.024888,-1.019728,1.647398,-0.1210735,305.9,137.869,106.0659
3,2.599999,0.1293675,-0.1350868,0.02251712,-0.9674172,-1.533055,0.1945407,-0.6265278,0.02156572,11.07492,-0.001283735,0.05707403,-0.08994435,-0.2749927,2.919392,-1.823632,-0.04205053,0.07342497,0.02044255,-1.065531,-2.442577,2.02481,-1.020015,1.646346,-0.1212702,305.9344,138.1366,105.7569
3,2.61111,0.1208966,-0.1426973,0.009771518,-0.9657986,-1.533629,0.1937721,-0.6263552,0.01557524,11.07492,0.006260075,0.07832958,-0.06967656,-0.2745469,2.913991,-1.818608,-0.03450386,0.08295489,0.02788351,-1.064577,-2.441626,2.024551,-1.020333,1.645331,-0.1214835,305.9813,138.3503,105.4248
3,2.622221,0.1177194,-0.1459746,0.002357826,-0.9640206,-1.534311,0.1929407,-0.6261646,0.01727355,11.07492,-0.002182983,0.09532319,-0.05254152,-0.2740893,2.908476,-1.81306,-0.03340323,0.08291938,0.03213841,-1.063795,-2.441145,2.024639,-1.020715,1.644413,-0.1216666,306.0359,138.5738,105.0855
3,2.633332,0.1134453,-0.1472196,-0.01894322,-0.9625064,-1.535748,0.1926264,-0.6258945,0.02455031,10.64061,-0.024538,0.0878583,-0.0503202,-0.2732973,2.906063,-1.809878,-0.0366437,0.07655235,0.02894158,-1.063273,-2.440616,2.024864,-1.021192,1.643644,-0.1217778,306.0929,138.8191,104.7689
3,2.644443,0.1124223,-0.1537099,-0.03274939,-0.9607838,-1.537085,0.1921657,-0.6259925,-0.009167868,10.64061,-0.02332174,0.1005559,-0.01939675,-0.2735098,2.900454,-1.804227,-0.04100429,0.07876503,0.01513172,-1.063045,-2.439395,2.024848,-1.021698,1.643039,-0.1217975,306.1267,139.1185,104.4808
3,2.655554,0.1050259,-0.1623647,-0.04334017,-0.9589303,-1.538456,0.1920182,-0.625927,0.00608958,10.64061,-0.02325618,0.1069089,-0.005525965,-0.2735455,2.895224,-1.798994,-0.03686512,0.07989082,-0.0008824281,-1.063084,-2.438076,2.024532,-1.022175,1.642587,-0.1217185,306.1646,139.3952,104.278
3,2.666665,0.09439494,-0.1656927,-0.04970116,-0.9571401,-1.539817,0.1920443,-0.6260144,-0.008057914,10.64061,-0.03170787,0.118582,0.009463675,-0.2736494,2.888912,-1.792336,-0.02936711,0.07984248,0.00438606,-1.06253,-2.437235,2.02425,-1.022614,1.642288,-0.1215546,306.218,139.6206,104.1571
3,2.677776,0.07622367,-0.1583772,-0.04759318,-0.9557227,-1.540488,0.1920768,-0.6257422,0.02495535,10.64061,-0.01889085,0.1089823,0.01575821,-0.273652,2.885311,-1.788945,-0.0250524,0.09045743,0.007600654,-1.061753,-2.436254,2.024036,-1.023038,1.642132,-0.1213225,306.2888,139.7801,104.1007
3,2.688887,0.05465374,-0.127664,-0.04670853,-0.9551544,-1.541275,0.1924997,-0.6255627,0.0162215,7.817589,-0.01485439,0.05904969,-0.03340678,-0.2722225,2.88899,-1.79247,-0.02286489,0.1000238,0.01082187,-1.060971,-2.434936,2.02361,-1.023496,1.642117,-0.1210796,306.3614,139.909,104.0916
3,2.699998,0.04279778,-0.1117992,-0.04893168,-0.9544604,-1.542205,0.1928842,-0.6252031,0.03281589,7.817589,-0.007461984,0.04524257,-0.04733179,-0.2712866,2.889328,-1.792895,-0.02388184,0.1074677,0.01406196,-1.060133,-2.433691,2.023342,-1.023951,1.642178,-0.1208391,306.4241,139.9927,104.1369
3,2.711109,0.0406156,-0.1064947,-0.04896558,-0.9534484,-1.543162,0.1931095,-0.6249368,0.02412546,7.817589,0.002087787,0.04846122,-0.05269154,-0.2706432,2.886525,-1.790351,-0.01737024,0.1020312,0.03210369,-1.058957,-2.433229,2.023186,-1.024374,1.642265,-0.1206633,306.4299,140.0411,104.2462
3,2.72222,0.05351618,-0.1191064,-0.0393072,-0.9518649,-1.543772,0.1925545,-0.6251494,-0.01952733,7.817589,-0.01496673,0.06017549,-0.05363797,-0.2698064,2.88362,-1.78694,-0.01729802,0.08918202,0.04696124,-1.057849,-2.433015,2.023261,-1.024693,1.642323,-0.1205873,306.4152,140.087,104.3422
3,2.733331,0.06953488,-0.1221393,-0.03293368,-0.9503064,-1.544833,0.1918595,-0.6254545,-0.02761346,8.034744,-0.02549782,0.08992775,-0.02686522,-0.2698698,2.876551,-1.779533,-0.01726358,0.06248588,0.06175396,-1.056965,-2.433497,2.023572,-1.024921,1.642365,-0.1206156,306.452,140.1451,104.3379
3,2.744442,0.08446147,-0.1219153,-0.01803363,-0.948912,-1.544946,0.190579,-0.6261225,-0.06083735,8.034744,-0.03711339,0.1164927,-0.004360598,-0.2699668,2.869015,-1.771532,-0.02373954,0.04974739,0.05642119,-1.056437,-2.433544,2.024034,-1.025057,1.64238,-0.120722,306.5369,140.1849,104.3048
3,2.755553,0.08547744,-0.1133466,-0.01171947,-0.9479623,-1.545569,0.1897476,-0.6265896,-0.0421818,8.034744,-0.02960939,0.1409721,0.00525257,-0.26971,2.861025,-1.763853,-0.02809613,0.04768752,0.04472055,-1.056159,-2.432925,2.024123,-1.025161,1.642333,-0.1209067,306.6462,140.178,104.3195
3,2.766664,0.08328261,-0.1047807,-0.002185186,-0.9469919,-1.545482,0.1888463,-0.6266099,-0.001614778,8.034744,-0.02007156,0.1441987,-0.004374452,-0.2691359,2.854722,-1.757842,-0.0324273,0.05628039,0.03200787,-1.055805,-2.432042,2.024191,-1.025037,1.642736,-0.1209654,306.2052,139.4091,104.9663
