loc,t,aDotS,bDotS,gDotS,aS,bS,gS,xS,yS,zS,qE,qDotE,aDotSH,bDotSH,gDotSH,aSH,bSH,gSH,xSH,ySH,zSH,aDotUB,bDotUB,gDotUB,aUB,bUB,gUB,xUB,yUB,zUB,xHand,yHand,zHand,aHand,bHand,gHand,enable
0,0,0.1523853,-0.2150375,0.1383431,-1.518139,-4.591706,3.108092,0.2970205,1.171667,0.5043867,-1.758786,-0.0450406,-0.2047665,0.19663,-0.1653877,-0.9821296,-3.608155,-0.5219977,0.2370445,1.369756,0.4217353,0.2507824,0.2060557,0.2771807,-0.8646597,0.6454645,-0.4598528,0.3699674,1.506303,0.3069663,0.0280004,1.126592,0.3991661,280.5061,265.1409,350.8309,False
0,0.01111111,0.1523853,-0.2150375,0.1383431,-1.518139,-4.591706,3.108092,0.2970205,1.171667,0.5043867,-1.759214,-0.03875352,-0.2047665,0.19663,-0.1653877,-0.9821296,-3.608155,-0.5219977,0.2370445,1.369756,0.4217353,0.2507824,0.2060557,0.2771807,-0.8646597,0.6454645,-0.4598528,0.3699674,1.506303,0.3069663,0.02881718,1.124224,0.3957621,282.5101,278.1904,335.8006,False
0,0.02222222,0.1523853,-0.2150375,0.1383431,-1.518139,-4.591706,3.108092,0.2970205,1.171667,0.5043867,-1.757287,0.1765049,-0.2047665,0.19663,-0.1653877,-0.9821296,-3.608155,-0.5219977,0.2370445,1.369756,0.4217353,0.2507824,0.2060557,0.2771807,-0.8646597,0.6454645,-0.4598528,0.3699674,1.506303,0.3069663,0.02996249,1.120272,0.3902912,283.8094,276.9178,334.9223,False
0,0.03333334,0.144024,-0.2054254,0.1318289,-1.52087,-4.587877,3.10539,0.2963575,1.169927,0.5033631,-1.757223,0.004391894,-0.2067077,0.2287439,-0.1073539,-0.9860748,-3.601444,-0.5228307,0.2362999,1.367769,0.4211471,0.2036227,0.201802,0.2435176,-0.8623848,0.6543964,-0.4695792,0.3683461,1.505839,0.307379,0.03129891,1.115936,0.3842123,285.3619,272.2251,337.2287,False
0,0.04444445,0.07485942,-0.1275834,0.1358238,-1.525214,-4.58479,3.103666,0.2962092,1.167077,0.5019965,-1.761506,-0.3914098,-0.06229952,0.1738727,-0.2459913,-0.9981858,-3.603202,-0.5224187,0.2355036,1.364891,0.4207771,0.2538778,0.1901096,0.2643373,-0.8568598,0.6667418,-0.4869297,0.3660228,1.505218,0.3078103,0.03229009,1.111969,0.3785702,286.6077,269.274,338.2492,False
0,0.05555556,0.05679252,-0.08592444,0.1427352,-1.527099,-4.585528,3.103747,0.2963646,1.16621,0.5015199,-1.759467,0.1897636,-0.05153729,0.1175012,-0.2674339,-1.001176,-3.606096,-0.520587,0.2352294,1.363924,0.4206445,0.2536747,0.1635489,0.2376497,-0.8556726,0.6688195,-0.4910784,0.3655046,1.504971,0.3076866,0.03281192,1.108338,0.3735493,287.058,268.7224,337.6981,False
0,0.06666667,0.05257307,-0.0656727,0.1435522,-1.528567,-4.585507,3.10321,0.2965127,1.16545,0.5009379,-1.757206,0.2046943,-0.05025544,0.05998339,-0.2685848,-1.002958,-3.609439,-0.5182362,0.2351288,1.363142,0.4203808,0.249274,0.1561412,0.2195562,-0.8548082,0.6718004,-0.4956793,0.3648747,1.504775,0.3076644,0.03352186,1.107189,0.3717321,286.4808,264.2102,342.6646,False
0,0.07777778,0.05267598,-0.03483244,0.1389779,-1.529916,-4.586284,3.102587,0.2969012,1.165068,0.5004346,-1.757262,-0.006648452,-0.05340376,0.05144637,-0.2664569,-1.00566,-3.610823,-0.5167981,0.2348779,1.362459,0.4201844,0.2331477,0.1370072,0.2004659,-0.8537828,0.6736869,-0.4988231,0.3644448,1.504604,0.3076131,0.03370135,1.106787,0.3716825,286.2595,265.3904,341.553,False
0,0.08888889,0.05809819,-0.01682274,0.1313575,-1.530835,-4.58666,3.101656,0.297186,1.164567,0.4999878,-1.758078,-0.07422564,-0.05030535,0.0929895,-0.2546905,-1.009112,-3.609297,-0.5172109,0.2347077,1.361941,0.4198756,0.2278601,0.1327285,0.2058218,-0.8521774,0.6768608,-0.5032415,0.363973,1.504518,0.3075209,0.03347417,1.106516,0.3722278,286.3943,269.7328,337.2269,False
0,0.1,0.08060098,0.002185762,0.119599,-1.531682,-4.587495,3.099742,0.297442,1.164247,0.4994965,-1.758425,-0.03094446,-0.0397297,0.1249778,-0.2472338,-1.012537,-3.608025,-0.5180035,0.2345052,1.361399,0.419558,0.2182808,0.1295223,0.2069626,-0.8506019,0.6799971,-0.5073937,0.3635088,1.504362,0.3074522,0.03329622,1.106333,0.3727948,286.5536,272.2451,334.7845,False
0,0.1111111,0.1179418,-0.002247265,0.1113621,-1.532477,-4.587197,3.096841,0.2977429,1.163899,0.4990759,-1.758821,-0.03594,-0.03759222,0.151586,-0.2248345,-1.015349,-3.606062,-0.5187217,0.2343847,1.361056,0.4192524,0.2010085,0.1199969,0.1783144,-0.8502659,0.6815972,-0.5099253,0.363223,1.504394,0.3073385,0.03327658,1.106225,0.3730828,286.5919,273.7884,333.4689,False
0,0.1222222,0.1520909,-0.00134463,0.1030583,-1.533263,-4.587199,3.093847,0.2981188,1.163713,0.4987142,-1.759872,-0.09586586,-0.03532172,0.1494271,-0.1982116,-1.01702,-3.605184,-0.5189071,0.2343379,1.360683,0.4190071,0.1803608,0.1020015,0.1251625,-0.8510494,0.681397,-0.5110401,0.3629102,1.504287,0.3071153,0.03343002,1.106126,0.3730755,286.4671,274.1739,333.2375,False
0,0.1333333,0.1638083,0.006109209,0.1051956,-1.53453,-4.58761,3.091622,0.2985544,1.16348,0.4982998,-1.760833,-0.08703861,-0.01568241,0.1014869,-0.141911,-1.015974,-3.605509,-0.5194829,0.2344621,1.360574,0.4188521,0.1502601,0.08929424,0.09021474,-0.8515394,0.6817702,-0.5117373,0.3626942,1.504136,0.3068914,0.03367953,1.106031,0.3728962,286.2431,274.1199,333.4725,False
0,0.1444445,0.1670159,0.02104653,0.1082578,-1.535785,-4.58847,3.089693,0.2989655,1.163271,0.497875,-1.760843,-0.0004580964,0.008064359,0.04509041,-0.1229281,-1.015736,-3.607559,-0.5194432,0.2345302,1.360397,0.4186683,0.1459235,0.08611552,0.08064837,-0.8514706,0.6829858,-0.5140087,0.3624393,1.504144,0.3066406,0.0340254,1.105913,0.3727024,285.937,274.0248,333.774,False
0,0.1555556,0.1670159,0.02104653,0.1082578,-1.535785,-4.58847,3.089693,0.2989655,1.163271,0.497875,-1.759888,0.08708622,0.008064359,0.04509041,-0.1229281,-1.015736,-3.607559,-0.5194432,0.2345302,1.360397,0.4186683,0.1459235,0.08611552,0.08064837,-0.8514706,0.6829858,-0.5140087,0.3624393,1.504144,0.3066406,0.03439767,1.105784,0.3725938,285.6335,274.0146,333.9483,False
0,0.1666667,0.1702173,0.02959009,0.110324,-1.53707,-4.589314,3.087672,0.29952,1.16309,0.4975176,-1.757484,0.2189779,0.02627619,0.01639929,-0.1230529,-1.016477,-3.609237,-0.5194621,0.2346556,1.360063,0.4185023,0.1425477,0.06806145,0.05719545,-0.8516842,0.6828198,-0.515343,0.3621778,1.504031,0.3063629,0.03467893,1.105664,0.3726175,285.4372,274.4307,333.7143,False
0,0.1777778,0.1746435,0.04002309,0.08999605,-1.538129,-4.590519,3.083621,0.3005598,1.162714,0.4967175,-1.76123,-0.3442444,0.07727562,0.003867187,-0.1606022,-1.020556,-3.612371,-0.5213375,0.2348453,1.359343,0.4180496,0.1184464,0.02956159,0.1073564,-0.8478338,0.6843587,-0.518119,0.3618208,1.503856,0.3057842,0.03479226,1.105609,0.3727337,285.3947,275.0211,333.2646,False
0,0.1888889,0.1694622,0.05477995,0.07382149,-1.538071,-4.591673,3.081965,0.301148,1.16263,0.4962802,-1.759702,0.1427893,0.08552435,0.03271339,-0.1957514,-1.024458,-3.612777,-0.5224592,0.23496,1.359049,0.4177191,0.1078943,0.02419731,0.1202004,-0.8463851,0.6855685,-0.5196474,0.361638,1.503863,0.3053234,0.03530164,1.10548,0.372848,285.3644,275.7903,332.6682,False
0,0.2,0.1631342,0.06965985,0.06829672,-1.538455,-4.593208,3.080576,0.3018627,1.162525,0.4958847,-1.759201,0.0441846,0.06837457,0.0486403,-0.2041632,-1.027259,-3.612998,-0.5223079,0.2351667,1.358838,0.4174275,0.0917262,0.01146556,0.09578931,-0.8462114,0.6850065,-0.5195766,0.3617432,1.503745,0.3048649,0.0357828,1.105327,0.3728879,285.0437,276.3112,332.4145,False
0,0.2111111,0.1525757,0.08770505,0.06056618,-1.538464,-4.594788,3.079342,0.3025168,1.162472,0.4954503,-1.758874,0.02967754,0.04398444,0.06234898,-0.172067,-1.028313,-3.612159,-0.5223455,0.235407,1.3589,0.4170864,0.09143354,-0.008680739,0.05738661,-0.8465773,0.6832525,-0.5194602,0.3618271,1.50367,0.3042879,0.03625999,1.105224,0.3729403,284.8562,276.5624,332.336,False
0,0.2222222,0.1409524,0.1079094,0.05388956,-1.538653,-4.596884,3.078279,0.3030406,1.162584,0.4951212,-1.758607,0.02413731,0.04095162,0.06016045,-0.1400961,-1.028763,-3.611691,-0.5229002,0.2356952,1.358916,0.4167747,0.08155489,-0.03202179,0.01905154,-0.8471068,0.6808214,-0.5183446,0.3619932,1.503726,0.3037665,0.03667524,1.105141,0.3730387,284.6444,276.7648,332.2865,False
0,0.2333333,0.1218352,0.1099852,0.04519905,-1.538491,-4.598007,3.077786,0.3037536,1.162767,0.4948356,-1.758479,0.01159889,0.05293043,0.05055013,-0.0954272,-1.028152,-3.61119,-0.5244033,0.2361377,1.359144,0.4165764,0.06866553,-0.04476985,0.005263854,-0.8470924,0.6794819,-0.5176426,0.3620848,1.503715,0.3033359,0.037221,1.105084,0.3731872,284.7529,277.1812,331.9496,False
0,0.2444444,0.1006209,0.1152343,0.03433293,-1.538131,-4.599257,3.077439,0.3043174,1.163142,0.4945829,-1.758382,0.008833493,0.09044941,0.01337621,-0.07542585,-1.027627,-3.612582,-0.5260923,0.236739,1.359646,0.4165695,0.05899502,-0.0681797,-0.006439662,-0.8467484,0.677053,-0.516274,0.3622765,1.503805,0.3026826,0.0375949,1.105021,0.3733328,284.559,277.5528,331.7349,False
0,0.2555556,0.07193275,0.1173263,0.0234635,-1.537906,-4.600737,3.077853,0.3048978,1.163525,0.494308,-1.757869,0.04689652,0.1161231,-0.02486247,-0.08306656,-1.027916,-3.615054,-0.527038,0.2372003,1.359954,0.4164717,0.04825492,-0.09583687,-0.01921683,-0.8464383,0.6742518,-0.5145813,0.3624979,1.503958,0.3020737,0.03803544,1.105041,0.3734997,284.7469,277.8448,331.4941,False
0,0.2666667,0.05493826,0.1204865,0.01797777,-1.537653,-4.601957,3.077802,0.3053917,1.164058,0.4942148,-1.757803,0.005712264,0.1462555,-0.1003854,-0.08118506,-1.026551,-3.619623,-0.5275485,0.2378412,1.360479,0.416321,0.04069171,-0.1394726,-0.03525195,-0.8457693,0.6697594,-0.5118009,0.3628257,1.504146,0.301327,0.03844818,1.105074,0.3736151,284.6967,277.9311,331.5128,False
0,0.2777778,0.04223041,0.1246727,0.007191557,-1.537165,-4.603557,3.077973,0.3058311,1.164443,0.4940107,-1.75722,0.05340514,0.1678255,-0.1514495,-0.06752156,-1.024984,-3.623432,-0.5283056,0.2383589,1.360933,0.4162359,0.03208125,-0.1713925,-0.04698012,-0.8450993,0.6656895,-0.5089623,0.3630662,1.504129,0.3006077,0.03900604,1.105178,0.3736899,284.9995,277.8268,331.6337,False
0,0.2888889,0.02644577,0.1318914,-0.01856796,-1.535632,-4.60502,3.078279,0.3062931,1.165025,0.493885,-1.757803,-0.05361236,0.1894566,-0.2014733,-0.04105882,-1.022222,-3.62726,-0.5293674,0.2390704,1.361582,0.4160368,0.02011609,-0.2107195,-0.08108796,-0.8454034,0.6596081,-0.5047167,0.3634897,1.504336,0.299901,0.03940219,1.105302,0.3737257,285.0384,277.5259,331.9804,False
0,0.3,-2.485607E-05,0.1498789,-0.03704199,-1.534352,-4.607375,3.079449,0.3066189,1.165712,0.4937446,-1.75784,-0.002723892,0.202464,-0.22383,-0.01346096,-1.019752,-3.630037,-0.5307422,0.2396075,1.362157,0.4158995,0.007183507,-0.237307,-0.1012868,-0.8451856,0.6540725,-0.5005686,0.3638498,1.504422,0.2990413,0.03988238,1.105452,0.3737677,285.3382,277.2133,332.2685,False
0,0.3111111,-2.485607E-05,0.1498789,-0.03704199,-1.534352,-4.607375,3.079449,0.3066189,1.165712,0.4937446,-1.75785,-0.0008902408,0.202464,-0.22383,-0.01346096,-1.019752,-3.630037,-0.5307422,0.2396075,1.362157,0.4158995,0.007183507,-0.237307,-0.1012868,-0.8451856,0.6540725,-0.5005686,0.3638498,1.504422,0.2990413,0.04017916,1.105572,0.3738079,285.3726,276.876,332.6071,False
0,0.3222222,-0.04645238,0.179241,-0.09199761,-1.530053,-4.611847,3.081999,0.3074834,1.167143,0.4937172,-1.758246,-0.03599356,0.1997356,-0.2324897,0.07497013,-1.012515,-3.632559,-0.5338591,0.2409205,1.363613,0.4153051,-0.01342505,-0.2755339,-0.150226,-0.8459308,0.6424199,-0.4918496,0.3649766,1.504811,0.2974658,0.04048606,1.105683,0.3738522,285.5886,276.5482,332.8694,False
0,0.3333333,-0.08348411,0.1981862,-0.1233354,-1.527275,-4.614693,3.084522,0.3079116,1.167989,0.4938276,-1.75634,0.1746531,0.1954584,-0.2048396,0.09313959,-1.01054,-3.632707,-0.5357316,0.2416795,1.364344,0.4150343,-0.0167686,-0.2861426,-0.1694039,-0.846547,0.6365531,-0.4876181,0.3655243,1.505014,0.2966452,0.04058328,1.105751,0.3739427,285.5764,276.3864,333.0207,False
0,0.3444445,-0.1279978,0.2139661,-0.1515043,-1.524232,-4.61729,3.087757,0.3082359,1.16884,0.4938552,-1.757157,-0.07608947,0.2071484,-0.1749906,0.1101721,-1.008538,-3.632275,-0.5387511,0.2423843,1.365203,0.4147906,-0.01682195,-0.3031651,-0.1768998,-0.8465811,0.6305156,-0.4833975,0.366224,1.505141,0.2957218,0.04078283,1.106053,0.3741282,286.0902,276.0052,333.1697,False
0,0.3555556,-0.1671475,0.2254134,-0.1870417,-1.520668,-4.620031,3.091215,0.3085171,1.169841,0.4941106,-1.75649,0.06204607,0.2200918,-0.1760523,0.1431333,-1.00504,-3.632505,-0.5415144,0.2431532,1.366143,0.4146383,-0.02643642,-0.3276727,-0.1811486,-0.8462668,0.6236,-0.4781447,0.3668731,1.505309,0.294677,0.04104044,1.10631,0.3742448,286.4505,275.4859,333.4583,False
0,0.3666667,-0.1925545,0.2316372,-0.2085854,-1.517387,-4.622549,3.094415,0.3088219,1.170902,0.4944651,-1.756003,0.04411243,0.2310567,-0.1931306,0.1941901,-1.000013,-3.632884,-0.5442436,0.2440145,1.367141,0.4144578,-0.03490946,-0.3479304,-0.175808,-0.8456394,0.6169553,-0.472991,0.3675131,1.50551,0.2937281,0.04128205,1.106575,0.3743272,286.7885,274.8389,333.8515,False
0,0.3777778,-0.2316493,0.2397941,-0.2536781,-1.512605,-4.625365,3.098739,0.3090684,1.17215,0.4949064,-1.756108,-0.009645031,0.2427944,-0.1920301,0.199464,-0.996851,-3.633525,-0.5470149,0.2449714,1.36814,0.4143,-0.04446623,-0.3756427,-0.1726062,-0.8447302,0.6095937,-0.4671387,0.368246,1.505731,0.2927871,0.04134035,1.106901,0.3745463,286.9658,273.3237,335.2553,False
0,0.3888889,-0.2834927,0.2447132,-0.3041598,-1.507,-4.627892,3.104078,0.3091625,1.173496,0.4953763,-1.756731,-0.05664535,0.265139,-0.2047053,0.1833592,-0.9943306,-3.635533,-0.549848,0.2460074,1.369297,0.4142179,-0.05211806,-0.4000882,-0.1981739,-0.8451691,0.6009715,-0.4604709,0.3690796,1.506021,0.291693,0.04124543,1.10736,0.3752366,287.1456,271.4109,337.2094,False
0,0.4,-0.3396002,0.2432357,-0.3577978,-1.500783,-4.63045,3.110326,0.3091339,1.174913,0.4960783,-1.756035,0.06437162,0.2770103,-0.2355644,0.1907109,-0.9902586,-3.638095,-0.5520067,0.2469447,1.370419,0.414144,-0.05657646,-0.421329,-0.2248245,-0.8458748,0.5922405,-0.4538956,0.3700455,1.506257,0.2906585,0.04111002,1.107963,0.376576,287.453,269.5274,339.3585,False
0,0.4111111,-0.3957372,0.2353818,-0.4081795,-1.494198,-4.632416,3.116963,0.3091328,1.176269,0.4968247,-1.755306,0.06624678,0.2805673,-0.2835408,0.2268481,-0.9839507,-3.640896,-0.5537982,0.2480183,1.371747,0.4140685,-0.06418622,-0.4489841,-0.245076,-0.8463174,0.5827273,-0.446521,0.371032,1.506478,0.2895825,0.04071206,1.109048,0.3783458,287.5538,268.7301,340.4829,False
0,0.4222222,-0.4349362,0.2351443,-0.440403,-1.487894,-4.634929,3.123645,0.3090922,1.17774,0.4976051,-1.754798,0.0462396,0.2904378,-0.2995405,0.2725902,-0.977697,-3.641728,-0.5569253,0.2490744,1.373226,0.4139547,-0.07935441,-0.4670157,-0.2780276,-0.8477151,0.5730387,-0.438575,0.3721125,1.506775,0.2885275,0.04004302,1.110747,0.3804166,287.4698,267.9233,341.6665,False
0,0.4333333,-0.4836906,0.2359412,-0.4780417,-1.48089,-4.637618,3.131267,0.3090316,1.179468,0.4985294,-1.754846,-0.004325745,0.3046308,-0.3240671,0.324689,-0.9703014,-3.642814,-0.5603123,0.2502779,1.374777,0.4139328,-0.082663,-0.4733745,-0.2929324,-0.8488666,0.5641624,-0.4317362,0.3731504,1.507009,0.2873559,0.03917111,1.113111,0.3826818,287.1798,267.0168,342.9636,False
0,0.4444444,-0.5270916,0.2538057,-0.5126102,-1.473629,-4.641034,3.139159,0.3088406,1.181186,0.4994872,-1.755374,-0.04784076,0.316887,-0.3571615,0.4087465,-0.9607103,-3.643165,-0.5642027,0.2514501,1.376508,0.4138348,-0.0947057,-0.4935097,-0.3355038,-0.8512992,0.5533252,-0.4230216,0.3743097,1.507283,0.28631,0.03826325,1.116095,0.3850093,286.6947,266.1333,344.2494,False
0,0.4555556,-0.570451,0.2812048,-0.5504749,-1.465941,-4.645281,-3.135485,0.3085693,1.183068,0.5006001,-1.755014,0.03374076,0.3278174,-0.3699676,0.4566194,-0.9523879,-3.643324,-0.5681452,0.2525095,1.378071,0.4138117,-0.1087847,-0.5072867,-0.365259,-0.8536038,0.5429317,-0.4144081,0.375474,1.507483,0.2851033,0.03738715,1.119598,0.3872971,286.0902,265.2327,345.5158,False
0,0.4666667,-0.570451,0.2812048,-0.5504749,-1.465941,-4.645281,-3.135485,0.3085693,1.183068,0.5006001,-1.755265,-0.02298811,0.3278174,-0.3699676,0.4566194,-0.9523879,-3.643324,-0.5681452,0.2525095,1.378071,0.4138117,-0.1087847,-0.5072867,-0.365259,-0.8536038,0.5429317,-0.4144081,0.375474,1.507483,0.2851033,0.0365121,1.123503,0.3894918,285.4311,264.0118,347.0173,False
0,0.4777778,-0.6646998,0.310507,-0.6259426,-1.450008,-4.65392,-3.116266,0.3079917,1.186808,0.5034797,-1.763099,-0.715827,0.3665116,-0.3646111,0.5320752,-0.9357139,-3.642106,-0.5783417,0.2549644,1.381211,0.4138026,-0.1153228,-0.5051084,-0.3843744,-0.8576242,0.5243862,-0.3994276,0.377739,1.507902,0.2830548,0.03564052,1.127641,0.3915462,284.589,263.1689,348.2088,False
0,0.4888889,-0.7250538,0.3207763,-0.678636,-1.440732,-4.658461,-3.105108,0.3074979,1.188781,0.5048592,-1.746769,1.499252,0.3664991,-0.3667357,0.5278112,-0.9286267,-3.64254,-0.5821734,0.2561158,1.382747,0.4138157,-0.1141645,-0.5093933,-0.3737502,-0.8588758,0.5153329,-0.3923619,0.3788713,1.508145,0.282136,0.03512076,1.131449,0.3932849,283.5782,262.6035,348.9763,False
0,0.5,-0.7250538,0.3207763,-0.678636,-1.440732,-4.658461,-3.105108,0.3074979,1.188781,0.5048592,-1.754208,-0.6931711,0.3664991,-0.3667357,0.5278112,-0.9286267,-3.64254,-0.5821734,0.2561158,1.382747,0.4138157,-0.1141645,-0.5093933,-0.3737502,-0.8588758,0.5153329,-0.3923619,0.3788713,1.508145,0.282136,0.03372304,1.135334,0.3952585,283.5085,258.3447,352.7815,False
0,0.5111111,-0.8012385,0.3041163,-0.764204,-1.421216,-4.66598,-3.083113,0.3063654,1.192946,0.5078495,-1.764629,-0.9451833,0.3529133,-0.3753868,0.5768762,-0.9116405,-3.64165,-0.5900132,0.2586968,1.385903,0.4139736,-0.138705,-0.5732901,-0.3811787,-0.8613063,0.4928371,-0.3737278,0.3812252,1.508516,0.2803006,0.03231302,1.139548,0.3976696,283.0582,255.9064,355.3297,False
0,0.5222223,-0.8221856,0.2907931,-0.8228047,-1.410086,-4.669502,-3.072611,0.3057699,1.194803,0.5093708,-1.744241,1.87174,0.3541201,-0.4062846,0.5821522,-0.9029304,-3.643061,-0.593143,0.2600772,1.387362,0.4141335,-0.1441652,-0.5679201,-0.3981688,-0.8638826,0.4829844,-0.3655447,0.3824302,1.508665,0.2795148,0.03152445,1.143449,0.400114,282.0994,255.0739,356.6844,False
0,0.5333334,-0.8729397,0.2999488,-0.8775771,-1.398502,-4.674261,-3.06005,0.3051411,1.196913,0.5110722,-1.754653,-0.9683869,0.3616833,-0.4318149,0.5852793,-0.8942671,-3.644275,-0.596637,0.2614356,1.38885,0.4143062,-0.1369196,-0.5252435,-0.422609,-0.8675902,0.4753264,-0.3593526,0.3836109,1.508918,0.2787151,0.02974688,1.14754,0.4027892,282.2134,250.0968,1.623587,False
0,0.5444446,-0.9206421,0.3146623,-0.908927,-1.38781,-4.679524,-3.047009,0.3045449,1.198984,0.512758,-1.756717,-0.1781345,0.3639908,-0.4467551,0.6097502,-0.8847506,-3.64452,-0.6006669,0.2627996,1.390306,0.4144726,-0.1136825,-0.5091891,-0.4483223,-0.8714545,0.466318,-0.3532702,0.3848648,1.509037,0.2778521,0.02787931,1.152164,0.4058412,282.0248,245.7006,6.168728,False
0,0.5555557,-0.9949198,0.3432417,-0.9448774,-1.376273,-4.686034,-3.031633,0.3039204,1.201323,0.5145488,-1.75539,0.122276,0.3534371,-0.4574594,0.6236395,-0.8754375,-3.644785,-0.6039218,0.2642649,1.391926,0.4146197,-0.1074228,-0.518733,-0.4643716,-0.874728,0.4561089,-0.345641,0.386112,1.509238,0.2770455,0.02631923,1.157044,0.4091277,281.4616,241.895,10.39978,False
0,0.5666668,-1.053318,0.3772473,-0.9636934,-1.365943,-4.692786,-3.016345,0.3032321,1.203502,0.51636,-1.755309,0.006570619,0.3493895,-0.4554092,0.6694704,-0.8649287,-3.643287,-0.6085744,0.2656904,1.393451,0.4148421,-0.1181241,-0.5325689,-0.4717879,-0.877845,0.4455827,-0.3371607,0.387322,1.509293,0.2762506,0.02492945,1.162048,0.412493,280.9059,237.5362,15.24104,False
0,0.577778,-1.08841,0.3975184,-0.9683899,-1.35594,-4.699524,-3.00157,0.3025558,1.205648,0.5181389,-1.753787,0.1396027,0.3676858,-0.4564714,0.7109175,-0.8543485,-3.641729,-0.614199,0.267128,1.395015,0.4150488,-0.1179227,-0.5379668,-0.4451638,-0.8793875,0.436525,-0.3300045,0.3885255,1.509374,0.275563,0.02360051,1.167148,0.4158466,280.4935,232.7205,20.48613,False
0,0.5888891,-1.08841,0.3975184,-0.9683899,-1.35594,-4.699524,-3.00157,0.3025558,1.205648,0.5181389,-1.754403,-0.0571321,0.3676858,-0.4564714,0.7109175,-0.8543485,-3.641729,-0.614199,0.267128,1.395015,0.4150488,-0.1179227,-0.5379668,-0.4451638,-0.8793875,0.436525,-0.3300045,0.3885255,1.509374,0.275563,0.02214468,1.172441,0.4191713,280.2962,227.6078,25.93949,False
0,0.6000003,-1.129859,0.4166211,-0.9784089,-1.346265,-4.705895,-2.986228,0.3017521,1.207837,0.5200105,-1.768581,-1.295556,0.3912817,-0.460682,0.7395635,-0.8437539,-3.640217,-0.6205035,0.2686273,1.396496,0.4153128,-0.1103244,-0.53269,-0.4260242,-0.8811782,0.4280366,-0.3236337,0.3896836,1.509558,0.2749681,0.02084409,1.177938,0.4223654,279.8719,223.3049,30.8384,False
0,0.6111114,-1.171281,0.4325477,-0.9926973,-1.335655,1.569782,-2.969801,0.3008711,1.210235,0.521966,-1.756477,1.117592,0.3873585,-0.5012326,0.7725308,-0.8318107,-3.640378,-0.6247387,0.2702231,1.397927,0.4159033,-0.1018953,-0.5358489,-0.4388861,-0.8844294,0.4183376,-0.3167095,0.3909193,1.509596,0.2744269,0.0206176,1.182767,0.4249288,278.7853,218.3046,36.66759,False
0,0.6222225,-1.23837,0.4464583,-0.9953732,-1.326069,1.56269,-2.95177,0.2999212,1.212608,0.5239968,-1.754347,0.1838038,0.3696094,-0.5812187,0.785289,-0.8187686,-3.643563,-0.6260996,0.271782,1.399579,0.4164488,-0.09572279,-0.5453621,-0.4666606,-0.8884044,0.4078893,-0.3092111,0.3922645,1.509662,0.2739646,0.01994406,1.186914,0.4268783,278.7323,212.0874,43.00748,False
0,0.6333337,-1.28,0.4434278,-0.9849324,-1.317098,1.556044,-2.934645,0.2989184,1.214875,0.5260348,-1.75403,0.02879048,0.3763269,-0.6408879,0.7968858,-0.8057458,-3.646419,-0.6290061,0.2733577,1.401134,0.4169769,-0.09374547,-0.5357232,-0.4868992,-0.8925984,0.398592,-0.3024717,0.3935386,1.509668,0.2735229,0.01857825,1.190903,0.428609,279.3409,207.2508,47.46783,False
0,0.6444448,-1.307768,0.4446436,-0.9765912,-1.307794,1.54853,-2.917101,0.2979419,1.217257,0.5280011,-1.753024,0.09240677,0.3817469,-0.6749594,0.790419,-0.7936204,-3.649278,-0.631546,0.2749583,1.402642,0.4174626,-0.09269512,-0.5005637,-0.486819,-0.8964791,0.3912588,-0.2968695,0.3948787,1.509657,0.2731071,0.01668413,1.195193,0.4305463,280.0609,203.8532,50.45753,False
0,0.655556,-1.354679,0.4447559,-0.9705027,-1.29882,1.541405,-2.898668,0.2968623,1.219712,0.5300417,-1.754443,-0.1300081,0.3805951,-0.6834446,0.758458,-0.7830769,-3.652219,-0.6340257,0.2764892,1.404128,0.4178269,-0.08004552,-0.47602,-0.5017613,-0.9009176,0.3835602,-0.2915791,0.3961223,1.509669,0.2727757,0.01459396,1.200126,0.4328887,280.5923,200.8024,53.39185,False
0,0.6666671,-1.398548,0.4471195,-0.95678,-1.29044,1.533898,-2.879806,0.2957494,1.222076,0.5319822,-1.755076,-0.05633564,0.3655321,-0.6228219,0.7745922,-0.772795,-3.650075,-0.6391342,0.2781848,1.405605,0.4182298,-0.07914704,-0.4589255,-0.5219648,-0.9058375,0.375609,-0.2857761,0.3974077,1.509645,0.2724445,0.01268991,1.205802,0.4356253,280.916,196.8318,57.57362,False
0,0.6777782,-1.432575,0.4525578,-0.9476723,-1.282046,1.525945,-2.860399,0.2948515,1.224519,0.5338931,-1.754731,0.03233027,0.3538432,-0.6101059,0.7906464,-0.7614989,-3.649399,-0.6431696,0.2798665,1.407047,0.4186969,-0.06958598,-0.4514635,-0.5252173,-0.9101779,0.3675246,-0.2803278,0.3986884,1.509708,0.2721858,0.01110741,1.212182,0.4386687,281.1906,191.7881,63.01275,False
0,0.6888894,-1.485919,0.4772896,-0.9311959,-1.274641,1.517256,-2.839594,0.2937887,1.226801,0.5358067,-1.754939,-0.01895965,0.3466284,-0.6261666,0.8279445,-0.7486881,-3.648947,-0.6470821,0.2815059,1.408573,0.419239,-0.06755847,-0.4578143,-0.5391015,-0.9149204,0.3588611,-0.2743522,0.3999799,1.509641,0.2719297,0.009779751,1.219198,0.4418792,281.4774,186.0585,69.20656,False
0,0.7000005,-1.509465,0.4924459,-0.9133834,-1.267308,1.508051,-2.81917,0.2926293,1.229246,0.5376022,-1.755123,-0.01628661,0.3447718,-0.6688164,0.8513346,-0.7351358,-3.65038,-0.6498542,0.2831562,1.410085,0.4196627,-0.06860268,-0.455689,-0.5369551,-0.9192454,0.3507915,-0.2686597,0.4012563,1.509604,0.271688,0.008674984,1.22671,0.4451104,281.8249,179.9469,75.81712,False
0,0.7111117,-1.521315,0.4947597,-0.8932352,-1.260408,1.499706,-2.799419,0.2913546,1.231505,0.5394475,-1.754529,0.05486142,0.3366191,-0.7647266,0.8523027,-0.7205182,-3.655778,-0.6493375,0.2847103,1.411545,0.4202695,-0.06428659,-0.4471695,-0.5316561,-0.9236562,0.3432386,-0.2636961,0.4025226,1.509517,0.2715371,0.007799209,1.234535,0.4482481,282.3179,173.8212,82.422,False
0,0.7222228,-1.523635,0.4864829,-0.8697205,-1.25384,1.491278,-2.779704,0.2899075,1.233833,0.5412493,-1.755567,-0.09498835,0.3251444,-0.8393329,0.8479919,-0.7061228,-3.661884,-0.6478893,0.2862179,1.412988,0.4208233,-0.07073992,-0.4279798,-0.5379422,-0.9285143,0.3362594,-0.2584864,0.4037331,1.509506,0.2714617,0.006946436,1.242572,0.451213,282.936,168.0681,88.60995,False
0,0.7333339,-1.516334,0.4791673,-0.8493433,-1.24759,1.483281,-2.760602,0.288476,1.236198,0.5430069,-1.7566,-0.0933056,0.2880871,-0.8927473,0.8544871,-0.6913923,-3.667292,-0.6456344,0.2876208,1.414286,0.4214556,-0.07598883,-0.4098931,-0.5272087,-0.9329149,0.3296598,-0.2535409,0.4048689,1.50949,0.2713866,0.006075507,1.250679,0.453953,283.694,162.8387,94.24224,False
0,0.7444451,-1.501691,0.4517311,-0.8191252,-1.241707,1.476044,-2.741959,0.2869582,1.238585,0.544848,-1.757139,-0.04833628,0.2462869,-0.8673046,0.8206276,-0.6797793,-3.670917,-0.6441712,0.2892514,1.415573,0.4219766,-0.07277524,-0.3800714,-0.5239659,-0.9377192,0.3238209,-0.249421,0.4059648,1.509396,0.2713842,0.005218678,1.258627,0.4564269,284.5502,158.1266,99.29866,False
0,0.7555562,-1.485944,0.4317362,-0.7921796,-1.236044,1.468518,-2.723356,0.2854466,1.241132,0.546562,-1.757948,-0.07352835,0.2194473,-0.8460693,0.7984185,-0.6680593,-3.674352,-0.6430024,0.290514,1.416827,0.4225583,-0.07062507,-0.366232,-0.519682,-0.9423319,0.3176669,-0.2450066,0.4071085,1.509384,0.2714474,0.0043183,1.266272,0.4586174,285.4602,154.2552,103.4412,False
0,0.7666674,-1.505218,0.4350816,-0.7763537,-1.230725,1.460447,-2.703221,0.2838963,1.243431,0.5482771,-1.758445,-0.04465554,0.1820573,-0.7780846,0.8327804,-0.6557837,-3.672623,-0.6450826,0.2915562,1.417902,0.4231133,-0.07045174,-0.3492425,-0.4972728,-0.9462222,0.3122247,-0.2410869,0.4081533,1.509284,0.2715149,0.003423347,1.273497,0.4605364,286.3786,151.2609,106.6276,False
0,0.7777785,-1.514958,0.4417736,-0.7509255,-1.226076,1.451754,-2.682963,0.2824367,1.245722,0.5499208,-1.758747,-0.02722863,0.1274666,-0.7037306,0.8363496,-0.644837,-3.670571,-0.6463721,0.2927105,1.41898,0.4234812,-0.06925762,-0.3333046,-0.4802016,-0.9502542,0.3068984,-0.2372453,0.4092562,1.509274,0.2717652,0.002507835,1.28029,0.462211,287.2609,149.0472,108.9522,False
0,0.7888896,-1.514958,0.4417736,-0.7509255,-1.226076,1.451754,-2.682963,0.2824367,1.245722,0.5499208,-1.757553,0.109416,0.1274666,-0.7037306,0.8363496,-0.644837,-3.670571,-0.6463721,0.2927105,1.41898,0.4234812,-0.06925762,-0.3333046,-0.4802016,-0.9502542,0.3068984,-0.2372453,0.4092562,1.509274,0.2717652,0.001535373,1.286727,0.4636996,288.1311,147.4388,110.6179,False
0,0.8000008,-1.509742,0.4226106,-0.7432355,-1.215593,1.435603,-2.643694,0.2792328,1.25018,0.55336,-1.774479,-1.548777,0.04190433,-0.5560603,0.8880955,-0.6231771,-3.660988,-0.6524034,0.2942817,1.421136,0.424603,-0.07431346,-0.3014299,-0.4438574,-0.9576525,0.2974043,-0.2299312,0.4112251,1.509224,0.2722538,0.0009779977,1.292706,0.465003,288.7763,145.7867,112.5565,False
0,0.8111119,-1.483219,0.3809834,-0.7404934,-1.209988,1.429181,-2.625959,0.2773235,1.2523,0.5550563,-1.741656,3.014084,0.02058941,-0.5189033,0.919134,-0.611686,-3.655503,-0.656233,0.2946982,1.422064,0.4250531,-0.06247714,-0.2769659,-0.4279114,-0.9612749,0.2935746,-0.2274872,0.4120289,1.509154,0.2725279,0.001300072,1.29731,0.4660209,289.6563,143.0366,115.4196,False
0,0.8222231,-1.431246,0.3052839,-0.7319117,-1.203782,1.42435,-2.609913,0.2754196,1.254562,0.5567174,-1.756192,-1.356038,-0.009135962,-0.5030742,0.9512661,-0.5994136,-3.650321,-0.6594839,0.29526,1.422998,0.4253831,-0.05500805,-0.2524722,-0.425764,-0.9652585,0.2898586,-0.2250536,0.4128571,1.509027,0.2729065,-0.0009417781,1.302952,0.4671017,290.6398,144.3713,113.5536,False
0,0.8333342,-1.359047,0.216817,-0.7230756,-1.196997,1.420317,-2.595525,0.2735276,1.25678,0.5584378,-1.760084,-0.3408872,-0.05724132,-0.4563907,0.9547577,-0.5889485,-3.643597,-0.6626014,0.2953154,1.42392,0.4258363,-0.05484515,-0.2216283,-0.4033084,-0.9685624,0.2871958,-0.2229377,0.4135467,1.508965,0.2734253,-0.003045227,1.309323,0.4685139,291.5038,144.7832,112.9964,False
0,0.8444453,-1.311267,0.1678062,-0.7137402,-1.190705,1.415867,-2.580971,0.2715789,1.258897,0.5601649,-1.761423,-0.1208704,-0.07311183,-0.4288351,1.000672,-0.5767075,-3.635313,-0.6681932,0.295569,1.424863,0.4264202,-0.05571219,-0.1961307,-0.3766022,-0.9714562,0.2847854,-0.2209257,0.4141794,1.508908,0.2739327,-0.004444238,1.315936,0.4701524,292.2603,143.6324,114.4417,False
0,0.8555565,-1.250783,0.1284938,-0.6874518,-1.184713,1.411719,-2.567296,0.2698679,1.260814,0.5617201,-1.762654,-0.1119954,-0.1353985,-0.3778442,0.9382032,-0.5682637,-3.629763,-0.6694148,0.2956379,1.425504,0.4269638,-0.0616892,-0.1515279,-0.3221066,-0.9731585,0.284004,-0.2196876,0.4145154,1.5088,0.2745976,-0.005079225,1.322385,0.4717236,293.1411,141.8425,116.7048,False
0,0.8666676,-1.212687,0.1245103,-0.647786,-1.180221,1.407218,-2.553289,0.2680307,1.262803,0.5633855,-1.762396,0.02411362,-0.1728638,-0.3566497,0.9202977,-0.5588404,-3.623561,-0.6714823,0.2956596,1.426353,0.4276075,-0.06156239,-0.1441081,-0.3061116,-0.9756944,0.2816769,-0.2177605,0.4150802,1.508748,0.2751477,-0.005228399,1.328394,0.473028,294.1876,140.0463,118.8332,False
0,0.8777788,-1.188401,0.1279704,-0.6178188,-1.176248,1.402112,-2.538775,0.26627,1.264759,0.5649569,-1.762715,-0.02971153,-0.1653503,-0.3151414,0.9629359,-0.5477845,-3.612097,-0.6797599,0.2957399,1.42709,0.4282506,-0.04838634,-0.1207895,-0.2550101,-0.976594,0.2808956,-0.2172748,0.4153273,1.508897,0.2759564,-0.005301722,1.333886,0.4740194,295.2403,138.5753,120.4165,False
0,0.8888899,-1.12688,0.1453215,-0.5676242,-1.172768,1.397483,-2.526276,0.2643241,1.266432,0.5661261,-1.762149,0.05179229,-0.1754433,-0.2841654,0.8852559,-0.5411687,-3.606584,-0.6821753,0.2953935,1.427788,0.4288898,-0.0311539,-0.09740765,-0.2305865,-0.9783612,0.2800138,-0.2170527,0.4155543,1.508886,0.2767794,-0.005506337,1.338811,0.4747273,296.1924,137.5297,121.4106,False
0,0.900001,-1.085513,0.1273493,-0.5469235,-1.168798,1.393158,-2.513686,0.2624414,1.268288,0.5676346,-1.761446,0.06358112,-0.1862011,-0.2714093,0.8746756,-0.5321624,-3.599294,-0.6859818,0.2950933,1.428446,0.4295521,-0.02360612,-0.08997442,-0.2189053,-0.9802654,0.2785907,-0.2162513,0.4158052,1.50885,0.2775095,-0.006099251,1.343333,0.4752569,296.9907,136.8956,121.8709,False
0,0.9111122,-1.006945,0.06666017,-0.5223917,-1.16357,1.391444,-2.504257,0.2606668,1.269738,0.5694349,-1.762854,-0.1295826,-0.1960797,-0.2511511,0.8300097,-0.5249953,-3.59286,-0.6890826,0.2945288,1.428952,0.4300642,-0.03202872,-0.07722564,-0.2060263,-0.9820343,0.2775953,-0.2151283,0.415893,1.508802,0.2784269,-0.007066602,1.347582,0.4757133,297.6621,136.5584,122.0791,False
0,0.9222233,-0.9655454,0.04543519,-0.5069848,-1.159344,1.388203,-2.493608,0.2589146,1.27152,0.5708423,-1.762416,0.04091203,-0.2091421,-0.236227,0.7842883,-0.5181319,-3.587243,-0.691184,0.2939858,1.429544,0.4307239,-0.04038842,-0.05595627,-0.1856697,-0.9835091,0.2776132,-0.2145536,0.4161451,1.508762,0.2792804,-0.008260544,1.351534,0.4761474,298.2858,136.2773,122.3048,False
0,0.9333345,-0.908303,0.02327928,-0.463887,-1.155106,1.386665,-2.484782,0.25696,1.273242,0.5720162,-1.764016,-0.147104,-0.2083035,-0.2159377,0.7544799,-0.5115378,-3.580478,-0.6947578,0.2934437,1.43008,0.4314728,-0.04982081,-0.01980788,-0.1631299,-0.984674,0.2785002,-0.2141008,0.4160911,1.508696,0.2802377,-0.009473055,1.355117,0.4766315,298.8911,136.0955,122.3991,False
0,0.9444456,-0.908303,0.02327928,-0.463887,-1.155106,1.386665,-2.484782,0.25696,1.273242,0.5720162,-1.763062,0.0880672,-0.2083035,-0.2159377,0.7544799,-0.5115378,-3.580478,-0.6947578,0.2934437,1.43008,0.4314728,-0.04982081,-0.01980788,-0.1631299,-0.984674,0.2785002,-0.2141008,0.4160911,1.508696,0.2802377,-0.0104908,1.358155,0.4771866,299.4707,135.8914,122.4843,False
0,0.9555568,-0.7992662,0.006958008,-0.3682561,-1.149741,1.38306,-2.467896,0.2541037,1.274949,0.5747213,-1.771497,-0.7725657,-0.2189702,-0.05603741,0.6578215,-0.5050717,-3.55889,-0.7081814,0.2922173,1.430717,0.4329519,-0.05060676,0.003551822,-0.1279112,-0.9868333,0.2792135,-0.2135426,0.4160044,1.508615,0.2822452,-0.01119276,1.360708,0.4777717,299.7435,135.8167,122.6229,False
0,0.9666679,-0.7536774,-0.002418846,-0.3390785,-1.14737,1.381463,-2.460408,0.2524561,1.276064,0.5760338,-1.755075,1.507598,-0.228789,-0.0283459,0.6312783,-0.5007558,-3.549858,-0.7131951,0.2915072,1.430988,0.4337461,-0.03760093,-0.01246948,-0.1024877,-0.9869244,0.2784903,-0.2134726,0.4157971,1.508578,0.2833071,-0.01127981,1.362294,0.4783476,300.1627,135.2542,123.2821,False
0,0.977779,-0.6942285,-0.02682006,-0.3119029,-1.143428,1.380774,-2.454136,0.2507423,1.276898,0.5768182,-1.762495,-0.6923097,-0.224639,-0.03148612,0.6078166,-0.4957011,-3.542461,-0.7172468,0.2907514,1.431273,0.4344809,-0.02249166,-0.01678153,-0.07810275,-0.9867741,0.2782299,-0.2136513,0.4153022,1.508682,0.2844117,-0.01282194,1.364458,0.4787129,300.687,135.5522,122.6938,False
0,0.9888902,-0.6315792,-0.04588476,-0.2847091,-1.140234,1.380388,-2.449022,0.2491359,1.277651,0.5779614,-1.763478,-0.08258051,-0.2036665,-0.0004437417,0.5651393,-0.4927876,-3.533987,-0.7229409,0.2900279,1.431519,0.4354832,-0.01048587,-0.003027591,-0.04087739,-0.9860998,0.2789597,-0.2144148,0.4148226,1.508775,0.2855701,-0.01446724,1.366811,0.4790909,301.0153,135.7653,122.2095,False
0,1.000001,-0.5657384,-0.06278396,-0.254343,-1.136997,1.380182,-2.444875,0.2472893,1.278667,0.5783403,-1.763798,-0.02962596,-0.1782668,-0.004556134,0.5277319,-0.4890214,-3.527497,-0.7274627,0.2892866,1.431666,0.4363523,0.005880091,0.003255435,0.00802891,-0.984348,0.2799751,-0.2157248,0.4141693,1.508897,0.2866974,-0.01587807,1.369112,0.4795558,301.2625,135.6679,122.2888,False
0,1.011112,-0.5084599,-0.0785632,-0.220833,-1.134157,1.380456,-2.441114,0.2457451,1.279143,0.5793204,-1.76427,-0.04338216,-0.16156,-0.015031,0.4509276,-0.4869196,-3.525127,-0.7282491,0.2885261,1.431815,0.4373615,0.02429299,-0.006428932,0.04620924,-0.9825115,0.2799064,-0.2166133,0.4135626,1.508979,0.2878928,-0.01694529,1.371112,0.4799522,301.607,135.4032,122.7055,False
0,1.022224,-0.4575699,-0.0804586,-0.1863912,-1.132337,1.380644,-2.437564,0.2443202,1.279526,0.5798507,-1.76457,-0.02757016,-0.1563775,-0.02241233,0.415742,-0.4838458,-3.520575,-0.730577,0.2876633,1.431927,0.4383461,0.0255662,-0.0235306,0.07279392,-0.9807416,0.2795424,-0.2166218,0.4128821,1.508957,0.2891138,-0.01781642,1.372772,0.4802005,301.9644,135.0702,123.1065,False
0,1.033335,-0.4204587,-0.08348207,-0.1605119,-1.131136,1.381254,-2.434541,0.2429052,1.280737,0.5820453,-1.764124,0.04058569,-0.152195,-0.02769125,0.396534,-0.4807592,-3.515877,-0.7331187,0.2868407,1.432073,0.4393487,0.02463105,-0.03209858,0.08875407,-0.9791825,0.2790968,-0.2166372,0.4122546,1.508969,0.2903068,-0.01876906,1.374173,0.480192,302.3027,134.7869,123.3826,False
0,1.044446,-0.3558755,-0.08943328,-0.1026003,-1.129296,1.382607,-2.433178,0.2417026,1.280598,0.5827227,-1.763686,0.03913464,-0.1396805,-0.006273419,0.3581577,-0.4791943,-3.510556,-0.7366205,0.2858002,1.432167,0.4403727,0.0204561,-0.02466654,0.09946204,-0.9777753,0.2795552,-0.2170375,0.411517,1.508973,0.2915773,-0.0196756,1.37512,0.4800401,302.6158,134.5404,123.4621,False
0,1.055557,-0.3389404,-0.09357837,-0.08858278,-1.128152,1.383239,-2.430273,0.2403003,1.280944,0.5837195,-1.763408,0.02471937,-0.1165881,0.00774546,0.298407,-0.4785397,-3.50779,-0.7384932,0.2849911,1.432117,0.4414485,0.01627591,-0.001263265,0.1112756,-0.9763181,0.2809848,-0.2178572,0.410795,1.50898,0.2928247,-0.02065786,1.375764,0.4798376,302.8604,134.5226,123.0885,False
0,1.066668,-0.2658915,-0.07494131,-0.02331799,-1.128757,1.384764,-2.430071,0.2395139,1.280049,0.5853262,-1.76415,-0.06849008,-0.09994459,0.03666177,0.237644,-0.4790116,-3.504762,-0.740566,0.2840218,1.432003,0.4426029,0.0225891,0.04776526,0.1039094,-0.9758419,0.2840008,-0.2199995,0.4099475,1.508977,0.2941246,-0.02170578,1.376301,0.4798921,303.0428,134.5708,122.5228,False
0,1.077779,-0.2309666,-0.06508941,0.007754389,-1.129564,1.385926,-2.428803,0.2384976,1.279791,0.5864763,-1.762447,0.1559518,-0.09371989,0.05269785,0.2163401,-0.4783309,-3.500117,-0.7437306,0.2831533,1.431807,0.4436648,0.02677883,0.05844323,0.09538493,-0.9752879,0.2853195,-0.2211753,0.4090764,1.50907,0.2954199,-0.02265535,1.376526,0.4801897,303.1714,134.4551,122.4931,False
0,1.08889,-0.1598175,-0.04674778,0.04429913,-1.130794,1.387377,-2.430094,0.2374797,1.279591,0.587909,-1.764037,-0.147112,-0.1015684,0.06768885,0.1471518,-0.4797828,-3.499181,-0.7431069,0.2821848,1.431396,0.4446988,0.04284881,0.04350366,0.1058689,-0.9738765,0.2856179,-0.2224264,0.4080396,1.509069,0.2967942,-0.02359919,1.376536,0.4807082,303.2631,134.3837,122.4657,False
0,1.100002,-0.1598175,-0.04674778,0.04429913,-1.130794,1.387377,-2.430094,0.2374797,1.279591,0.587909,-1.762802,0.1139704,-0.1015684,0.06768885,0.1471518,-0.4797828,-3.499181,-0.7431069,0.2821848,1.431396,0.4446988,0.04284881,0.04350366,0.1058689,-0.9738765,0.2856179,-0.2224264,0.4080396,1.509069,0.2967942,-0.02419722,1.376038,0.4815924,303.2973,134.1291,122.5767,False
0,1.111113,-0.06961256,-0.01654331,0.09892498,-1.132718,1.389863,-2.431907,0.2355273,1.278756,0.5897572,-1.763865,-0.09871539,-0.1363129,0.1273436,0.05685402,-0.4835763,-3.494246,-0.7432893,0.2802783,1.430807,0.4471974,0.04314343,0.02103386,0.1431005,-0.9696857,0.2864576,-0.2237599,0.4059727,1.509084,0.2995236,-0.02486531,1.375466,0.4826452,303.0609,134.1821,122.6048,False
0,1.122224,-0.04102194,-0.0003312156,0.1266141,-1.13412,1.390962,-2.432894,0.2344609,1.278016,0.5902684,-1.764491,-0.05671212,-0.1163782,0.159431,0.01739987,-0.4860525,-3.491122,-0.7454888,0.2792533,1.430353,0.4484191,0.04222578,0.02417043,0.1633557,-0.9673768,0.2875183,-0.2246581,0.4048797,1.509136,0.3009212,-0.02554504,1.37492,0.4836867,302.9223,134.4299,122.5149,False
0,1.133335,0.009906922,0.0436524,0.1648829,-1.137867,1.391751,-2.435152,0.2335558,1.27732,0.5914922,-1.763217,0.1164759,-0.09622677,0.1574015,-0.001882352,-0.4876738,-3.489712,-0.7463202,0.2781512,1.429938,0.4497035,0.06283243,0.03364167,0.2100883,-0.9637575,0.2894056,-0.2272659,0.4036726,1.509058,0.302335,-0.02660692,1.374443,0.484846,302.9664,134.0488,122.7013,False
0,1.144446,0.05345996,0.07577464,0.1882574,-1.140562,1.392015,-2.437224,0.2327383,1.276076,0.5919962,-1.76269,0.04670183,-0.08567496,0.1393728,-0.03711202,-0.4892333,-3.490761,-0.7448473,0.2769164,1.429328,0.4509313,0.07897143,0.04530793,0.232375,-0.9605958,0.2914464,-0.2297493,0.4023315,1.509132,0.3037879,-0.0279126,1.37392,0.4861218,302.8275,133.771,122.9594,False
0,1.155557,0.09283201,0.09496307,0.1968647,-1.143247,1.392472,-2.439511,0.2319516,1.274772,0.593415,-1.763553,-0.07964123,-0.1029654,0.1276833,-0.09669561,-0.4920318,-3.493085,-0.7409391,0.2757276,1.428379,0.4521589,0.07892433,0.04958368,0.2259888,-0.9586427,0.2928769,-0.2315198,0.4010501,1.509066,0.3052719,-0.02929237,1.37323,0.4874164,302.6057,133.7442,123.1276,False
0,1.166668,0.1300983,0.09280391,0.2004128,-1.146372,1.393636,-2.442767,0.2311037,1.273979,0.5950875,-1.763175,0.03501791,-0.1268188,0.1809279,-0.1423129,-0.4968643,-3.49173,-0.7399217,0.2744808,1.427341,0.4534426,0.07043904,0.05276056,0.2313907,-0.9561606,0.2943889,-0.2327723,0.3994703,1.509052,0.3069432,-0.03053631,1.372298,0.4888089,302.3388,133.6972,123.2713,False
0,1.17778,0.1492412,0.08531202,0.2006308,-1.148362,1.39464,-2.445164,0.2303826,1.272452,0.5962434,-1.762744,0.03857871,-0.127148,0.2469983,-0.1592559,-0.5018136,-3.487063,-0.7425756,0.2732605,1.426455,0.4548235,0.08657995,0.07614318,0.253706,-0.9529541,0.2973451,-0.2359526,0.3980849,1.508991,0.3085418,-0.0315718,1.370999,0.490259,302.1466,133.6071,123.4934,False
0,1.188891,0.1758126,0.09493627,0.2102845,-1.150628,1.395456,-2.44823,0.2297374,1.27046,0.5967314,-1.762902,-0.01508945,-0.09877026,0.3036179,-0.1955335,-0.5079852,-3.483748,-0.7453703,0.2719186,1.425588,0.4563215,0.1700662,0.106934,0.3053371,-0.9485828,0.3015299,-0.2430878,0.3965604,1.508878,0.310185,-0.03250271,1.369408,0.4918437,301.9984,133.5776,123.4268,False
0,1.200002,0.194841,0.1036329,0.2305468,-1.153501,1.396421,-2.451261,0.2290089,1.268877,0.5975707,-1.761699,0.1098435,-0.07653657,0.2962903,-0.2297342,-0.5125136,-3.484439,-0.7446685,0.270652,1.424857,0.4577992,0.1935734,0.1111765,0.3147621,-0.9451399,0.3041776,-0.2474971,0.3950604,1.508841,0.3117394,-0.03350493,1.367729,0.4936117,301.7766,133.5515,123.3431,False
0,1.211113,0.238317,0.1337363,0.2646621,-1.158346,1.397562,-2.455877,0.2284852,1.267408,0.5986557,-1.761934,-0.02267646,-0.05414894,0.2154963,-0.2885539,-0.5160705,-3.491934,-0.738212,0.2693952,1.424037,0.4592514,0.2305967,0.1091509,0.2803739,-0.9435894,0.3061125,-0.2526493,0.3934868,1.508751,0.3132889,-0.03448785,1.365836,0.4954643,301.5115,133.478,123.6199,False
0,1.222224,0.2999993,0.1732956,0.2881306,-1.163247,1.397487,-2.461226,0.2280363,1.265682,0.5993524,-1.761544,0.03569668,-0.0309481,0.1592569,-0.3814272,-0.5213143,-3.501917,-0.7298691,0.268054,1.423023,0.4607112,0.1908831,0.103904,0.2423248,-0.9423718,0.3075697,-0.2541207,0.3918863,1.508756,0.3148317,-0.03546633,1.363684,0.4971862,301.2064,133.4354,124.0095,False
0,1.233335,0.3394451,0.1945338,0.2892675,-1.167462,1.397466,-2.466274,0.2275774,1.264093,0.6001077,-1.762655,-0.1021658,-0.00658004,0.1732213,-0.398569,-0.5266177,-3.504947,-0.7279649,0.2666956,1.422176,0.4621859,0.1737621,0.1135099,0.232894,-0.9406109,0.310177,-0.2569777,0.3903067,1.508748,0.3163576,-0.03655736,1.361454,0.4986952,300.8217,133.5669,124.0021,False
0,1.244446,0.4002473,0.2049692,0.2810695,-1.170643,1.397319,-2.472694,0.2271337,1.26245,0.6006994,-1.763569,-0.08292349,0.01992559,0.2074039,-0.3986385,-0.5320985,-3.505114,-0.7289677,0.2652476,1.42133,0.4636924,0.173816,0.1230711,0.2414474,-0.9379909,0.3131897,-0.2605903,0.3885373,1.508661,0.3179483,-0.03764345,1.359221,0.5001072,300.3862,133.6807,123.8326,False
0,1.255558,0.4002473,0.2049692,0.2810695,-1.170643,1.397319,-2.472694,0.2271337,1.26245,0.6006994,-1.762826,0.06810981,0.01992559,0.2074039,-0.3986385,-0.5320985,-3.505114,-0.7289677,0.2652476,1.42133,0.4636924,0.173816,0.1230711,0.2414474,-0.9379909,0.3131897,-0.2605903,0.3885373,1.508661,0.3179483,-0.03867018,1.356949,0.5015404,300.0236,133.7196,123.7812,False
0,1.266669,0.4812644,0.2100551,0.2741953,-1.178094,1.397873,-2.485799,0.2265868,1.259312,0.6028175,-1.757361,0.4987456,0.001659334,0.2073868,-0.4315725,-0.5430036,-3.51172,-0.7226275,0.2623476,1.419432,0.4665902,0.2127641,0.05791003,0.3144852,-0.9291742,0.3153884,-0.2678088,0.3848692,1.508443,0.3211644,-0.03975183,1.354748,0.5029814,299.6013,134.0076,123.6215,False
0,1.27778,0.4812447,0.2239307,0.2761871,-1.182518,1.397363,-2.490501,0.2264152,1.257367,0.6040709,-1.769479,-1.112408,0.01651417,0.1936247,-0.4540319,-0.5484136,-3.516804,-0.7189968,0.2610204,1.418449,0.4680374,0.2236386,0.04931527,0.3431462,-0.9246522,0.3173596,-0.2717343,0.3831251,1.50835,0.3227296,-0.04081248,1.352877,0.5042326,299.2539,134.6848,123.1099,False
0,1.288891,0.4781194,0.2312951,0.2686241,-1.186277,1.396995,-2.495578,0.2261032,1.255655,0.6048422,-1.763409,0.5645515,0.01108783,0.2053409,-0.4646458,-0.5544084,-3.519924,-0.7162526,0.2596002,1.417533,0.4695454,0.238818,0.06094675,0.3771427,-0.9198308,0.3204988,-0.2768854,0.3812695,1.508235,0.3242221,-0.04122299,1.350348,0.5058479,299.2908,133.9073,123.6764,False
0,1.300002,0.4814745,0.2171835,0.2421968,-1.189347,1.396124,-2.500465,0.2259588,1.253793,0.606461,-1.760538,0.2561424,0.003559411,0.2276661,-0.4624404,-0.5602263,-3.52161,-0.7146292,0.2582771,1.416585,0.471122,0.2526029,0.06310369,0.3695907,-0.916324,0.3228303,-0.2814999,0.3794494,1.508132,0.3257782,-0.04184866,1.347514,0.5078798,299.0426,133.4534,123.9957,False
0,1.311113,0.4976031,0.1998841,0.220173,-1.192367,1.395928,-2.506646,0.2255537,1.252563,0.6078179,-1.760345,0.01571767,0.01961848,0.2362068,-0.4401246,-0.5651265,-3.522471,-0.7147152,0.2568758,1.415772,0.4726028,0.2482826,0.03649413,0.3599616,-0.9126989,0.3234808,-0.2845657,0.3776702,1.508113,0.3273816,-0.04279362,1.34455,0.5102828,298.5971,133.6109,123.978,False
0,1.322224,0.5125568,0.1784391,0.2119387,-1.194008,1.396086,-2.513096,0.2249037,1.251543,0.6080863,-1.760187,0.01440892,0.04202434,0.2362808,-0.4327741,-0.5703266,-3.52436,-0.7143431,0.2553993,1.414952,0.4740336,0.24168,0.03016563,0.3333652,-0.9099212,0.3245829,-0.2875974,0.3759073,1.508117,0.3288441,-0.04400781,1.341608,0.5128915,298.0598,134.168,123.7363,False
0,1.333336,0.5147266,0.1719656,0.2056361,-1.19671,1.396164,-2.518953,0.2244326,1.250058,0.6088557,-1.761036,-0.07786446,0.0409781,0.2415934,-0.4242385,-0.5756236,-3.525773,-0.713495,0.2539226,1.414034,0.4754746,0.2361698,0.03555106,0.3099842,-0.9075392,0.3262779,-0.291088,0.3741289,1.508084,0.3303828,-0.04528412,1.338714,0.5156894,297.5318,134.8618,123.2829,False
0,1.344447,0.5212034,0.1632571,0.1908856,-1.199055,1.396219,-2.524845,0.2241231,1.248675,0.6101351,-1.761053,-0.001030291,0.03463615,0.2170807,-0.432766,-0.5805563,-3.529684,-0.7103894,0.2523803,1.4133,0.4768994,0.2285939,0.04517555,0.2972873,-0.9050039,0.3285081,-0.2945571,0.3722918,1.508065,0.3319294,-0.0467625,1.336123,0.5184985,296.9166,135.4845,123.0404,False
0,1.355558,0.5234875,0.1491259,0.165483,-1.200379,1.395738,-2.530292,0.223776,1.247287,0.6112907,-1.76026,0.07231149,0.02844389,0.1999688,-0.4029299,-0.5842006,-3.531569,-0.7087966,0.2507743,1.412525,0.4784002,0.2243367,0.05900799,0.29842,-0.9020302,0.3309476,-0.2984514,0.3704419,1.507999,0.3334866,-0.04835848,1.333778,0.5210111,296.3461,136.0044,123.0786,False
0,1.366669,0.5247164,0.131811,0.141201,-1.201812,1.395736,-2.536226,0.2232549,1.246347,0.6124523,-1.760045,0.01886789,0.03919926,0.2106196,-0.3731381,-0.5883487,-3.531392,-0.7097276,0.2492362,1.411863,0.4798532,0.2275767,0.07177591,0.3048208,-0.8989713,0.333824,-0.3028677,0.3686265,1.50797,0.3350472,-0.04970629,1.331398,0.5231766,295.9238,136.3388,123.0706,False
0,1.37778,0.5184289,0.1209649,0.1241775,-1.20236,1.395261,-2.541484,0.22268,1.245292,0.6131675,-1.759663,0.03476974,0.03697735,0.2319191,-0.3752253,-0.5937214,-3.532052,-0.7095487,0.2478181,1.411034,0.4812224,0.2318783,0.08666904,0.3112228,-0.8958187,0.3369622,-0.3075261,0.3666955,1.508075,0.3366256,-0.05071367,1.328913,0.5250723,295.643,136.5992,122.8633,False
0,1.388891,0.4962963,0.105718,0.09009548,-1.202811,1.394755,-2.546106,0.2219975,1.2446,0.6143639,-1.759839,-0.01647965,0.02952319,0.2531761,-0.3581133,-0.5986291,-3.531288,-0.7102536,0.2462818,1.410414,0.4826431,0.2370978,0.08564178,0.2973295,-0.8934042,0.3391537,-0.3117129,0.364879,1.50813,0.3381164,-0.05157178,1.326429,0.526772,295.4343,136.9468,122.4623,False
0,1.400002,0.4803828,0.1066595,0.07932121,-1.203685,1.394449,-2.550564,0.2215068,1.243155,0.6160362,-1.759286,0.05071547,0.03081009,0.2541772,-0.3112445,-0.6019325,-3.529529,-0.7121003,0.2447766,1.40997,0.4840541,0.2368759,0.0622841,0.2674462,-0.8914666,0.3397877,-0.3147292,0.363014,1.508113,0.3395169,-0.0525232,1.324123,0.5283275,295.2062,137.3321,122.049,False
0,1.411114,0.4803828,0.1066595,0.07932121,-1.203685,1.394449,-2.550564,0.2215068,1.243155,0.6160362,-1.758572,0.06483945,0.03081009,0.2541772,-0.3112445,-0.6019325,-3.529529,-0.7121003,0.2447766,1.40997,0.4840541,0.2368759,0.0622841,0.2674462,-0.8914666,0.3397877,-0.3147292,0.363014,1.508113,0.3395169,-0.0536325,1.322,0.5297507,295.0118,137.7884,121.6228,False
0,1.422225,0.4165432,0.09059471,0.0640936,-1.205218,1.394034,-2.557805,0.2202454,1.241641,0.618645,-1.753882,0.4284088,0.05560648,0.2179978,-0.2773203,-0.6081339,-3.530687,-0.712909,0.2420956,1.409056,0.4868331,0.2196496,0.02292565,0.2419043,-0.8867091,0.3408907,-0.3198046,0.3593798,1.508199,0.3421175,-0.05486483,1.320133,0.531086,294.7057,138.4731,120.9914,False
0,1.433336,0.379332,0.08195275,0.05322821,-1.205048,1.394338,-2.56109,0.2196538,1.241223,0.6197882,-1.762215,-0.7653733,0.1015608,0.1798143,-0.2765287,-0.6110634,-3.533105,-0.7134702,0.2407901,1.408616,0.4881525,0.2130788,0.01446733,0.2184902,-0.8851868,0.3415617,-0.3223666,0.357585,1.508147,0.3434184,-0.05599336,1.318672,0.5322388,294.5002,139.2797,120.181,False
0,1.444447,0.3591603,0.0754738,0.04141767,-1.205433,1.39368,-2.564025,0.2191263,1.240638,0.6208048,-1.75792,0.3997177,0.1219352,0.1479265,-0.273477,-0.6137015,-3.535668,-0.7133967,0.2395177,1.408158,0.4894707,0.2096557,-0.0152801,0.187543,-0.8838398,0.3405187,-0.3239243,0.35583,1.508189,0.3446207,-0.05673307,1.317026,0.5337526,294.7612,138.706,120.3389,False
0,1.455558,0.3231409,0.08593194,0.01655485,-1.206071,1.392108,-2.56583,0.2187319,1.240131,0.6225057,-1.757206,0.06110596,0.1241962,0.1351265,-0.2564608,-0.6161223,-3.536742,-0.7138616,0.2382201,1.407651,0.4908385,0.2052358,-0.03440994,0.1662161,-0.8823958,0.3396408,-0.3254939,0.3541384,1.508226,0.345866,-0.05753351,1.31534,0.5356303,294.6636,138.5367,120.4111,False
0,1.466669,0.2805928,0.09657562,0.01078985,-1.20674,1.391143,-2.567276,0.2181859,1.239546,0.6235938,-1.757381,-0.01597686,0.1402874,0.1298318,-0.2373704,-0.6183972,-3.537305,-0.7155424,0.2369914,1.407267,0.4921529,0.2105643,-0.05357784,0.1650576,-0.8802674,0.3389962,-0.3276591,0.3523407,1.508308,0.3470719,-0.05853258,1.31381,0.5376707,294.3803,139.0552,120.127,False
0,1.47778,0.2540268,0.1190897,0.01033338,-1.208641,1.387814,-2.568395,0.2176788,1.238632,0.6254439,-1.756832,0.05054419,0.1467035,0.105376,-0.2512861,-0.6211642,-3.540568,-0.7147229,0.2356385,1.406938,0.4935195,0.2137175,-0.06422129,0.1596797,-0.878359,0.3382755,-0.3296357,0.3505161,1.508341,0.3482757,-0.05956509,1.312451,0.5397734,294.1141,139.7853,119.649,False
0,1.488891,0.2252626,0.1447903,0.016264,-1.210959,1.385954,-2.569308,0.2171508,1.238184,0.6267586,-1.756461,0.03364743,0.140296,0.1138691,-0.2480469,-0.6241944,-3.541582,-0.7151887,0.2344001,1.406612,0.4948459,0.2223928,-0.08237809,0.1776674,-0.8755089,0.3374165,-0.3318988,0.3487093,1.508392,0.3493888,-0.06052212,1.311325,0.5419782,293.9067,140.3602,119.226,False
0,1.500003,0.2209712,0.1533683,0.02141111,-1.211715,1.384137,-2.57094,0.2163852,1.237956,0.6273942,-1.757225,-0.06984796,0.1455863,0.1192186,-0.2523263,-0.6273539,-3.54287,-0.716001,0.2331368,1.406327,0.4961374,0.2277783,-0.09731176,0.1850444,-0.8727909,0.3364346,-0.3339034,0.3468367,1.508368,0.3505006,-0.06139697,1.310465,0.5442216,293.7846,140.6089,119.1269,False
0,1.511114,0.2775264,0.1264568,0.002972618,-1.211711,1.383198,-2.575647,0.2156071,1.237545,0.6283641,-1.756847,0.03535457,0.1573779,0.1139185,-0.2406755,-0.6297764,-3.544111,-0.7171696,0.2319873,1.406001,0.4974387,0.2310906,-0.1282388,0.1977148,-0.8695408,0.3344013,-0.3353146,0.3450591,1.508391,0.3515971,-0.06215294,1.309824,0.5466487,293.7328,140.5599,119.2488,False
0,1.522225,0.2904311,0.1198588,-0.01390132,-1.211649,1.381798,-2.578795,0.2150139,1.237052,0.6292973,-1.757732,-0.08105943,0.1606913,0.1032562,-0.2247288,-0.6316848,-3.545262,-0.7181198,0.2308183,1.405643,0.4987574,0.2343315,-0.1548812,0.2029517,-0.8663273,0.332207,-0.3364715,0.3433618,1.50833,0.3526237,-0.06295995,1.309519,0.5491355,293.5256,140.4543,119.6717,False
0,1.533336,0.2670304,0.1433715,-0.01219951,-1.213095,1.379343,-2.580022,0.2146182,1.236591,0.6307592,-1.760699,-0.2705234,0.1502245,0.07762258,-0.2055414,-0.6327212,-3.547165,-0.7177906,0.2297286,1.405287,0.4999495,0.2384717,-0.1580338,0.1879998,-0.8642709,0.3307191,-0.3381802,0.3416341,1.508345,0.3536913,-0.06384962,1.309452,0.5514087,293.38,140.3849,120.2695,False
0,1.544447,0.2210886,0.179945,0.0126126,-1.215676,1.376966,-2.580019,0.214119,1.235999,0.6316299,-1.759557,0.106609,0.1502395,0.08294275,-0.1991452,-0.6350436,-3.548004,-0.718809,0.2286035,1.404894,0.5011847,0.2404187,-0.1537094,0.1645589,-0.8628109,0.3292378,-0.3399363,0.3399692,1.508286,0.3546777,-0.06459316,1.309183,0.5533779,293.415,140.109,120.928,False
0,1.555558,0.1805731,0.2078391,0.02162059,-1.218493,1.374406,-2.579693,0.2137732,1.235506,0.6327946,-1.757799,0.1595712,0.1670692,0.1107364,-0.2215547,-0.6389488,-3.548641,-0.7207297,0.2276326,1.404694,0.50244,0.2445548,-0.1515315,0.1496189,-0.8612087,0.3279005,-0.3417818,0.3383073,1.508336,0.3557205,-0.06522954,1.308524,0.5550969,293.4813,139.9598,121.1631,False
0,1.566669,0.1667318,0.2260062,0.02451079,-1.220483,1.371787,-2.580146,0.2132681,1.234968,0.633678,-1.756496,0.1179796,0.1671033,0.1043415,-0.2194335,-0.6413217,-3.550066,-0.7214301,0.2266238,1.404307,0.5036421,0.2465311,-0.1578685,0.1293454,-0.8598996,0.3257925,-0.3431933,0.3366666,1.508307,0.3566248,-0.06590112,1.307639,0.5567658,293.426,140.0595,120.9548,False
0,1.577781,0.1518545,0.2302839,0.02219856,-1.221857,1.369139,-2.580635,0.2127642,1.234392,0.6344252,-1.756382,0.00967232,0.1768213,0.06709434,-0.2216636,-0.642755,-3.553586,-0.7208903,0.2258286,1.403953,0.5048628,0.2474905,-0.1802017,0.1154325,-0.8581392,0.3227199,-0.3438378,0.3349344,1.508197,0.3574591,-0.06670769,1.306782,0.5584387,293.2082,140.344,120.6569,False
0,1.588892,0.1486821,0.2206417,0.01693794,-1.22279,1.367166,-2.581472,0.2121709,1.233833,0.6351085,-1.75747,-0.09913314,0.1833382,0.04367024,-0.2132094,-0.6441393,-3.556267,-0.720955,0.2249234,1.403586,0.5060043,0.2506898,-0.1887228,0.115385,-0.8561323,0.3203101,-0.3451446,0.3332425,1.508159,0.3583262,-0.06754972,1.306096,0.5601535,292.9727,140.7209,120.3644,False
0,1.600003,0.13806,0.219526,0.01152445,-1.223774,1.364993,-2.581768,0.2115912,1.233387,0.6358838,-1.757855,-0.03424326,0.184427,0.04260628,-0.2089522,-0.6461201,-3.557869,-0.7217148,0.2238929,1.403244,0.5071838,0.2613747,-0.2015079,0.1184684,-0.8537722,0.3177361,-0.3467529,0.3313566,1.508145,0.3590755,-0.06836237,1.305601,0.5618749,292.8339,140.9421,120.351,False
0,1.611114,0.1348777,0.2398079,0.01449003,-1.225977,1.362238,-2.582288,0.2110878,1.232988,0.6367714,-1.758153,-0.02692938,0.2091799,0.01921229,-0.1750119,-0.6463289,-3.55932,-0.7236764,0.2229515,1.403092,0.5081363,0.2731034,-0.2313299,0.117222,-0.8514717,0.3137065,-0.3476672,0.3295936,1.508011,0.3597472,-0.06909183,1.305216,0.5635521,292.7779,140.9627,120.588,False
0,1.622225,0.1349004,0.2611564,0.01638001,-1.228186,1.358749,-2.582594,0.2106335,1.232447,0.637682,-1.75784,0.02890042,0.2285186,8.074939E-05,-0.1559571,-0.6467369,-3.561332,-0.7252581,0.2219995,1.402792,0.509177,0.2688354,-0.2622216,0.1161129,-0.8488938,0.3093183,-0.34744,0.3278811,1.50788,0.3604059,-0.06976762,1.304878,0.5651251,292.7593,140.8563,120.9179,False
0,1.633336,0.1393572,0.2908203,0.0001283884,-1.230294,1.35448,-2.58312,0.2102477,1.232113,0.6387033,-1.758345,-0.04629937,0.229604,-0.008429319,-0.1591708,-0.6479551,-3.563823,-0.7258757,0.2210584,1.402412,0.5101602,0.259314,-0.2665167,0.124697,-0.8462098,0.3061202,-0.3478802,0.3260518,1.507682,0.361068,-0.0704421,1.304593,0.5666076,292.7343,140.8138,121.0707,False
0,1.644447,0.1491408,0.3065505,-0.02127378,-1.231596,1.350318,-2.583732,0.2098434,1.231557,0.6394379,-1.758534,-0.01679989,0.2166265,0.02988882,-0.1697059,-0.6507311,-3.564332,-0.7274656,0.2200098,1.401994,0.5111539,0.2635668,-0.2665119,0.1235987,-0.843919,0.3029865,-0.3489101,0.3242492,1.507499,0.361721,-0.07109177,1.304377,0.5681147,292.7041,140.7533,121.1578,False
0,1.655559,0.1513699,0.3224525,-0.03096269,-1.234071,1.346349,-2.584118,0.2096056,1.231033,0.6407268,-1.759075,-0.04937157,0.2164527,0.06612115,-0.1781775,-0.6536888,-3.564402,-0.729843,0.2190126,1.401613,0.5121779,0.2667286,-0.2696942,0.1193005,-0.8418167,0.2996155,-0.3497223,0.3225157,1.507336,0.3624153,-0.07169846,1.304207,0.5697767,292.7031,140.6961,121.2472,False
0,1.66667,0.1525218,0.3319537,-0.03954551,-1.236058,1.342534,-2.58468,0.2092571,1.23056,0.6416748,-1.75919,-0.01010004,0.2205893,0.07894365,-0.1941585,-0.6565843,-3.565745,-0.7313669,0.2180268,1.401136,0.5131745,0.267903,-0.2739918,0.1331293,-0.8388553,0.2964694,-0.3506374,0.3207103,1.507125,0.3630676,-0.07227509,1.304074,0.571701,292.7214,140.6549,121.4152,False
0,1.677781,0.1504989,0.332892,-0.05342589,-1.237246,1.338289,-2.584819,0.2089298,1.229887,0.6426411,-1.758895,0.02704315,0.2300891,0.08114189,-0.2112445,-0.6594061,-3.567785,-0.7327011,0.216983,1.400711,0.5141611,0.2637473,-0.2665807,0.147023,-0.8359812,0.293889,-0.3517125,0.3189827,1.506948,0.3636661,-0.07278344,1.303868,0.5738918,292.7403,140.5945,121.6962,False
0,1.688892,0.1580805,0.3220351,-0.07134088,-1.237986,1.334702,-2.585729,0.2086304,1.229388,0.6435108,-1.758988,-0.008731632,0.2428663,0.07800774,-0.214513,-0.661918,-3.569463,-0.7344633,0.2159768,1.400274,0.5151384,0.2669483,-0.2537981,0.1491541,-0.8336632,0.2916381,-0.3532071,0.3171107,1.506808,0.3642659,-0.07324446,1.303592,0.5763779,292.6639,140.5087,122.0211,False
0,1.700003,0.1710184,0.3068671,-0.09449717,-1.238283,1.330928,-2.5868,0.2084475,1.228859,0.6444778,-1.758733,0.02343633,0.2514695,0.04821743,-0.2209868,-0.6635468,-3.572957,-0.7348053,0.2149896,1.399866,0.5160487,0.2701342,-0.2495365,0.148083,-0.8311257,0.2889952,-0.3545794,0.3152485,1.506627,0.3648612,-0.07374682,1.303265,0.5790544,292.5514,140.4534,122.4715,False
0,1.711114,0.2019569,0.2992923,-0.1027187,-1.238713,1.326765,-2.588584,0.208289,1.228458,0.6450579,-1.759267,-0.04906671,0.2632252,0.02484751,-0.2317385,-0.6655868,-3.57667,-0.7351989,0.2139678,1.399518,0.5169964,0.2701474,-0.2601925,0.1491195,-0.8283709,0.2855927,-0.3553224,0.3133703,1.506544,0.3654854,-0.0742785,1.302828,0.5817941,292.4517,140.5289,122.8743,False
0,1.722225,0.2019569,0.2992923,-0.1027187,-1.238713,1.326765,-2.588584,0.208289,1.228458,0.6450579,-1.759536,-0.02407711,0.2632252,0.02484751,-0.2317385,-0.6655868,-3.57667,-0.7351989,0.2139678,1.399518,0.5169964,0.2701474,-0.2601925,0.1491195,-0.8283709,0.2855927,-0.3553224,0.3133703,1.506544,0.3654854,-0.07481308,1.302255,0.5844513,292.334,140.7486,123.1163,False
0,1.733337,0.2969046,0.2807858,-0.1241194,-1.239179,1.31981,-2.595197,0.2080782,1.227661,0.6468627,-1.757278,0.2065694,0.2983665,0.06116244,-0.2073506,-0.6700599,-3.578203,-0.7415633,0.2117747,1.398867,0.518836,0.2445639,-0.2687316,0.1482373,-0.8230137,0.278999,-0.3554681,0.309772,1.506149,0.3665226,-0.07528123,1.301526,0.5868803,292.0915,141.1011,123.2494,False
0,1.744448,0.3353901,0.2666519,-0.1438908,-1.238722,1.316466,-2.599017,0.2079808,1.227262,0.6475985,-1.76401,-0.6173103,0.3163815,0.05913043,-0.2287465,-0.6728641,-3.580982,-0.7434872,0.2106325,1.398485,0.5196173,0.2393314,-0.2559843,0.1610957,-0.8201157,0.2770091,-0.3565669,0.307879,1.505972,0.3670459,-0.07575963,1.300825,0.5887658,291.8408,141.7096,123.0586,False
0,1.755559,0.3483143,0.2600434,-0.1639352,-1.238446,1.312612,-2.601754,0.2079963,1.226689,0.6487,-1.76236,0.1561307,0.2993096,0.05695416,-0.2350599,-0.6753377,-3.583416,-0.7441999,0.209501,1.397937,0.5204244,0.2350991,-0.2442872,0.1664912,-0.8173268,0.2749506,-0.3575342,0.3059332,1.505877,0.3675127,-0.07616169,1.299943,0.5905503,292.0635,141.9793,122.7495,False
0,1.76667,0.3569735,0.2555754,-0.181908,-1.237838,1.3089,-2.604819,0.207929,1.226216,0.6494765,-1.761597,0.06748854,0.3002109,0.08148305,-0.248879,-0.6788616,-3.58479,-0.7463964,0.2082801,1.397471,0.5212116,0.2319017,-0.2261791,0.1665573,-0.8150945,0.273353,-0.3589555,0.3039657,1.505783,0.3680038,-0.07654742,1.298791,0.5924544,292.1059,142.1391,122.5369,False
0,1.777781,0.3580892,0.2565818,-0.188322,-1.237314,1.304767,-2.607312,0.2077565,1.225775,0.6501939,-1.760321,0.1160099,0.2979723,0.09746887,-0.260561,-0.6822582,-3.586459,-0.7484388,0.2070506,1.396997,0.5220435,0.236223,-0.2240732,0.1761239,-0.812082,0.2713372,-0.3601419,0.3020091,1.505571,0.3684633,-0.07702243,1.297363,0.5944864,292.0409,142.5398,122.2498,False
0,1.788892,0.3698198,0.2480099,-0.191308,-1.236959,1.301522,-2.610759,0.2076654,1.225443,0.6511114,-1.760272,0.003429601,0.3032339,0.1209154,-0.2552302,-0.6855733,-3.586898,-0.7515361,0.2057811,1.396523,0.5228043,0.2460567,-0.2252249,0.2090752,-0.8079796,0.269713,-0.361942,0.2999455,1.505512,0.3689511,-0.07759567,1.295716,0.5966823,291.8929,143.2712,121.7096,False
0,1.800003,0.3932965,0.2233359,-0.203645,-1.235464,1.298536,-2.61465,0.2074715,1.225053,0.6518307,-1.759712,0.05109524,0.300965,0.1507505,-0.260502,-0.6895846,-3.587034,-0.7546911,0.2044262,1.396098,0.5235116,0.2279856,-0.2390925,0.2134392,-0.8045782,0.2669611,-0.3619787,0.2979882,1.505341,0.3694553,-0.07831576,1.293992,0.598991,291.6693,144.2327,121.0437,False
0,1.811115,0.418929,0.1954626,-0.2169692,-1.233978,1.295833,-2.6193,0.2073975,1.224774,0.6527247,-1.760198,-0.04490797,0.277502,0.1677,-0.2529078,-0.6930807,-3.587087,-0.7569486,0.2031118,1.395568,0.524195,0.1874525,-0.241229,0.207348,-0.8017851,0.2642896,-0.3608362,0.2960238,1.505153,0.3699346,-0.07916672,1.292321,0.6013637,291.4053,145.3302,120.2582,False
0,1.822226,0.430594,0.1752263,-0.2145269,-1.232619,1.293463,-2.62365,0.2072531,1.224269,0.6533353,-1.760487,-0.02607901,0.2615935,0.1665549,-0.2389839,-0.6958888,-3.587364,-0.7590832,0.2018666,1.395051,0.5249269,0.1799808,-0.2241846,0.2063859,-0.7990139,0.2628963,-0.3615856,0.294105,1.504935,0.3704927,-0.07999084,1.290724,0.603739,291.1472,146.3357,119.5647,False
0,1.833337,0.4293882,0.1765071,-0.1964246,-1.232496,1.290662,-2.627408,0.2072623,1.223408,0.6539423,-1.760996,-0.04644575,0.2594268,0.1676174,-0.2474934,-0.69928,-3.588638,-0.7610641,0.2006691,1.394488,0.5256379,0.2065086,-0.1676933,0.1967527,-0.7971661,0.263866,-0.3654318,0.2921277,1.504645,0.3709922,-0.08071609,1.289151,0.6060219,290.9658,147.248,118.9747,False
0,1.844448,0.4281764,0.1841849,-0.1762749,-1.232482,1.287875,-2.631188,0.2071709,1.222739,0.6544869,-1.76044,0.05104076,0.2796592,0.1698236,-0.2475876,-0.7026239,-3.589346,-0.764262,0.1994246,1.393961,0.526361,0.2264998,-0.1409704,0.1657749,-0.7961627,0.2634681,-0.3683293,0.29024,1.504414,0.3714888,-0.08128559,1.287542,0.608179,290.8331,148.0266,118.4706,False
0,1.855559,0.4364764,0.2005174,-0.1443955,-1.233758,1.284968,-2.635486,0.2071242,1.221727,0.655091,-1.759753,0.06212407,0.2935406,0.1560313,-0.2530007,-0.7056578,-3.591241,-0.766674,0.1981064,1.393522,0.5271528,0.216773,-0.153714,0.1487795,-0.7941786,0.2610694,-0.3685863,0.2883504,1.504114,0.3719943,-0.08172338,1.28584,0.610165,290.71,148.6049,118.1573,False
0,1.86667,0.4438954,0.2219133,-0.1349801,-1.234287,1.281398,-2.639511,0.2070484,1.220915,0.6554923,-1.7596,0.01355002,0.2849726,0.1421801,-0.2732205,-0.7090784,-3.594013,-0.7674756,0.1968707,1.392869,0.5278223,0.1997159,-0.1633027,0.146755,-0.7919559,0.2590511,-0.3688278,0.2864241,1.503869,0.3724942,-0.08207034,1.284041,0.6119902,290.5606,149.0936,117.8872,False
0,1.877781,0.4438954,0.2219133,-0.1349801,-1.234287,1.281398,-2.639511,0.2070484,1.220915,0.6554923,-1.760056,-0.04192449,0.2849726,0.1421801,-0.2732205,-0.7090784,-3.594013,-0.7674756,0.1968707,1.392869,0.5278223,0.1997159,-0.1633027,0.146755,-0.7919559,0.2590511,-0.3688278,0.2864241,1.503869,0.3724942,-0.08245765,1.282234,0.6136834,290.3993,149.6354,117.5121,False
0,1.888893,0.4596723,0.2424742,-0.1051916,-1.236515,1.275272,-2.648237,0.2068695,1.21956,0.6562421,-1.754906,0.4713836,0.2432206,0.1314462,-0.3241677,-0.717103,-3.600168,-0.7670061,0.194292,1.391494,0.5290875,0.1905712,-0.1432225,0.2054773,-0.7851042,0.2586921,-0.3724103,0.2825234,1.503356,0.3735621,-0.08286455,1.280424,0.6152697,290.1259,150.2045,117.1347,False
0,1.900004,0.4563531,0.2597426,-0.08727758,-1.238104,1.271681,-2.651924,0.2066744,1.218622,0.6565168,-1.764925,-0.9201783,0.2163567,0.1644068,-0.3474234,-0.7224283,-3.601714,-0.7674953,0.1929588,1.39071,0.5297039,0.1916665,-0.1283245,0.2108388,-0.7823899,0.2587262,-0.3745989,0.2806791,1.503094,0.3741121,-0.08347265,1.278961,0.6165724,289.8218,151.3311,116.1993,False
0,1.911115,0.4541279,0.2662843,-0.0734947,-1.239483,1.268751,-2.656013,0.206476,1.217712,0.6567762,-1.760634,0.4005255,0.1939266,0.1813697,-0.3462312,-0.7269806,-3.602872,-0.7680924,0.1915668,1.389926,0.5303931,0.1873683,-0.1293837,0.2076763,-0.7798125,0.2577984,-0.3757009,0.2787158,1.502773,0.3747211,-0.08384626,1.27744,0.6179982,289.9475,151.4419,116.0496,False
0,1.922226,0.4528148,0.278381,-0.04061398,-1.241754,1.265504,-2.659827,0.2060396,1.216765,0.6568437,-1.759234,0.1235338,0.1705356,0.1897811,-0.3301269,-0.7308854,-3.603466,-0.7687073,0.1901885,1.389139,0.5309749,0.1787962,-0.1048711,0.202481,-0.7777746,0.2584521,-0.377844,0.2768913,1.502452,0.3753176,-0.08421019,1.275756,0.6196607,289.8735,151.4209,116.1853,False
0,1.933337,0.4526963,0.274283,-0.026687,-1.243614,1.262939,-2.664094,0.2058627,1.215684,0.6571093,-1.759252,-0.002353585,0.158948,0.1843692,-0.3066423,-0.7339752,-3.604338,-0.7694815,0.1887769,1.38843,0.5314846,0.1862553,-0.06865469,0.2046475,-0.7757346,0.2601988,-0.3814198,0.275066,1.502102,0.3758821,-0.08471421,1.273973,0.6215203,289.6583,151.7156,116.1636,False
0,1.944448,0.4504442,0.2723169,-0.01176807,-1.24534,1.260327,-2.668236,0.205463,1.214574,0.6571345,-1.75907,0.01671099,0.1322784,0.1778964,-0.3193071,-0.7380317,-3.606524,-0.7684642,0.1874608,1.387548,0.5319598,0.1936852,-0.0398832,0.2025363,-0.7738869,0.2620588,-0.3851639,0.2733075,1.501746,0.3764606,-0.08534829,1.272113,0.6234708,289.3519,152.3116,115.942,False
0,1.955559,0.4289913,0.2672131,0.004127696,-1.247499,1.257967,-2.671466,0.2051302,1.213512,0.6573322,-1.759261,-0.01761272,0.1023053,0.2001745,-0.3319195,-0.7432062,-3.607682,-0.767845,0.1860988,1.386539,0.5325198,0.19148,-0.02069041,0.1940933,-0.7720754,0.263486,-0.3882633,0.2715948,1.501428,0.3770823,-0.08610171,1.270223,0.6254154,289.0018,153.0006,115.6475,False
0,1.966671,0.4022145,0.2653296,0.02206676,-1.249768,1.255691,-2.674429,0.2046513,1.212449,0.6573863,-1.759155,0.009854582,0.08517952,0.2150325,-0.3371421,-0.7480409,-3.608609,-0.7675353,0.1847547,1.385706,0.5330315,0.188233,-0.01534811,0.1877405,-0.7703529,0.2645302,-0.390996,0.2698722,1.501134,0.3776093,-0.08677772,1.268224,0.627257,288.6797,153.6438,115.3632,False
0,1.977782,0.3829539,0.2761698,0.03459087,-1.252215,1.252658,-2.677092,0.2041678,1.211341,0.6574287,-1.758159,0.09097232,0.06493449,0.2160148,-0.3381153,-0.7523824,-3.6101,-0.7665904,0.183367,1.385004,0.5335782,0.1828637,-0.0185374,0.1824535,-0.7683848,0.2649795,-0.3931262,0.2680732,1.500979,0.3781791,-0.08745681,1.266162,0.6289294,288.3857,154.2625,115.0558,False
0,1.988893,0.3571455,0.295768,0.06935723,-1.255998,1.249995,-2.679389,0.2035842,1.210216,0.6572685,-1.757838,0.02862609,0.05220243,0.2159516,-0.3274011,-0.756359,-3.610846,-0.7661645,0.1820173,1.384236,0.534055,0.1764982,-0.02280951,0.1856872,-0.7662287,0.2656405,-0.3953178,0.2663837,1.500752,0.3786871,-0.08817836,1.264133,0.6304151,288.0772,154.9281,114.6196,False
0,2.000004,0.3472998,0.2982769,0.1022706,-1.259422,1.247722,-2.682186,0.2028579,1.209323,0.6570108,-1.757887,-0.004555976,0.03420123,0.2126601,-0.3081494,-0.7598952,-3.611358,-0.7656471,0.180549,1.383456,0.5345342,0.1670062,-0.02284783,0.1985478,-0.7636135,0.2667679,-0.3976217,0.26474,1.50046,0.3792539,-0.08898419,1.262246,0.6316989,287.7891,155.5663,114.175,False
0,2.011115,0.352439,0.2814375,0.1227485,-1.262425,1.246393,-2.685977,0.2020862,1.208339,0.6567836,-1.757561,0.02999145,0.007723957,0.2029176,-0.2846076,-0.762838,-3.612132,-0.7643368,0.179164,1.38294,0.5349557,0.1500583,-0.004789487,0.2136484,-0.7610494,0.2691233,-0.4002768,0.2630876,1.500185,0.3798096,-0.08982958,1.260554,0.6328205,287.5314,156.0758,113.819,False
0,2.022226,0.3629614,0.2623923,0.1347724,-1.265344,1.244963,-2.689913,0.2013541,1.20728,0.6567352,-1.758055,-0.04532078,-0.01980557,0.1921232,-0.2578581,-0.7654244,-3.612252,-0.7630452,0.1778288,1.382294,0.5352914,0.1404653,0.0111864,0.2137647,-0.7590968,0.2713723,-0.4031403,0.2615614,1.499916,0.3803556,-0.09072176,1.25913,0.6337923,287.2216,156.3589,113.7123,False
0,2.033337,0.3586538,0.2539317,0.1380614,-1.268439,1.243213,-2.69323,0.2006617,1.20636,0.6567926,-1.758926,-0.07913174,-0.03470092,0.1984329,-0.2503367,-0.7690533,-3.612718,-0.7619435,0.1763755,1.381502,0.535583,0.1306747,0.03042168,0.1893892,-0.7582861,0.2732722,-0.405597,0.2600797,1.499579,0.3809695,-0.09164132,1.257961,0.6345775,286.9529,156.4363,113.8434,False
0,2.044448,0.3394405,0.2315932,0.1381491,-1.270608,1.242204,-2.696074,0.1997606,1.205328,0.6566145,-1.759225,-0.0266635,-0.05492724,0.2111226,-0.2374375,-0.7725947,-3.612046,-0.7611439,0.1749595,1.380785,0.5359433,0.1241394,0.04431645,0.1713657,-0.7574983,0.2753301,-0.4082471,0.2585866,1.4993,0.3815396,-0.09247554,1.256866,0.6351486,286.7948,156.1921,114.2347,False
0,2.055559,0.3191434,0.2071627,0.1403933,-1.272934,1.241384,-2.698782,0.1987837,1.204285,0.6565735,-1.758727,0.04566458,-0.06449777,0.2185138,-0.2299345,-0.7760558,-3.612003,-0.7602633,0.1734585,1.380147,0.5363762,0.1186379,0.07314323,0.149119,-0.7573242,0.2784376,-0.4117231,0.2571154,1.499108,0.3821373,-0.09322415,1.255704,0.6355987,286.7075,155.8186,114.616,False
0,2.06667,0.2956059,0.1870516,0.1489499,-1.275372,1.240898,-2.701251,0.1977732,1.203312,0.6565273,-1.758017,0.06455035,-0.08038223,0.206721,-0.2192219,-0.7789011,-3.612025,-0.7587783,0.1719631,1.379461,0.5367389,0.1091079,0.08696622,0.1566791,-0.7560858,0.2814057,-0.4148566,0.2556807,1.49886,0.382684,-0.09399822,1.254462,0.6360638,286.6017,155.5378,114.8827,False
0,2.077781,0.2859266,0.1743839,0.1564628,-1.27795,1.240031,-2.703755,0.1969189,1.202178,0.6564536,-1.757861,0.01382375,-0.09729277,0.1917309,-0.2053118,-0.7814221,-3.612116,-0.7572592,0.1705487,1.378614,0.5368071,0.08781016,0.1082596,0.159029,-0.7551409,0.2850839,-0.417757,0.2542691,1.498694,0.3831713,-0.09491161,1.253127,0.6365531,286.4703,155.4143,115.0826,False
0,2.088892,0.2752011,0.1616918,0.1618701,-1.280789,1.239572,-2.7063,0.1960148,1.200881,0.6561148,-1.757663,0.01820499,-0.117494,0.181004,-0.2041686,-0.7842887,-3.612536,-0.7549476,0.1690525,1.377739,0.5369625,0.07084848,0.1220755,0.170914,-0.753803,0.2888796,-0.4207677,0.2528832,1.498419,0.383795,-0.09599519,1.251707,0.6370609,286.2894,155.4788,115.1046,False
0,2.100003,0.2688184,0.1552809,0.1586875,-1.282921,1.238781,-2.708786,0.1950764,1.199942,0.6558704,-1.757943,-0.02569758,-0.1473362,0.2032445,-0.1912098,-0.7876357,-3.611215,-0.7533476,0.1676248,1.377071,0.5371499,0.06451529,0.142291,0.1795392,-0.7526307,0.2932657,-0.4244775,0.2514981,1.498216,0.384372,-0.09717584,1.250212,0.6375592,286.0566,155.7256,114.9369,False
0,2.111114,0.2580757,0.1383547,0.1662745,-1.285768,1.23872,-2.711351,0.1940346,1.199148,0.6557391,-1.758044,-0.008879193,-0.1506072,0.2426291,-0.1762308,-0.7915612,-3.608493,-0.7535353,0.1660638,1.376413,0.5374382,0.06026596,0.1593298,0.1828171,-0.7516373,0.297678,-0.4281633,0.2500662,1.498056,0.3850551,-0.09828181,1.248608,0.6380222,285.8109,155.9712,114.7887,False
0,2.122225,0.2526336,0.1299783,0.1791056,-1.288444,1.238654,-2.713976,0.1930413,1.198246,0.6554508,-1.758209,-0.01495388,-0.1464212,0.2628854,-0.176222,-0.7955096,-3.6065,-0.7534807,0.164672,1.375804,0.5375838,0.05282253,0.1678438,0.1850276,-0.7506157,0.3018782,-0.4315333,0.2487641,1.497919,0.3856058,-0.09932503,1.246926,0.6383991,285.5424,156.2251,114.6702,False
0,2.133336,0.2430202,0.1183023,0.180227,-1.290887,1.238427,-2.716405,0.191972,1.197485,0.6551576,-1.758208,0.0003055171,-0.1528137,0.252231,-0.1836573,-0.7988647,-3.606155,-0.7517989,0.1632394,1.375036,0.5376921,0.04537463,0.1667608,0.1872044,-0.7494642,0.3053046,-0.4341927,0.2474785,1.497724,0.3859818,-0.1004337,1.245302,0.6386966,285.2829,156.7527,114.2207,False
0,2.144447,0.2365938,0.107683,0.1824205,-1.293164,1.238524,-2.718858,0.1909883,1.196636,0.6548505,-1.758369,-0.01462244,-0.1866913,0.239272,-0.149423,-0.8007864,-3.604361,-0.7498098,0.1618671,1.374503,0.5378335,0.03683828,0.1699582,0.1851435,-0.7485475,0.3091396,-0.4371787,0.2462548,1.497601,0.386421,-0.1016295,1.243839,0.6389241,284.999,157.2351,113.771,False
0,2.155558,0.2258246,0.08865525,0.194281,-1.295944,1.239325,-2.721416,0.1900028,1.195928,0.6547549,-1.758328,0.003988911,-0.1961742,0.2402745,-0.1270043,-0.8031487,-3.602067,-0.7489557,0.1605522,1.373872,0.5380023,0.03789929,0.1806118,0.1851655,-0.7476713,0.3135927,-0.4408951,0.2450778,1.497439,0.3869212,-0.1028254,1.242525,0.6390544,284.7477,157.5149,113.5398,False
0,2.166669,0.2107528,0.06968762,0.2082516,-1.298994,1.240308,-2.723617,0.1890111,1.195171,0.6544957,-1.758344,-0.001507293,-0.1919305,0.2477444,-0.1248833,-0.806157,-3.600191,-0.7482617,0.1593591,1.373428,0.5380902,0.03680247,0.1848894,0.1798497,-0.7471243,0.3176748,-0.4443908,0.2439394,1.497503,0.3874667,-0.1039756,1.241403,0.6391094,284.5911,157.6677,113.4494,False
0,2.17778,0.2053513,0.05379316,0.2168872,-1.301458,1.241307,-2.725984,0.1880222,1.194454,0.6541638,-1.758348,-0.0003347373,-0.1802338,0.23822,-0.1356108,-0.8093645,-3.599698,-0.7470188,0.1581166,1.3732,0.5383103,0.03670198,0.178538,0.1670519,-0.7465959,0.321021,-0.4472023,0.2428848,1.497529,0.3879464,-0.1045903,1.240898,0.6391303,284.6246,157.0347,114.1974,False
0,2.188891,0.1977774,0.03048737,0.2277462,-1.30414,1.242963,-2.72854,0.1871299,1.19393,0.6538806,-1.758044,0.02791385,-0.1694584,0.1967227,-0.1410466,-0.8111648,-3.600402,-0.7449128,0.1569778,1.372872,0.5385065,0.02710378,0.1700188,0.164966,-0.7457564,0.3242536,-0.4495932,0.2418929,1.497557,0.3883905,-0.1052559,1.240574,0.6391813,284.6495,156.121,115.2283,False
0,2.200002,0.1955439,0.01461473,0.2374866,-1.306747,1.244592,-2.73109,0.1862348,1.193434,0.653327,-1.758281,-0.02186034,-0.1812591,0.1679729,-0.1804476,-0.814196,-3.602668,-0.7409859,0.1559276,1.372602,0.5385268,0.01328495,0.1550911,0.1682283,-0.7444878,0.3271528,-0.4514103,0.2409308,1.497658,0.3887405,-0.1059258,1.240287,0.6392457,284.6468,155.2783,116.2495,False
0,2.211113,0.1944576,0.01039532,0.2396633,-1.309466,1.24549,-2.733491,0.1852933,1.192887,0.6528957,-1.758428,-0.01315746,-0.189805,0.175404,-0.1803955,-0.8172362,-3.602015,-0.7390956,0.1546808,1.372314,0.5385988,0.003643855,0.1604312,0.1608555,-0.7440339,0.3307165,-0.4538431,0.2399796,1.497833,0.3891699,-0.1065636,1.240015,0.6392867,284.6574,154.5931,117.157,False
0,2.222224,0.2007592,0.007303245,0.2504003,-1.312339,1.246853,-2.736298,0.1845414,1.192477,0.6522827,-1.758527,-0.008920988,-0.1972777,0.2030477,-0.1622096,-0.8203431,-3.599792,-0.738138,0.1535953,1.372167,0.5386076,0.00151825,0.1700152,0.1619627,-0.7433814,0.3348896,-0.4568506,0.2392,1.497992,0.3894866,-0.1071176,1.239785,0.6392943,284.6846,154.1271,117.8895,False
0,2.233335,0.2028189,0.00420123,0.2579334,-1.315626,1.248108,-2.738875,0.1836337,1.192018,0.6519322,-1.758647,-0.01082322,-0.200487,0.2104932,-0.1600428,-0.8232198,-3.598553,-0.736764,0.1525386,1.37198,0.5385821,-0.0006479472,0.1668265,0.1577121,-0.7426454,0.3381872,-0.4591897,0.2384009,1.498054,0.3898988,-0.1076529,1.23957,0.6392624,284.7473,153.7946,118.5316,False
0,2.244446,0.2133927,0.01283138,0.2696446,-1.319011,1.249056,-2.741873,0.1830676,1.191648,0.6512322,-1.758992,-0.03141546,-0.2186879,0.2253507,-0.1673912,-0.8268988,-3.597432,-0.7344066,0.1516223,1.371872,0.5384858,-0.01577866,0.1647676,0.129056,-0.7431002,0.3407772,-0.4604326,0.2378768,1.498325,0.3901224,-0.1081943,1.239354,0.6392307,284.8091,153.4838,119.142,False
0,2.255557,0.221861,0.008638058,0.2761676,-1.322272,1.250365,-2.744998,0.1825446,1.19122,0.6506329,-1.758855,0.01275965,-0.2271431,0.2284963,-0.1513557,-0.8294069,-3.595603,-0.7328876,0.1507696,1.371786,0.5384026,-0.02436507,0.1573314,0.1216494,-0.7427263,0.3436176,-0.4618337,0.2372063,1.498494,0.3903744,-0.1083702,1.239381,0.6390277,285.0266,154.2175,118.6663,False
0,2.266668,0.2249874,0.007658768,0.284726,-1.325485,1.25169,-2.747915,0.1820077,1.190785,0.6499851,-1.759342,-0.04467105,-0.2399109,0.2390844,-0.139562,-0.8322389,-3.593634,-0.7311099,0.1500364,1.371771,0.538317,-0.0329702,0.1541617,0.1099806,-0.7427732,0.3461523,-0.4631224,0.2367546,1.498734,0.390547,-0.1088865,1.239304,0.6388986,285.2642,153.6386,119.5347,False
0,2.277779,0.2344324,-0.007101916,0.2998805,-1.328923,1.253718,-2.751305,0.1816113,1.190326,0.6492772,-1.759418,-0.006536137,-0.2228329,0.2338205,-0.1364533,-0.8349479,-3.592448,-0.7300241,0.1493466,1.371681,0.5381837,-0.03306606,0.1637795,0.09829155,-0.7430645,0.349469,-0.4651714,0.2363205,1.498979,0.3906617,-0.10905,1.239185,0.638806,285.3565,154.0884,119.4057,False
0,2.28889,0.2418086,-0.01233531,0.309578,-1.332212,1.255389,-2.754652,0.1811759,1.189774,0.648464,-1.759178,0.02195145,-0.2036794,0.2349622,-0.1408033,-0.8379285,-3.591392,-0.7292523,0.1487001,1.371715,0.5381446,-0.03741217,0.1691341,0.08769118,-0.7433564,0.352667,-0.4669363,0.2358291,1.49933,0.3908472,-0.1092821,1.239046,0.6388087,285.5276,153.8194,120.18,False
0,2.300001,0.2418086,-0.01233531,0.309578,-1.332212,1.255389,-2.754652,0.1811759,1.189774,0.648464,-1.759427,-0.02304693,-0.2036794,0.2349622,-0.1408033,-0.8379285,-3.591392,-0.7292523,0.1487001,1.371715,0.5381446,-0.03741217,0.1691341,0.08769118,-0.7433564,0.352667,-0.4669363,0.2358291,1.49933,0.3908472,-0.1091261,1.238821,0.6387317,285.8121,152.7651,121.508,False
0,2.311112,0.2522176,0.00827175,0.3446225,-1.340867,1.258012,-2.76119,0.180876,1.189082,0.6468549,-1.756611,0.2578005,-0.1512276,0.1297491,-0.1710236,-0.8417155,-3.594939,-0.725281,0.1477294,1.371953,0.5377948,-0.04181732,0.1372218,0.06845636,-0.7435588,0.3560969,-0.4682849,0.2352471,1.499923,0.3908374,-0.1093637,1.238745,0.6386868,285.9177,152.8975,121.7586,False
0,2.322223,0.2640086,0.03698048,0.3412138,-1.344829,1.258027,-2.764549,0.1809543,1.18875,0.6458042,-1.762223,-0.5153065,-0.1777034,0.03809083,-0.2093806,-0.8425539,-3.601209,-0.7181917,0.1474074,1.371938,0.5375082,-0.05359918,0.1329793,0.06001265,-0.7438273,0.3580008,-0.4686756,0.2349911,1.500213,0.3907881,-0.1095219,1.238734,0.6386859,285.9322,152.8839,122.0434,False
0,2.333334,0.2683333,0.04971252,0.3357902,-1.348559,1.258278,-2.7677,0.1808172,1.188524,0.6451063,-1.759833,0.22313,-0.1788972,0.06898288,-0.212524,-0.8457842,-3.601106,-0.71623,0.1469461,1.372013,0.5374296,-0.05997775,0.1436277,0.06221547,-0.744117,0.361223,-0.4701619,0.2347224,1.500515,0.3908501,-0.1095424,1.238626,0.6386672,286.0065,152.1404,123.2703,False
0,2.344445,0.2737556,0.06665692,0.3271294,-1.352068,1.258195,-2.7709,0.1810864,1.188212,0.644043,-1.759699,0.009662902,-0.1503438,0.1308705,-0.2083099,-0.8499053,-3.599144,-0.7169296,0.1466442,1.372084,0.5371828,-0.04396887,0.1521441,0.06637697,-0.7442491,0.3645622,-0.4726874,0.2346008,1.500798,0.3907211,-0.1095618,1.238531,0.6386018,286.0914,151.5201,124.3692,False
0,2.355556,0.2779963,0.07202853,0.3313891,-1.356328,1.25876,-2.77433,0.181098,1.187934,0.6431274,-1.759384,0.02878037,-0.1163135,0.1384653,-0.216974,-0.8529444,-3.599675,-0.716707,0.1463944,1.372224,0.5369148,-0.03876855,0.1351409,0.04817069,-0.7448339,0.3652318,-0.4730727,0.2345162,1.501142,0.3906028,-0.1094974,1.238435,0.6385127,286.2496,151.1327,124.9881,False
0,2.366668,0.2896582,0.09450504,0.3429613,-1.360971,1.258465,-2.77787,0.1814696,1.187642,0.6420269,-1.75942,-0.003494447,-0.111056,0.1268011,-0.240453,-0.8562425,-3.601768,-0.7142947,0.1461065,1.372305,0.5366549,-0.05928056,0.1181862,0.01206114,-0.746255,0.3651894,-0.4716149,0.2344823,1.501468,0.3903856,-0.1094076,1.238376,0.6384556,286.3727,150.6943,125.5885,False
0,2.377779,0.3056435,0.09981336,0.34304,-1.365113,1.258565,-2.781865,0.1817511,1.187322,0.6408033,-1.759472,-0.004694364,-0.108877,0.09167563,-0.2596828,-0.8585802,-3.605274,-0.7108936,0.1458657,1.372478,0.536355,-0.0753719,0.1139596,-0.003809765,-0.747333,0.3662392,-0.4709949,0.2344735,1.501814,0.3901715,-0.1092356,1.238363,0.6384104,286.5144,149.8713,126.6064,False
0,2.38889,0.3174891,0.1102996,0.3291723,-1.368588,1.258114,-2.785769,0.182093,1.187103,0.6396997,-1.759714,-0.02216308,-0.125842,0.07243039,-0.2606875,-0.8606362,-3.607684,-0.707453,0.1456645,1.372564,0.5360088,-0.06891487,0.1160755,0.003596351,-0.747748,0.3682736,-0.4721092,0.2344444,1.502206,0.3899953,-0.1092671,1.238316,0.6383507,286.5111,149.1425,127.8961,False
0,2.400001,0.3111994,0.117652,0.3183934,-1.372116,1.257741,-2.788938,0.1824547,1.186779,0.6386523,-1.760026,-0.0284301,-0.1270947,0.09803551,-0.2798136,-0.8649505,-3.608591,-0.7054083,0.1455478,1.372735,0.5355866,-0.05925246,0.1149871,0.01417787,-0.747772,0.3703437,-0.4732557,0.2344154,1.502537,0.38972,-0.1091076,1.238369,0.6387377,286.2358,147.3078,130.0763,False
0,2.411112,0.2941736,0.1240674,0.3171314,-1.376132,1.257412,-2.791502,0.1827856,1.186599,0.6374643,-1.759973,0.004978968,-0.1250303,0.1118935,-0.2851242,-0.8685623,-3.609696,-0.7035621,0.1454154,1.372956,0.5352483,-0.05284809,0.1139184,0.01518472,-0.7482433,0.3719616,-0.4741274,0.234453,1.502907,0.3894603,-0.1089235,1.23835,0.6390137,286.1067,145.6177,132.0892,False
0,2.422223,0.2899497,0.1208217,0.3118053,-1.379675,1.257382,-2.794579,0.183133,1.186517,0.6363573,-1.759123,0.07760018,-0.1058014,0.09599312,-0.2873669,-0.8714055,-3.61192,-0.7017379,0.145494,1.373411,0.5348537,-0.05414949,0.1033461,-0.01572223,-0.7496202,0.3722134,-0.4736072,0.2347946,1.503336,0.3889263,-0.108728,1.238265,0.6390813,286.1909,144.4732,133.4702,False
0,2.433334,0.2953056,0.1207928,0.3086593,-1.383455,1.257116,-2.798141,0.1834402,1.186351,0.6352806,-1.758401,0.06540053,-0.08641575,0.08004402,-0.2587141,-0.8729496,-3.613129,-0.7008455,0.1454097,1.373882,0.5345671,-0.05636923,0.1012476,-0.02743496,-0.750834,0.3730782,-0.4734874,0.2349487,1.503722,0.388628,-0.1085412,1.238213,0.6389998,286.3994,143.7425,134.4081,False
0,2.444445,0.3091105,0.1304376,0.3161238,-1.38758,1.256662,-2.801963,0.1838821,1.186457,0.634083,-1.758826,-0.0393643,-0.05933148,0.03637711,-0.198185,-0.872084,-3.61428,-0.7004934,0.1454695,1.374466,0.5341539,-0.08333693,0.05448892,-0.07316342,-0.7525901,0.3697786,-0.4691403,0.2354109,1.504135,0.3880672,-0.1085332,1.238254,0.6387798,286.4567,142.9624,135.8632,False
0,2.455556,0.3123073,0.1336556,0.3182455,-1.391592,1.256285,-2.805625,0.1842548,1.186536,0.6330445,-1.759436,-0.05536909,-0.06025464,-0.006231859,-0.2025042,-0.8729522,-3.617872,-0.6974688,0.1457046,1.374874,0.5336161,-0.1122515,0.04068686,-0.09428615,-0.7541023,0.3686115,-0.4661179,0.235818,1.504447,0.3876708,-0.1084827,1.238284,0.6387417,286.5524,142.4675,136.6408,False
0,2.466667,0.3006148,0.1336398,0.3149566,-1.395329,1.255974,-2.808539,0.1847111,1.186614,0.6318829,-1.759755,-0.02871223,-0.05916533,-0.02645278,-0.2131921,-0.8744212,-3.621291,-0.6946502,0.1458947,1.375252,0.533138,-0.1133771,0.05242479,-0.1017034,-0.7558211,0.3689995,-0.4650787,0.2362246,1.504802,0.3871899,-0.1084035,1.238364,0.6385933,286.4515,141.4232,138.1786,False
0,2.477778,0.2676572,0.1368141,0.3072225,-1.399067,1.255466,-2.810238,0.1852316,1.186734,0.6310418,-1.759537,0.02001616,-0.04534803,-0.01787083,-0.2143117,-0.876547,-3.62302,-0.6936088,0.1461706,1.375583,0.5326612,-0.08463083,0.07161297,-0.1040086,-0.757656,0.3702683,-0.4663102,0.2367946,1.505101,0.3866348,-0.108064,1.238448,0.6384569,286.1285,140.0067,139.7413,False
0,2.488889,0.249612,0.1346211,0.2985793,-1.402352,1.255103,-2.812258,0.1856669,1.186724,0.6299193,-1.75871,0.07547712,-0.03577317,-0.02740727,-0.225026,-0.8784128,-3.626064,-0.6916546,0.146451,1.376034,0.532181,-0.07294625,0.04286908,-0.1095015,-0.7586169,0.3685632,-0.4646755,0.2374309,1.505367,0.3859301,-0.1076564,1.238512,0.6383043,285.8677,138.3259,141.5842,False
0,2.5,0.2168386,0.1525073,0.271505,-1.405273,1.25349,-2.813353,0.1862477,1.18676,0.6287532,-1.757492,0.1106935,-0.04901178,-0.09468304,-0.1494246,-0.8753864,-3.628667,-0.6889656,0.1467394,1.376449,0.5315208,-0.1028768,0.005614638,-0.1242877,-0.759753,0.365666,-0.4603745,0.2381289,1.505562,0.3852162,-0.1071441,1.238603,0.6381168,285.5877,136.4261,143.5669,False
0,2.511111,0.2074869,0.1650401,0.245734,-1.407908,1.251832,-2.815293,0.1867003,1.186961,0.6276808,-1.757802,-0.02916159,-0.1006588,-0.1833591,-0.1045754,-0.8718668,-3.633624,-0.6829426,0.1469677,1.37681,0.5307593,-0.1392352,-0.002864197,-0.1432135,-0.76172,0.3638019,-0.4562163,0.2388695,1.505792,0.384588,-0.1065842,1.238683,0.6379018,285.2845,134.4252,145.6083,False
0,2.522222,0.202524,0.1538849,0.1978709,-1.408753,1.250666,-2.817175,0.1871406,1.187091,0.6266849,-1.757317,0.0449526,-0.1654142,-0.16771,-0.04351837,-0.8696979,-3.633744,-0.678636,0.1472083,1.377115,0.5299757,-0.1436694,0.02595941,-0.1644031,-0.7646138,0.3641198,-0.4547033,0.2395312,1.506013,0.3840134,-0.106042,1.23872,0.6376067,285.0803,132.5433,147.605,False
0,2.533333,0.1942584,0.1332692,0.1607392,-1.409575,1.250065,-2.818928,0.1876058,1.1871,0.6255929,-1.758271,-0.08760406,-0.1635235,-0.07079546,-0.01994701,-0.8711999,-3.630333,-0.6793319,0.1474331,1.377496,0.5292518,-0.1373509,0.07071983,-0.1728564,-0.7676189,0.3657677,-0.4547489,0.2403209,1.506267,0.383415,-0.1054634,1.2388,0.6372325,284.875,130.8114,149.3693,False
0,2.544444,0.1751643,0.12038,0.1479402,-1.410967,1.249581,-2.820154,0.1880699,1.187316,0.6247149,-1.758373,-0.008399535,-0.1286629,0.04434533,0.007753827,-0.8734433,-3.624465,-0.6829655,0.1476968,1.377867,0.5285506,-0.1405973,0.07712778,-0.1792064,-0.7701084,0.3658235,-0.4531174,0.2410933,1.506456,0.3827553,-0.104864,1.238833,0.636764,284.6953,129.4831,150.7272,False
0,2.555555,0.1602525,0.122538,0.1477999,-1.413162,1.248645,-2.821257,0.1886303,1.187551,0.6238418,-1.758244,0.01181979,-0.1105389,0.04759859,0.01406588,-0.8734503,-3.623837,-0.6828052,0.1481859,1.378294,0.5278735,-0.1662543,0.0579733,-0.189714,-0.7722336,0.3640988,-0.4488601,0.2419585,1.506764,0.3820419,-0.1042291,1.238761,0.6359806,284.4012,128.1408,152.8189,False
0,2.566666,0.1326609,0.1245754,0.1347742,-1.414617,1.247562,-2.821541,0.1892068,1.187907,0.6230261,-1.757794,0.04110739,-0.1211109,0.001770452,-0.007253006,-0.8728633,-3.626475,-0.6794866,0.1486337,1.37885,0.5273237,-0.1770322,0.04949738,-0.2066997,-0.7749756,0.3626907,-0.4455282,0.2427426,1.507036,0.3813348,-0.1036814,1.238672,0.6353453,284.4172,126.535,154.517,False
0,2.577777,0.1125419,0.1180615,0.1187036,-1.415709,1.246547,-2.821959,0.189752,1.188213,0.6222708,-1.757833,-0.003753776,-0.1104056,-0.01735257,-0.01052207,-0.8725166,-3.62738,-0.6780128,0.1491176,1.379333,0.5266423,-0.1663331,0.05480881,-0.2003783,-0.7771461,0.3625317,-0.4440017,0.2436003,1.507317,0.3805509,-0.1030268,1.238659,0.6346973,284.2679,126.2978,154.8116,False
0,2.588888,0.07016391,0.09435192,0.08666374,-1.41564,1.246325,-2.821392,0.1902511,1.188842,0.6217332,-1.757219,0.05630722,-0.07624497,-0.03534409,-0.01177339,-0.8718897,-3.628559,-0.6778477,0.1496698,1.380013,0.5260541,-0.1406957,0.04627152,-0.1920796,-0.7789176,0.3616822,-0.4428176,0.2445301,1.507515,0.379724,-0.1025144,1.238717,0.6340593,284.1975,125.7363,155.2956,False
0,2.599999,0.04256352,0.06863959,0.06860138,-1.415685,1.246438,-2.820843,0.1907422,1.189387,0.6210427,-1.75747,-0.02334516,-0.03760265,-0.07784896,0.01567546,-0.8695951,-3.629966,-0.6779503,0.1502601,1.38077,0.5254202,-0.1418343,0.0175368,-0.2028011,-0.7809176,0.3589982,-0.4393214,0.245425,1.507783,0.3788135,-0.1020517,1.238798,0.6334111,283.9964,125.9999,155.007,False
0,2.61111,0.03310697,0.05887705,0.05052599,-1.415889,1.24607,-2.820953,0.1911508,1.189963,0.6203053,-1.756631,0.07721993,-0.01263216,-0.1683409,0.04098498,-0.8654565,-3.63398,-0.6761979,0.1508414,1.381547,0.5245917,-0.1557519,-0.004812904,-0.2123444,-0.7830067,0.3563255,-0.4351176,0.2463165,1.50811,0.3779349,-0.1014276,1.238894,0.6327756,283.7946,126.7396,154.2409,False
