loc,t,aDotS,bDotS,gDotS,aS,bS,gS,qE,qDotE,tpad,enable,aDotSH,bDotSH,gDotSH,aSH,bSH,gSH,aDotUB,bDotUB,gDotUB,aUB,bUB,gUB,xHand,yHand,zHand,aHand,bHand,gHand
1,0,-0.2368998,-0.6115804,0.5062776,-1.383595,-0.7003267,-2.658149,-1.187157,-0.02363227,0,0,-0.6838391,1.125536,-0.2944825,289.6083,206.1702,2.114054
1,0.01111111,-0.2486859,-0.6000193,0.4859854,-1.384957,-0.6922317,-2.656588,-1.186939,0.02021493,0,0,-0.682844,1.125569,-0.2981004,289.5975,204.9902,2.835513
1,0.02222222,-0.2552355,-0.5693628,0.4474809,-1.385844,-0.6851461,-2.655077,-1.187046,-0.009777163,0,0,-0.6815178,1.125397,-0.3018002,289.6114,204.6611,2.514007
1,0.03333334,-0.2638547,-0.5524971,0.4197041,-1.386634,-0.6781825,-2.653179,-1.18716,-0.01018193,0,0,-0.6799237,1.125119,-0.3054431,289.6776,204.3275,2.099033
1,0.04444445,-0.2683856,-0.5037746,0.3651233,-1.386808,-0.6731629,-2.650952,-1.18759,-0.03910919,0,0,-0.6782629,1.124843,-0.3090184,289.7744,203.894,1.760305
1,0.05555556,-0.2642266,-0.4857795,0.3394602,-1.387183,-0.6670942,-2.64926,-1.187432,0.01493332,0,0,-0.6766928,1.124676,-0.312464,289.8617,203.3657,1.548846
1,0.06666667,-0.261218,-0.4486231,0.3094501,-1.387731,-0.662236,-2.647494,-1.18758,-0.01360581,0,0,-0.6753595,1.124703,-0.3156911,289.916,202.8015,1.405145
1,0.07777778,-0.278461,-0.4114979,0.2922338,-1.38855,-0.6575366,-2.644664,-1.188066,-0.0442354,0,0,-0.6744064,1.12501,-0.3186156,289.9384,202.2607,1.342118
1,0.08888889,-0.3020213,-0.3860548,0.2899894,-1.389594,-0.6527903,-2.641521,-1.188348,-0.02532412,0,0,-0.6739055,1.125627,-0.3212748,289.8899,201.8281,1.329744
1,0.1,-0.3458763,-0.3522102,0.2855459,-1.390352,-0.6486304,-2.637211,-1.187419,0.08513379,0,0,-0.673859,1.12653,-0.3236765,289.7579,201.5632,1.309823
1,0.1111111,-0.4057432,-0.3099389,0.2747153,-1.391621,-0.645229,-2.631689,-1.187126,0.02609275,0,0,-0.6741893,1.127731,-0.325913,289.6079,201.5318,1.258869
1,0.1222222,-0.4559669,-0.2803455,0.2735394,-1.393236,-0.6416594,-2.625772,-1.186255,0.0797074,0,0,-0.6746806,1.12923,-0.3280389,289.4142,201.5845,1.284426
1,0.1333333,-0.5318246,-0.2338108,0.2786751,-1.395435,-0.6389546,-2.618091,-1.185384,0.07912479,0,0,-0.675213,1.131044,-0.3302291,289.2092,201.604,1.37082
1,0.1444445,-0.616122,-0.2065355,0.276445,-1.397026,-0.6359528,-2.609582,-1.185257,0.01127446,0,0,-0.6756993,1.133235,-0.3325721,288.9777,201.6127,1.388367
1,0.1555556,-0.7141142,-0.2092354,0.2594733,-1.397842,-0.6324752,-2.599797,-1.184102,0.1058994,0,0,-0.6760574,1.135839,-0.3351205,288.6759,201.6251,1.319235
1,0.1666667,-0.8248318,-0.228038,0.2276761,-1.397781,-0.6288075,-2.588562,-1.183639,0.04175887,0,0,-0.6763389,1.138934,-0.3380293,288.3493,201.6358,1.185282
1,0.1777778,-0.9355012,-0.254251,0.2044502,-1.397654,-0.6248602,-2.576469,-1.18288,0.0696938,0,0,-0.6764805,1.142565,-0.3412684,287.9171,201.3008,1.336664
1,0.1888889,-1.004666,-0.272768,0.1896661,-1.397177,-0.6209043,-2.564148,-1.182036,0.07713152,0,0,-0.6765168,1.146706,-0.3448801,287.3395,200.4921,1.845112
1,0.2,-1.102569,-0.2999303,0.1717123,-1.395977,-0.6171668,-2.549935,-1.181844,0.01745357,0,0,-0.6765283,1.151351,-0.3488437,286.6771,199.2927,2.606211
1,0.2111111,-1.187743,-0.3121216,0.1590357,-1.394972,-0.6131278,-2.5351,-1.182422,-0.05231886,0,0,-0.6765164,1.156468,-0.3530129,285.9194,197.897,3.522586
1,0.2222222,-1.232498,-0.3134266,0.1526625,-1.394181,-0.6094441,-2.520804,-1.181456,0.08941849,0,0,-0.6764727,1.161977,-0.3572466,285.084,196.2584,4.700685
1,0.2333333,-1.293242,-0.3105965,0.1377671,-1.393067,-0.6060263,-2.505318,-1.181522,-0.006229361,0,0,-0.6764784,1.167848,-0.36156,284.2618,194.3447,6.179252
1,0.2444444,-1.334758,-0.318307,0.1239763,-1.391678,-0.6025349,-2.49028,-1.18298,-0.1326082,0,0,-0.6765491,1.17406,-0.3659133,283.4061,192.193,7.920014
1,0.2555556,-1.367678,-0.338801,0.1081421,-1.389693,-0.5984565,-2.475116,-1.182756,0.02223848,0,0,-0.6766311,1.180507,-0.3701465,282.473,189.7503,9.974947
1,0.2666667,-1.389941,-0.3624104,0.09869483,-1.387509,-0.5940969,-2.459928,-1.183836,-0.09862934,0,0,-0.6768335,1.187158,-0.3743934,281.61,187.0992,12.27732
1,0.2777778,-1.396234,-0.3848783,0.08496907,-1.385002,-0.5899194,-2.445065,-1.184343,-0.04501508,0,0,-0.6770924,1.19397,-0.378582,280.7795,183.9045,15.18635
1,0.2888889,-1.393926,-0.4243943,0.06279248,-1.381364,-0.5853229,-2.430483,-1.18484,-0.04472094,0,0,-0.6773294,1.200824,-0.382729,279.942,180.0887,18.78638
1,0.3,-1.384292,-0.4361048,0.05110407,-1.378157,-0.5814757,-2.416113,-1.185702,-0.07816606,0,0,-0.6774501,1.207663,-0.3868657,279.1816,175.6939,22.97169
1,0.3111111,-1.351227,-0.4455863,0.04047957,-1.374786,-0.5774106,-2.40277,-1.186358,-0.05907919,0,0,-0.6774052,1.214374,-0.3909539,278.4924,170.2515,28.13111
1,0.3222222,-1.322451,-0.4507141,0.04365602,-1.371793,-0.5735,-2.389472,-1.187047,-0.06226978,0,0,-0.677251,1.220893,-0.3950976,277.9483,163.8311,34.19807
1,0.3333333,-1.274454,-0.4621755,0.04901353,-1.368561,-0.5689492,-2.377655,-1.188272,-0.1114653,0,0,-0.6770158,1.227161,-0.3992298,277.5433,157.0099,40.60985
1,0.3444445,-1.227568,-0.4640751,0.0500665,-1.365415,-0.5647206,-2.36622,-1.188543,-0.02383263,0,0,-0.6767334,1.233138,-0.4032845,277.2867,150.2099,46.96811
1,0.3555556,-1.183904,-0.462905,0.03402022,-1.361414,-0.5610945,-2.35489,-1.189882,-0.1222992,0,0,-0.6764535,1.238839,-0.4072308,277.1553,143.9006,52.85322
1,0.3666667,-1.131757,-0.4531195,0.02329037,-1.358012,-0.5576845,-2.344419,-1.190338,-0.04080619,0,0,-0.6761411,1.244229,-0.4110344,277.1057,137.6964,58.70519
1,0.3777778,-1.092374,-0.4444277,0.02110597,-1.354797,-0.5541532,-2.334172,-1.190394,-0.004913927,0,0,-0.6757873,1.249276,-0.4146839,277.1468,131.6845,64.4052
1,0.3888889,-1.023272,-0.4153586,0.01559749,-1.35207,-0.5514672,-2.325371,-1.191052,-0.06039117,0,0,-0.675388,1.253951,-0.4181552,277.3014,126.0793,69.70819
1,0.4,-0.9786314,-0.3970342,0.00999245,-1.348186,-0.5494911,-2.316133,-1.191035,0.001869405,0,0,-0.6750189,1.258299,-0.4215134,277.4952,121.3203,74.14445
1,0.4111111,-0.8936614,-0.344454,0.004367024,-1.346379,-0.5480237,-2.308996,-1.192306,-0.1164806,-0.2029146,0,-0.6747051,1.262372,-0.4247849,277.6948,117.4606,77.69836
1,0.4222222,-0.8522745,-0.3186659,0.0009985268,-1.344241,-0.5463858,-2.300356,-1.191765,0.05014246,-0.1944033,0,-0.6744677,1.266181,-0.4279238,277.9245,114.0309,80.85643
1,0.4333333,-0.7927943,-0.2821936,-0.005599827,-1.342518,-0.5451635,-2.293591,-1.193439,-0.153909,-0.1948563,0,-0.6743435,1.269776,-0.4309315,278.2083,111.2772,83.37177
1,0.4444444,-0.7375122,-0.2553106,-0.01442841,-1.339664,-0.5447592,-2.287386,-1.19161,0.168277,-0.1952247,0,-0.6743422,1.273118,-0.4336546,278.4312,108.4098,85.99702
1,0.4555556,-0.7109751,-0.2360612,-0.0251856,-1.337714,-0.5438489,-2.280488,-1.192879,-0.117964,-0.196009,0,-0.6745605,1.276309,-0.4362741,278.6066,106.1913,88.03339
1,0.4666667,-0.6631622,-0.207133,-0.03703435,-1.336334,-0.5431485,-2.27468,-1.193293,-0.03696641,-0.1960453,0,-0.6749315,1.279356,-0.4387175,278.7914,104.3063,89.8317
1,0.4777778,-0.6269568,-0.202721,-0.03815296,-1.334138,-0.542031,-2.268948,-1.19199,0.1188675,-0.1960875,0,-0.675458,1.282295,-0.4410396,279.031,102.8035,91.30373
1,0.4888889,-0.5769397,-0.1918408,-0.04035616,-1.33243,-0.5412465,-2.264155,-1.192503,-0.04823855,-0.1954067,0,-0.6760899,1.285112,-0.4432095,279.2373,101.1201,92.9398
1,0.5,-0.540812,-0.1863044,-0.0404499,-1.330385,-0.5410009,-2.258134,-1.192104,0.03663872,-0.1932598,0,-0.676806,1.28779,-0.4452268,279.3916,99.1627,94.88459
1,0.5111111,-0.4599227,-0.1698955,-0.03097034,-1.329266,-0.5401242,-2.255535,-1.192608,-0.04670019,-0.1909483,0,-0.6774234,1.290274,-0.4471157,279.5322,97.51589,96.66386
1,0.5222223,-0.4226876,-0.1569181,-0.02466285,-1.327977,-0.5392065,-2.25206,-1.19114,0.1342766,-0.1877036,0,-0.6777806,1.292461,-0.4487111,279.7009,96.07489,98.20536
1,0.5333334,-0.3663341,-0.1342904,-0.02692331,-1.327094,-0.5389631,-2.249682,-1.193797,-0.2443981,-0.1839108,0,-0.6778097,1.294367,-0.4499973,279.8695,95.09368,99.21873
1,0.5444446,-0.3142447,-0.1074184,-0.02493991,-1.326499,-0.5386424,-2.247779,-1.192709,0.101231,-0.1811045,0,-0.6776717,1.296041,-0.4512578,280.051,93.7234,100.4916
1,0.5555557,-0.2728146,-0.0827147,-0.02400943,-1.326201,-0.5387229,-2.245943,-1.193254,-0.05122966,-0.1795006,0,-0.6775774,1.297559,-0.4528322,280.218,92.58793,101.4564
1,0.5666668,-0.1803811,-0.02794946,-0.02537236,-1.326989,-0.5398079,-2.246268,-1.193235,0.001900478,-0.1768151,0,-0.6775278,1.298782,-0.4544527,280.4089,91.45869,102.3803
1,0.577778,-0.1528484,0.008386791,-0.02769082,-1.327536,-0.5407287,-2.244996,-1.19283,0.03651378,-0.1742922,0,-0.6776454,1.299669,-0.4561508,280.5539,90.53883,103.107
1,0.5888891,-0.09775594,0.07259284,-0.02269879,-1.329576,-0.5425546,-2.24506,-1.194599,-0.1624798,-0.1720491,0,-0.6779064,1.300165,-0.4576698,280.6288,90.16707,103.333
1,0.6000003,-0.05851063,0.1089788,-0.02502675,-1.330905,-0.5441414,-2.245069,-1.192552,0.1880957,-0.169703,0,-0.678412,1.300211,-0.4590099,280.6538,89.65187,103.7939
1,0.6111114,-0.01937191,0.1666546,-0.03278115,-1.333215,-0.546788,-2.245526,-1.193275,-0.06820818,-0.1671311,0,-0.67922,1.299947,-0.4603277,280.5426,90.15205,103.3235
1,0.6222225,0.008293808,0.1763703,-0.0328589,-1.334361,-0.548502,-2.246064,-1.192733,0.04982575,-0.1657764,0,-0.6802773,1.299451,-0.4614068,280.3614,91.14359,102.4063
1,0.6333337,0.0391106,0.1936356,-0.01803979,-1.336577,-0.5500424,-2.247082,-1.192829,-0.009621267,-0.1624147,0,-0.6815579,1.29885,-0.4623524,280.1552,92.32166,101.4151
1,0.6444448,0.04552576,0.1915563,-0.01376562,-1.338137,-0.5512775,-2.247629,-1.192208,0.05655269,-0.1581778,1,-0.6830299,1.298262,-0.4631825,279.9303,93.47551,100.5185
1,0.655556,0.03064773,0.1840334,-0.01265838,-1.339504,-0.5525319,-2.24725,-1.192219,-0.001711301,-0.1539065,1,-0.6846361,1.297827,-0.4641583,279.7056,94.57155,99.76537
1,0.6666671,-0.03094975,0.1431873,-0.02628465,-1.339437,-0.5533303,-2.244906,-1.191446,0.07066736,-0.1500871,1,-0.6862106,1.297534,-0.4651894,279.489,95.18822,99.46383
1,0.6777782,-0.0702306,0.1152407,-0.03787293,-1.339159,-0.5544291,-2.242981,-1.190206,0.1126085,-0.1470207,1,-0.687674,1.297371,-0.466371,279.3151,95.38535,99.538
1,0.6888894,-0.1318996,0.08930569,-0.05264065,-1.338707,-0.5553991,-2.239516,-1.187784,0.2202347,-0.1445173,1,-0.6889973,1.297424,-0.467812,279.2023,95.75806,99.36842
1,0.7000005,-0.1990657,0.09962092,-0.05799469,-1.339533,-0.5570523,-2.235224,-1.187669,0.008208239,-0.1424293,1,-0.6902293,1.297841,-0.469791,279.1906,96.11768,99.16148
1,0.7111117,-0.2694576,0.1174472,-0.04740711,-1.340794,-0.5584105,-2.229999,-1.185453,0.2019045,-0.1413428,1,-0.6912085,1.298522,-0.4719556,279.2539,96.18455,99.13866
1,0.7222228,-0.3379453,0.1747292,-0.03384893,-1.343236,-0.5609661,-2.223469,-1.183433,0.181729,-0.1394189,1,-0.6919643,1.299482,-0.4741905,279.3357,95.995,99.26318
1,0.7333339,-0.3848159,0.1745372,-0.02744155,-1.344749,-0.5623137,-2.217593,-1.180608,0.2552091,-0.1377638,0,-0.6925943,1.30071,-0.476441,279.3873,95.16077,99.98014
1,0.7444451,-0.4286213,0.2031837,-0.01158839,-1.347508,-0.5639814,-2.211434,-1.177083,0.3180469,-0.136483,0,-0.6931289,1.302198,-0.478493,279.3929,94.41317,100.5794
1,0.7555562,-0.4916805,0.2454218,-0.0266919,-1.350079,-0.5668464,-2.20376,-1.174268,0.2520617,-0.135901,0,-0.6936368,1.303938,-0.4801797,279.3983,93.38157,101.5061
1,0.7666674,-0.5685349,0.2801915,-0.03003842,-1.353068,-0.5696076,-2.195076,-1.170182,0.3682493,0,0,-0.6942927,1.305938,-0.4817893,279.4593,91.5075,103.3684
1,0.7777785,-0.6037081,0.2938994,-0.02697057,-1.355062,-0.5727101,-2.187622,-1.164067,0.5520244,0,0,-0.6952138,1.308093,-0.4834864,279.517,89.00638,105.9119
1,0.7888896,-0.6142277,0.2661775,-0.02150565,-1.356807,-0.5740476,-2.180183,-1.157208,0.6178182,0,0,-0.6964503,1.310252,-0.4852328,279.5775,86.67584,108.3268
1,0.8000008,-0.6205047,0.2405334,-0.03202112,-1.3581,-0.575474,-2.173013,-1.151924,0.4731313,0,0,-0.6979811,1.312383,-0.4869642,279.507,85.60355,109.5137
1,0.8111119,-0.6438429,0.2190597,-0.04362844,-1.359211,-0.5772594,-2.164745,-1.144433,0.6755028,0,0,-0.6995949,1.314427,-0.4882545,279.4042,85.67341,109.6378
1,0.8222231,-0.6597577,0.2061702,-0.05207135,-1.360697,-0.5789946,-2.156736,-1.13663,0.7017234,0,0,-0.7013733,1.316363,-0.4896384,279.4006,84.37875,111.2771
1,0.8333342,-0.6735649,0.1901349,-0.05626057,-1.361892,-0.5809569,-2.148001,-1.126923,0.875222,0,0,-0.7032543,1.31799,-0.4912486,279.4357,82.51903,113.4604
1,0.8444453,-0.6735079,0.1773292,-0.0604575,-1.362884,-0.5824925,-2.14016,-1.117753,0.8242662,0,0,-0.7051933,1.319254,-0.4932128,279.3978,81.52831,114.734
1,0.8555565,-0.7001177,0.175083,-0.06257629,-1.364235,-0.5843316,-2.131449,-1.107293,0.9424519,0,0,-0.7070904,1.320069,-0.4953655,279.2629,81.62372,114.8031
1,0.8666676,-0.6989844,0.1612864,-0.05292138,-1.36527,-0.5853665,-2.123461,-1.097675,0.8640473,0,0,-0.7088269,1.320488,-0.4974142,279.0294,83.09583,113.4365
1,0.8777788,-0.6925824,0.1602389,-0.05610977,-1.366481,-0.5869,-2.1158,-1.086127,1.04098,0,0,-0.710568,1.320709,-0.4997325,278.8209,84.52021,112.1425
1,0.8888899,-0.6733406,0.1453478,-0.06989117,-1.366931,-0.5885735,-2.108503,-1.07536,0.9677756,0,0,-0.7123049,1.320826,-0.5022594,278.5721,86.27071,110.4827
1,0.900001,-0.6669163,0.1443226,-0.06994599,-1.367487,-0.5906082,-2.101203,-1.064293,0.9957091,0,0,-0.7139535,1.320871,-0.5048027,278.3238,88.37482,108.4173
1,0.9111122,-0.6637463,0.1496484,-0.07316853,-1.368571,-0.5923227,-2.093577,-1.052881,1.026822,0,0,-0.7155313,1.320891,-0.5072164,278.123,90.61662,106.1663
1,0.9222233,-0.6606441,0.1720484,-0.07115538,-1.370339,-0.5942519,-2.086007,-1.040901,1.078393,0,0,-0.7170978,1.320905,-0.5094305,277.9708,93.02652,103.7237
1,0.9333345,-0.6574826,0.1795359,-0.06799656,-1.371916,-0.5959478,-2.078443,-1.028263,1.138066,0,0,-0.7187155,1.320984,-0.5113167,277.8232,95.59736,101.1358
1,0.9444456,-0.6458746,0.2040691,-0.07132044,-1.374015,-0.5981705,-2.071234,-1.015962,1.106699,0,0,-0.7205064,1.321163,-0.5131054,277.6524,97.00752,99.8419
1,0.9555568,-0.6204136,0.2233889,-0.07144207,-1.376328,-0.6006291,-2.064222,-1.003517,1.120177,0,0,-0.7224559,1.321406,-0.5148276,277.438,97.89584,99.15581
1,0.9666679,-0.590497,0.2054972,-0.05538177,-1.37782,-0.6016448,-2.05831,-0.9915439,1.0769,0,0,-0.7245675,1.321674,-0.5166847,277.2254,98.33892,99.02045
1,0.977779,-0.5734083,0.1980971,-0.06388481,-1.379219,-0.6035852,-2.052074,-0.9794606,1.087448,0,0,-0.726786,1.321854,-0.5187535,277.0095,98.58806,99.09598
1,0.9888902,-0.5584294,0.1843185,-0.06382057,-1.380384,-0.6050201,-2.046001,-0.9680015,1.030356,0,0,-0.7288964,1.321783,-0.5206805,276.7619,99.94873,97.97546
1,1.000001,-0.5402089,0.1620549,-0.05626286,-1.381074,-0.60594,-2.040385,-0.9557393,1.104377,0,0,-0.7308145,1.321453,-0.5224457,276.5222,102.5823,95.54214
1,1.011112,-0.5252588,0.154694,-0.0509035,-1.382241,-0.6070052,-2.034773,-0.9437487,1.078959,0,0,-0.7326282,1.320975,-0.5242103,276.327,106.1411,92.1414
1,1.022224,-0.5071218,0.1537487,-0.04449721,-1.383822,-0.6079991,-2.029672,-0.9322789,1.03183,0,0,-0.7343045,1.320385,-0.5259185,276.1667,109.943,88.47526
1,1.033335,-0.4943268,0.1517144,-0.03703272,-1.385188,-0.6089115,-2.024357,-0.920732,1.039387,0,0,-0.7357887,1.319704,-0.5275214,276.0408,113.7185,84.82069
1,1.044446,-0.4719071,0.1444009,-0.03167685,-1.386473,-0.6098,-2.019717,-0.9098269,0.9808118,0,0,-0.7371802,1.319006,-0.5291632,275.924,117.2063,81.40903
1,1.055557,-0.4559527,0.1487208,-0.03595378,-1.387939,-0.6110437,-2.014766,-0.8984978,1.020279,0,0,-0.7385572,1.318318,-0.5309036,275.803,120.5353,78.12249
1,1.066668,-0.4378473,0.1498813,-0.03383283,-1.389348,-0.6120663,-2.010214,-0.8882484,0.9213329,0,0,-0.7398721,1.317645,-0.5326363,275.7091,124.3483,74.37263
1,1.077779,-0.4357643,0.1595064,-0.03069178,-1.391124,-0.6133302,-2.00505,-0.8774578,0.9719401,0,0,-0.7410948,1.316987,-0.5342973,275.6574,128.193,70.60378
1,1.08889,-0.4326282,0.1723045,-0.03075539,-1.393042,-0.6146267,-2.000089,-0.8674246,0.9023533,0,0,-0.7421963,1.316347,-0.535759,275.6368,132.032,66.81551
1,1.100002,-0.430512,0.1756119,-0.01159025,-1.395215,-0.6150661,-1.995173,-0.8567799,0.959033,0,0,-0.7432717,1.315757,-0.5371289,275.6061,135.27,63.64266
1,1.111113,-0.420967,0.1842319,-0.005254459,-1.397506,-0.6160946,-1.990446,-0.8470477,0.8752374,0,0,-0.7443714,1.315255,-0.5385116,275.5583,138.5219,60.49076
1,1.122224,-0.4102936,0.1800362,-0.002040099,-1.399245,-0.6167929,-1.986046,-0.8373149,0.8762456,0,0,-0.7455095,1.314861,-0.5399075,275.5165,141.8482,57.25757
1,1.133335,-0.4006392,0.1651685,-0.001990605,-1.400407,-0.6176584,-1.981613,-0.8281494,0.824394,0,0,-0.7466213,1.314585,-0.5412781,275.4879,145.4677,53.71924
1,1.144446,-0.3952438,0.1502637,-0.005114354,-1.40152,-0.6183066,-1.977267,-0.8191926,0.8059224,0,0,-0.7477003,1.314429,-0.542527,275.4903,148.6903,50.5388
1,1.155557,-0.3993896,0.1321302,-0.005010813,-1.402496,-0.6185282,-1.973127,-0.8101288,0.8159042,0,0,-0.7487113,1.314348,-0.5436015,275.5226,151.4595,47.81035
1,1.166668,-0.4024901,0.1119012,0.0004155263,-1.403191,-0.6186598,-1.968536,-0.8012387,0.8000609,0,0,-0.7496521,1.314347,-0.5443894,275.6073,153.946,45.34702
1,1.17778,-0.4077075,0.08845501,0.004792586,-1.403579,-0.6186507,-1.963864,-0.7925684,0.7801711,0,0,-0.750779,1.314443,-0.5454374,275.5614,155.0592,44.40331
1,1.188891,-0.4055018,0.07250152,0.008066226,-1.403986,-0.6186283,-1.959422,-0.7834136,0.8246806,0,0,-0.7520803,1.314512,-0.5469491,275.4517,155.8584,43.82665
1,1.200002,-0.3969639,0.06934173,0.005940635,-1.404616,-0.6191338,-1.955146,-0.7746768,0.7861817,0,0,-0.7532496,1.314417,-0.5485433,275.4618,157.7724,42.06344
1,1.211113,-0.3820217,0.06405013,0.001718063,-1.405165,-0.6191972,-1.951319,-0.7664312,0.7417051,0,0,-0.7541698,1.314158,-0.5500804,275.5958,160.3162,39.59298
1,1.222224,-0.3766851,0.0619496,0.002792567,-1.405771,-0.6193852,-1.947239,-0.7583548,0.7266423,0,0,-0.7548244,1.313793,-0.5514832,275.8041,163.102,36.79964
1,1.233335,-0.375654,0.0672914,0.00277504,-1.406859,-0.6196195,-1.942856,-0.7504921,0.707292,0,0,-0.7552282,1.313388,-0.5526165,276.0544,165.7831,34.02628
1,1.244446,-0.3767036,0.06411132,0.007051889,-1.407518,-0.6196771,-1.938633,-0.7421175,0.7543042,0,0,-0.7555615,1.313032,-0.5535915,276.275,167.8937,31.80116
1,1.255558,-0.3787701,0.05023731,0.00392383,-1.407701,-0.6198007,-1.934345,-0.7337174,0.7562865,0,0,-0.7559883,1.312778,-0.5545932,276.4493,169.7159,29.89356
1,1.266669,-0.3872885,0.04910635,-0.001395576,-1.408125,-0.6201128,-1.929727,-0.7258392,0.7086476,0,0,-0.7565296,1.312668,-0.5555153,276.616,171.6153,27.92736
1,1.27778,-0.3883717,0.0512215,-0.005658705,-1.408884,-0.6204521,-1.925233,-0.7178811,0.7163734,0,0,-0.7572361,1.312706,-0.5565215,276.7208,173.0443,26.56915
1,1.288891,-0.4203734,0.06275236,-0.01317712,-1.409423,-0.6212772,-1.919873,-0.7096983,0.7368211,0,0,-0.7580236,1.312835,-0.5575716,276.8056,174.0732,25.65951
1,1.300002,-0.4065053,0.05854551,-0.01529003,-1.409848,-0.6216862,-1.915614,-0.7018798,0.7033129,0,0,-0.7588332,1.313015,-0.5586079,276.8909,175.114,24.69933
1,1.311113,-0.4075538,0.0543342,-0.007802054,-1.410649,-0.6217549,-1.911025,-0.6931984,0.7824747,0,0,-0.7595834,1.313214,-0.5594521,277.0165,176.484,23.34193
1,1.322224,-0.4043174,0.04584764,-0.003500324,-1.410966,-0.621798,-1.906607,-0.6862279,0.6254057,0,0,-0.760253,1.313503,-0.560021,277.2126,177.9748,21.88248
1,1.333336,-0.4085076,0.02772743,-0.00235432,-1.410883,-0.6218076,-1.901736,-0.6780083,0.7409473,0,0,-0.760989,1.313871,-0.5606262,277.2736,178.77,21.19633
1,1.344447,-0.4127091,0.01492947,-0.00122612,-1.410738,-0.6217245,-1.897052,-0.6701408,0.7076567,0,0,-0.7617493,1.314235,-0.5613199,277.2667,179.6196,20.48312
1,1.355558,-0.4105093,0.002156034,-0.002263404,-1.410324,-0.6220409,-1.89262,-0.6616927,0.7610551,0,0,-0.7625083,1.314512,-0.5621623,277.2653,180.0859,20.12314
1,1.366669,-0.4072489,-0.01167247,-0.001131542,-1.409857,-0.621871,-1.888231,-0.653805,0.7093389,0,0,-0.7632573,1.314631,-0.5631294,277.3278,180.5119,19.73454
1,1.37778,-0.4029849,-0.01165128,-0.001125015,-1.409832,-0.6217757,-1.88393,-0.6461191,0.691404,0,0,-0.7638856,1.314621,-0.564048,277.5572,181.5499,18.69529
1,1.388891,-0.3923561,-0.006254755,0.00310827,-1.409947,-0.6216207,-1.879908,-0.6380764,0.724095,0,0,-0.7644042,1.314571,-0.5648254,277.8839,182.5608,17.65109
1,1.400002,-0.3849512,0.001259655,0.00627324,-1.410332,-0.6215647,-1.875581,-0.6301444,0.7137151,0,0,-0.764869,1.314495,-0.5655593,278.106,183.2734,16.96076
1,1.411114,-0.3807592,0.02045555,0.00617991,-1.411053,-0.6217075,-1.871739,-0.6224313,0.693889,0,0,-0.765303,1.314378,-0.5663179,278.245,184.0271,16.24661
1,1.422225,-0.3818835,0.03324419,0.008248463,-1.411784,-0.621814,-1.867472,-0.614224,0.7392569,0,0,-0.7656189,1.314187,-0.5669561,278.4005,184.894,15.38317
1,1.433336,-0.3829706,0.04173855,0.003917903,-1.412174,-0.6223989,-1.863334,-0.6068007,0.667186,0,0,-0.7658681,1.313949,-0.5675256,278.5687,185.869,14.4289
1,1.444447,-0.3818717,0.03425558,-0.002437785,-1.412312,-0.6226412,-1.859081,-0.598555,0.7430643,0,0,-0.7662851,1.313688,-0.5684574,278.6886,186.7815,13.57374
1,1.455558,-0.3722006,0.01614973,-0.009801097,-1.411986,-0.6227003,-1.855202,-0.5908771,0.6904148,0,0,-0.7666515,1.313387,-0.5692966,278.9432,187.8159,12.47167
1,1.466669,-0.3657441,0.002341196,-0.007604618,-1.411659,-0.6226231,-1.8513,-0.5829654,0.7124477,0,0,-0.7669587,1.313138,-0.5698227,279.2862,188.6277,11.54251
1,1.47778,-0.3528509,-0.01786788,-0.01180752,-1.410618,-0.6230034,-1.847872,-0.5755879,0.6633886,0,0,-0.7674139,1.312976,-0.5703173,279.4909,189.0247,11.12691
1,1.488891,-0.3474557,-0.03277749,-0.01599751,-1.409795,-0.6230779,-1.84415,-0.5679591,0.6868964,0,0,-0.7680451,1.31284,-0.57087,279.5848,189.2939,10.92159
1,1.500003,-0.3323975,-0.06465318,-0.01692513,-1.408446,-0.6231062,-1.840764,-0.560948,0.6301801,0,0,-0.7687116,1.312699,-0.571372,279.7448,189.8052,10.51878
1,1.511114,-0.3227698,-0.0699188,-0.01369497,-1.407664,-0.6228228,-1.837644,-0.5532169,0.6966664,0,0,-0.7693709,1.312555,-0.5717871,279.971,190.1129,10.30718
1,1.522225,-0.3035494,-0.07939146,-0.008325238,-1.406572,-0.6224819,-1.834847,-0.5461861,0.6320817,0,0,-0.7700223,1.312387,-0.5721626,280.1569,190.2971,10.21754
1,1.533336,-0.2747898,-0.07714958,-0.01263244,-1.405541,-0.6229405,-1.832526,-0.5392768,0.6217251,0,0,-0.7706637,1.312152,-0.5725675,280.2935,190.4346,10.18983
1,1.544447,-0.2599157,-0.06857377,-0.01587181,-1.40497,-0.623062,-1.830016,-0.5326482,0.5963365,0,0,-0.7712137,1.311825,-0.5730114,280.4509,190.8054,9.944091
1,1.555558,-0.2429505,-0.04506294,-0.01704661,-1.405116,-0.6231797,-1.828133,-0.5265192,0.5509584,0,0,-0.7715545,1.311375,-0.5733581,280.6546,191.0913,9.735523
1,1.566669,-0.2334717,-0.02158766,-0.0182266,-1.405444,-0.6235472,-1.825748,-0.5197931,0.6060832,0,0,-0.7717246,1.310797,-0.5736002,280.8792,191.2754,9.560048
1,1.577781,-0.2282518,-0.0002654344,-0.02260171,-1.405955,-0.6242269,-1.823053,-0.5140732,0.5137597,0,0,-0.7719341,1.31013,-0.5739745,281.0848,191.5987,9.214389
1,1.588892,-0.2272165,0.00611566,-0.02582858,-1.406102,-0.6246567,-1.82048,-0.5075937,0.5842367,0,0,-0.7723102,1.309357,-0.5746531,281.2439,192.1195,8.679879
1,1.600003,-0.2239918,0.003935382,-0.04077186,-1.405676,-0.6259637,-1.818115,-0.5014285,0.5549528,0,0,-0.7726583,1.308505,-0.5752172,281.5233,192.8,7.920264
1,1.611114,-0.2197016,-0.002462246,-0.04606797,-1.405327,-0.6265491,-1.815692,-0.4958545,0.5013408,0,0,-0.7730046,1.307695,-0.5755359,281.8819,193.4564,7.171311
1,1.622225,-0.2143427,-0.006734557,-0.0535043,-1.404951,-0.6272122,-1.813513,-0.49077,0.4571582,0,0,-0.773409,1.307037,-0.5756524,282.249,193.976,6.614484
1,1.633336,-0.1994269,-0.009879611,-0.0545616,-1.404413,-0.6278093,-1.811384,-0.4853371,0.4894135,0,0,-0.7738937,1.306622,-0.57547,282.5654,194.2353,6.357799
1,1.644447,-0.1866193,-0.01517248,-0.05986379,-1.403954,-0.628538,-1.809504,-0.4804492,0.4394682,0,0,-0.7746559,1.30643,-0.5754231,282.6552,194.4523,6.32138
1,1.655559,-0.1812821,-0.01516428,-0.06093224,-1.40347,-0.6291531,-1.807652,-0.4755761,0.4386734,0,0,-0.7756615,1.306348,-0.5757034,282.6151,194.7176,6.329466
1,1.66667,-0.1781011,-0.01195368,-0.06094801,-1.40325,-0.6298216,-1.805674,-0.471078,0.4044987,0,0,-0.7765574,1.306299,-0.5759259,282.6548,194.983,6.277003
1,1.677781,-0.1706293,-0.01406727,-0.06417288,-1.40265,-0.6310365,-1.803798,-0.4664963,0.4125366,0,0,-0.7773373,1.306236,-0.5761424,282.7056,195.1435,6.27949
1,1.688892,-0.1695351,-0.02050011,-0.07372981,-1.402048,-0.6320102,-1.80177,-0.4619221,0.4118307,0,0,-0.7780132,1.306096,-0.5764625,282.7505,195.3004,6.255445
1,1.700003,-0.1609955,-0.02262302,-0.08223248,-1.40167,-0.6329449,-1.800167,-0.4577968,0.3709315,0,0,-0.7784668,1.305887,-0.5766344,282.9017,195.467,6.088388
1,1.711114,-0.1492734,-0.02157667,-0.09606484,-1.401212,-0.6339048,-1.798767,-0.4534751,0.3893715,0,0,-0.7787519,1.305655,-0.5765467,283.1085,195.4914,5.988371
1,1.722225,-0.142902,-0.01731673,-0.1024777,-1.400834,-0.6351953,-1.797147,-0.4498777,0.3230483,0,0,-0.7791517,1.305446,-0.5765392,283.265,195.5141,5.950887
1,1.733337,-0.1396968,-0.01627119,-0.1078075,-1.400299,-0.6363608,-1.795643,-0.4462723,0.3244464,0,0,-0.7798436,1.305231,-0.5768903,283.3121,195.5885,5.957197
1,1.744448,-0.1322155,-0.02159376,-0.1141742,-1.399613,-0.6376838,-1.79412,-0.4424001,0.3488842,0,0,-0.7807364,1.304948,-0.5775151,283.3609,195.7254,5.91968
1,1.755559,-0.123629,-0.03011866,-0.1205691,-1.398312,-0.639556,-1.79299,-0.4388937,0.3153552,0,0,-0.7816059,1.304608,-0.5780258,283.4955,195.9262,5.795019
1,1.76667,-0.1097259,-0.04177237,-0.120514,-1.397262,-0.6406969,-1.791986,-0.4354843,0.3069045,0,0,-0.7824855,1.304231,-0.578528,283.6627,196.1207,5.704145
1,1.777781,-0.1012182,-0.04170926,-0.1183939,-1.396718,-0.6420413,-1.790609,-0.4327003,0.2498605,0,0,-0.7831801,1.303886,-0.5786548,283.919,196.2639,5.602637
1,1.788892,-0.09593254,-0.03099261,-0.1099243,-1.396439,-0.6430261,-1.789583,-0.4296259,0.2769828,0,0,-0.7837547,1.303643,-0.5784239,284.1638,196.2396,5.675344
1,1.800003,-0.09807536,-0.02672736,-0.1078372,-1.395917,-0.6444381,-1.788273,-0.4263183,0.2982063,0,0,-0.7843836,1.303493,-0.5781028,284.2706,196.2221,5.799169
1,1.811115,-0.1055635,-0.01717478,-0.1068117,-1.395676,-0.6454821,-1.7869,-0.4237515,0.2303679,0,0,-0.7851579,1.303405,-0.5779267,284.2958,196.4356,5.759521
1,1.822226,-0.1109114,-0.01189065,-0.111104,-1.395414,-0.6469063,-1.785284,-0.4208668,0.2600833,0,0,-0.7860044,1.303381,-0.5778986,284.3687,196.7272,5.62971
1,1.833337,-0.1193914,-0.01726362,-0.1121348,-1.394774,-0.6479519,-1.783833,-0.4180913,0.2498663,0,0,-0.7868118,1.303431,-0.5778462,284.4805,196.8933,5.575556
1,1.844448,-0.1215219,-0.0172582,-0.1089388,-1.394338,-0.6490464,-1.782237,-0.415336,0.2481409,0,0,-0.7876995,1.303542,-0.5779977,284.5134,196.9816,5.615555
1,1.855559,-0.1226142,-0.01510176,-0.1025379,-1.394137,-0.6497522,-1.780522,-0.4128938,0.2195431,0,0,-0.7886682,1.303663,-0.5783592,284.5001,197.019,5.678368
1,1.86667,-0.1215582,-0.01290992,-0.09083012,-1.39392,-0.6504249,-1.779093,-0.4102669,0.2366531,0,0,-0.7895316,1.303788,-0.5786602,284.547,197.0332,5.73314
1,1.877781,-0.1151598,-0.009625629,-0.07592893,-1.393611,-0.6507743,-1.778254,-0.4075883,0.2412642,0,0,-0.7902768,1.303905,-0.5788934,284.577,197.0645,5.793427
1,1.888893,-0.1055527,-0.01164769,-0.06418458,-1.393497,-0.6509708,-1.777421,-0.4054077,0.1957369,0,0,-0.7908938,1.303978,-0.5791367,284.5758,197.178,5.797271
1,1.900004,-0.09704499,-0.008391835,-0.05993953,-1.393387,-0.6515269,-1.776468,-0.4035536,0.166297,0,0,-0.7913468,1.304018,-0.5793732,284.626,197.3378,5.729858
1,1.911115,-0.08955117,-0.0136264,-0.04604626,-1.393007,-0.6513027,-1.775835,-0.4011946,0.2127062,0,0,-0.7916581,1.304002,-0.579706,284.6585,197.3925,5.763074
1,1.922226,-0.07459682,-0.02202811,-0.03535384,-1.392515,-0.6513027,-1.775424,-0.3987972,0.2158414,0,0,-0.7918494,1.303867,-0.5801336,284.6659,197.3774,5.774724
1,1.933337,-0.05536701,-0.03252611,-0.02252725,-1.391963,-0.6512436,-1.775334,-0.396745,0.18443,0,0,-0.7919689,1.303632,-0.5806128,284.7306,197.4025,5.693624
1,1.944448,-0.03400617,-0.04409385,-0.01181985,-1.391226,-0.6509565,-1.775553,-0.3949335,0.1627621,0,0,-0.7920626,1.303292,-0.5812161,284.8205,197.3916,5.671167
1,1.955559,-0.02543327,-0.05466325,-0.003238194,-1.390488,-0.6505091,-1.775536,-0.3933372,0.1434263,0,0,-0.7920399,1.302867,-0.5816999,284.9507,197.2787,5.679982
1,1.966671,-0.006215576,-0.06200446,0.002128647,-1.389698,-0.650092,-1.776135,-0.3918623,0.1325874,0,0,-0.7920101,1.302372,-0.5820813,285.0818,197.1608,5.672403
1,1.977782,-0.0009134654,-0.05662262,0.008494297,-1.389266,-0.6497368,-1.776332,-0.390046,0.1640092,0,0,-0.7919426,1.301829,-0.5822583,285.229,197.0887,5.656843
1,1.988893,0.005418735,-0.04381475,0.007367023,-1.389161,-0.6496686,-1.776582,-0.3892561,0.07002746,0,0,-0.7918829,1.301277,-0.5822886,285.3866,197.1175,5.618576
1,2.000004,0.01803042,-0.007558724,0.00506716,-1.389901,-0.6497644,-1.777037,-0.3877451,0.136989,0,0,-0.7918935,1.300725,-0.5823777,285.504,197.1799,5.637025
1,2.011115,0.02436393,0.003108926,0.0007458017,-1.390181,-0.6500883,-1.777258,-0.3868236,0.08251734,0,0,-0.7919452,1.30019,-0.5825205,285.6159,197.2967,5.568003
1,2.022226,0.03498178,0.01059491,-0.003552107,-1.390505,-0.6503029,-1.777903,-0.3862905,0.04772218,0,0,-0.7919862,1.299701,-0.5826403,285.7097,197.4897,5.387426
1,2.033337,0.04032556,0.00847315,-0.005668408,-1.390377,-0.6503104,-1.778586,-0.3855384,0.06809045,0,0,-0.7918917,1.299282,-0.5825151,285.8116,197.7555,5.067428
1,2.044448,0.04784165,-0.004300985,-0.01093424,-1.389917,-0.6504995,-1.779301,-0.3855165,0.00128944,0,0,-0.7917673,1.299002,-0.5821507,285.9343,197.899,4.835706
1,2.055559,0.05538024,-0.02236924,-0.01403314,-1.389503,-0.6505037,-1.78006,-0.3853269,0.01734121,0,0,-0.7918596,1.298834,-0.5819495,285.9441,197.9984,4.787298
1,2.06667,0.06397695,-0.0383036,-0.01289205,-1.388637,-0.6504233,-1.78101,-0.3853216,0.0004143118,0,0,-0.7921374,1.29873,-0.5819888,285.9045,198.0042,4.90186
1,2.077781,0.06826906,-0.04677122,-0.00858896,-1.388184,-0.6502934,-1.781709,-0.3854462,-0.01121956,0,0,-0.7923421,1.298768,-0.5816851,285.7007,197.9133,5.014681
